R121 final merge-integration verification
worktree=/home/jc/dev/lyntty/worktrees/session-sync-reliability
branch=fix/session-sync-reliability
head=6ba0d592f2cd5ab9886a024bb3ec336a40667265

$ bun install --frozen-lockfile
PASS — lockfile unchanged

$ bun pm untrusted
Found 0 untrusted dependencies with scripts.

$ bun run ci:fast
$ bun run test:repo-hardening && bun run ci:audit && bun run ci:wire && bun run ci:cli && bun run ci:relay && bun run ci:app && bun run ci:dev && git diff --check
$ bun test scripts/workflow-hardening.test.mjs scripts/evidence-redaction.test.mjs scripts/relay-oci-sbom.test.ts scripts/release-agent-rules.test.mjs scripts/agent-guidance.test.mjs scripts/docs-currentness.test.mjs scripts/public-project-surface.test.mjs scripts/docs-site-contract.test.mjs scripts/maintenance-baseline.test.mjs scripts/ci-changed-paths.test.ts
bun test v1.3.14 (0d9b296a)

scripts/public-project-surface.test.mjs:
(pass) security policy URL checks require an exact Markdown link target [0.93ms]
(pass) security policy provides one private, redaction-safe reporting path [0.98ms]
(pass) contributing guides expose the supported repository workflow [0.71ms]
(pass) public security and contribution contracts stay in repository hardening ownership [0.39ms]
(pass) issue forms route security reports without pretending private reporting is enabled [1.08ms]

scripts/docs-site-contract.test.mjs:
(pass) site manifest publishes current user tasks before historical and agent records [0.96ms]
(pass) locale params publish one page-level counterpart per route [0.13ms]
(pass) site output rejects lexical, encoded, and symlink traversal [1.05ms]
(pass) published Markdown H1 extraction preserves the exact body boundary [0.28ms]
(pass) raw Markdown links retain the configured Pages base path [0.05ms]
(pass) docs build owns a global 404 and validates the complete static export [0.30ms]
(pass) language switch preserves every paired route [0.07ms]
(pass) getting-started guides cover one safe owner-operated path [0.36ms]
(pass) Stable bootstrap pins one complete first-install transaction [0.55ms]
(pass) FAQ answers product, trust, and support questions without broadening claims [0.31ms]
(pass) README visual is labeled as isolated non-release evidence [0.39ms]
(pass) troubleshooting guides use symptoms and preserve remediation boundaries [0.35ms]
(pass) published release and architecture summaries preserve platform and ownership facts [0.23ms]

scripts/evidence-redaction.test.mjs:
(pass) tracked evidence contains no complete Lyntty pairing URL or auth public-key bytes [61.23ms]
(pass) binary content and deceptive suffixes cannot bypass auth-material scanning [0.10ms]
(pass) auth and pairing screenshots must be removed or explicitly redacted before commit [14.17ms]
(pass) public screenshots require an explicit reviewed digest [14.18ms]

scripts/ci-changed-paths.test.ts:
(pass) docs-only CI change classifier > allows only explicit current guides and documentation assets [0.32ms]
(pass) docs-only CI change classifier > short-circuits only non-empty pull-request A/M guide changes [0.18ms]
(pass) docs-only CI change classifier > fails open for code, trust, deletion, rename, and malformed records [0.14ms]
(pass) docs-only CI change classifier > fails open when PR identity or Git diff cannot be trusted [0.67ms]
(pass) docs-only CI change classifier > parses NUL-delimited Git name-status records without path ambiguity [0.16ms]
(pass) workflow executes only the classifier stored in the PR base commit [1818.91ms]
(pass) all twelve required contexts materialize before step-level short-circuiting [2.05ms]

scripts/docs-currentness.test.mjs:
(pass) current context points only to present normative sources [0.31ms]
(pass) redundant imported copies and an unowned screenshot are removed with disposition evidence [0.29ms]
(pass) entry points separate current docs from historical migration records [0.37ms]
(pass) current PRD uses current product surfaces, topology, and package map [0.49ms]
(pass) accepted architecture and delivery plan declare their current implementation status [0.36ms]

scripts/agent-guidance.test.mjs:
(pass) root guide defines instruction hierarchy and evidence authority [0.67ms]
(pass) root guide has a Lyntty-specific product decision filter [0.26ms]
(pass) runtime topology distinguishes the node bridge from operator control [0.20ms]
(pass) Android package guidance distinguishes development, Preview, and production [0.14ms]
(pass) verification guidance distinguishes development checks from claim gates [0.72ms]
(pass) GitHub operations are live-read, language-aware, and authority-bound [0.72ms]
(pass) documentation guide matches the repository bilingual policy [0.16ms]

scripts/relay-oci-sbom.test.ts:
(pass) Relay multiarch OCI SBOM preparation > selects each exact platform manifest and restores the nested index [4.94ms]
(pass) Relay multiarch OCI SBOM preparation > assembles a deterministic SPDX index that hash-binds both platform documents [3.84ms]
(pass) Relay multiarch OCI SBOM preparation > rejects nested-index and platform blobs that no longer match their descriptors [0.97ms]
(pass) Relay multiarch OCI SBOM preparation > rejects extra image platforms and symlinked layout parents [1.02ms]

scripts/workflow-hardening.test.mjs:
(pass) repository keeps the current launcher icon and rejects obsolete neon branding [6954.79ms]
(pass) relay deploy resolves only a signed stable BOM to an immutable image [0.79ms]
(pass) Relay env normalization preserves one supported secret assignment and rejects ambiguity [861.01ms]
(pass) Relay legacy image layout migration binds the running bytes to one prior digest [9259.99ms]
(pass) Relay pre-schema rollback supplies the legacy master-secret alias without exposing it [1172.44ms]
(pass) relay image verification never publishes from an ordinary main push [0.14ms]
(pass) Android component workflow verifies a candidate but cannot publish [0.10ms]
(pass) Expo Dev APK workflow produces only Metro-bound development artifacts [0.23ms]
(pass) Preview APK candidate builds audited dual-ABI bytes without publishing [0.20ms]
(pass) Preview APK promotion publishes only exact tested candidate bytes [0.93ms]
(pass) Preview waiver authorization is explicit and mutually exclusive [54.93ms]
(pass) Preview draft recovery delegates tag creation to exact Release publication [79.83ms]
(pass) Preview Draft target accepts only the reviewed prior or current protected main [96.16ms]
(pass) Preview waiver release body is generated byte-for-byte with a leading warning [32.67ms]
(pass) Preview release body extraction preserves exact trailing bytes [0.23ms]
(pass) candidate builds once under channel isolation and never publishes [0.80ms]
(pass) candidate predecessor paths remain portable between workflow runners [179.63ms]
(pass) promotion publishes exact candidate bytes with protected stable/preview separation [0.47ms]
(pass) Stable physical acceptance is optional and exact when supplied [69.36ms]
(pass) Stable validation audit records optional physical acceptance deterministically [0.31ms]
(pass) stable rollback creates a higher signed BOM and reuses retained bytes [0.15ms]
(pass) exact Release publication is centralized behind one Release-ID transaction [0.14ms]
(pass) native signing producer uses current native runners and immutable exact staging [0.10ms]
(pass) native signature verification pins platform identities and attests exact archives [0.14ms]
(pass) dependency audit pins patched transitive releases [11.19ms]
(pass) required PR hygiene verifies lifecycle trust and release contracts [0.07ms]
(pass) required PR hygiene builds the complete docs site and watches every root source [0.25ms]
(pass) supported CLI artifacts run on every release architecture in PR CI [0.09ms]
(pass) isolated development lifecycle runs on Linux and macOS CI [0.03ms]
(pass) CODEOWNERS covers release trust inputs and its own policy [0.13ms]
(pass) Android Gradle binds stable, preview, and development to distinct identities [0.07ms]
(pass) Maestro reliability flows cannot bypass guarded orchestration [0.07ms]

scripts/maintenance-baseline.test.mjs:
(pass) Dependabot keeps root Bun, docs Bun, and Actions updates bounded [0.58ms]
(pass) CodeQL is a pinned non-required JavaScript and TypeScript baseline [0.50ms]
(pass) independent docs dependencies are audited with a static-export-only Sharp workaround [4.11ms]
(pass) maintenance policy routes owner review without promising approval or auto-merge [1.08ms]

scripts/release-agent-rules.test.mjs:
(pass) release guidance has one canonical cross-agent source [0.82ms]
(pass) gitignore exposes only the shared release guidance [126.09ms]
(pass) release-flow separates channels, authority, and immutable state [1.56ms]
(pass) release-notes is explicit-only and fail-closed [0.67ms]

 85 pass
 0 fail
 32 expect() calls
Ran 85 tests across 10 files. [21.38s]
$ bun audit
bun audit v1.3.14 (0d9b296a)
No vulnerabilities found
$ bun run --filter lyntty-wire build && bun run --filter lyntty-wire test
lyntty-wire build: Exited with code 0
lyntty-wire test: $ bunx tsc --noEmit
lyntty-wire test: bun test v1.3.14 (0d9b296a)
lyntty-wire test:
lyntty-wire test: src/wireCompatibility.test.ts:
lyntty-wire test: (pass) Wire compatibility negotiation > negotiates the current offer with the legacy one-minor window [2.37ms]
lyntty-wire test: (pass) Wire compatibility negotiation > allows a one-minor rolling upgrade in either direction [0.11ms]
lyntty-wire test: (pass) Wire compatibility negotiation > rejects major mismatch and a two-minor skew [0.14ms]
lyntty-wire test: (pass) Wire compatibility negotiation > fails closed for malformed offers and missing required capabilities [0.65ms]
lyntty-wire test:
lyntty-wire test: src/compatibilityBom.test.ts:
lyntty-wire test: (pass) Compatibility BOM > marks the deterministic fixture identity as non-publishable [0.11ms]
lyntty-wire test: (pass) Compatibility BOM > rejects public-key reuse across Stable and Preview roots [1.04ms]
lyntty-wire test: (pass) Compatibility BOM > canonicalizes, signs, verifies, and selects immutable artifacts [10.00ms]
lyntty-wire test: (pass) Compatibility BOM > accepts optional native signing evidence without requiring it for Stable [0.65ms]
lyntty-wire test: (pass) Compatibility BOM > binds unique supplementary multiarch supply-chain evidence [0.65ms]
lyntty-wire test: (pass) Compatibility BOM > rejects tampering, channel confusion, replay, and a mismatched signer policy [3.77ms]
lyntty-wire test: (pass) Compatibility BOM > keeps preview package, signer, image, and key isolated from stable [2.12ms]
lyntty-wire test: (pass) Compatibility BOM > validates every retained rolling-upgrade combination and predecessor digest [6.15ms]
lyntty-wire test: (pass) Compatibility BOM > rejects component SemVer combinations outside declared support [0.55ms]
lyntty-wire test:
lyntty-wire test: src/boundedJsonFetch.test.ts:
lyntty-wire test: (pass) bounded release metadata fetch > parses a chunked JSON body below the actual-byte limit [1.59ms]
lyntty-wire test: (pass) bounded release metadata fetch > enforces exact canonical file bytes when a trust format supplies them [1.12ms]
lyntty-wire test: (pass) bounded release metadata fetch > aborts chunked and declared oversized bodies before JSON parsing [0.31ms]
lyntty-wire test: (pass) bounded release metadata fetch > aborts a stalled request at the configured deadline [10.16ms]
lyntty-wire test:
lyntty-wire test: src/messages.test.ts:
lyntty-wire test: (pass) shared wire message schemas > parses a new-message update [0.66ms]
lyntty-wire test: (pass) shared wire message schemas > parses update-session with nullable agentState value [0.41ms]
lyntty-wire test: (pass) shared wire message schemas > parses update-machine with optional activity fields [0.33ms]
lyntty-wire test: (pass) shared wire message schemas > parses container updates for all shared update variants [0.42ms]
lyntty-wire test: (pass) shared wire message schemas > parses legacy decrypted user message payload [0.54ms]
lyntty-wire test: (pass) shared wire message schemas > parses legacy decrypted agent message payload [0.27ms]
lyntty-wire test: (pass) shared wire message schemas > parses legacy message discriminated union [0.05ms]
lyntty-wire test: (pass) shared wire message schemas > parses modern session protocol wrapper payload [0.52ms]
lyntty-wire test: (pass) shared wire message schemas > parses top-level message discriminated union for legacy and modern roles [0.05ms]
lyntty-wire test:
lyntty-wire test: src/sessionProtocol.test.ts:
lyntty-wire test: (pass) session protocol schemas > accepts all supported event types [2.87ms]
lyntty-wire test: (pass) session protocol schemas > rejects malformed events [0.39ms]
lyntty-wire test: (pass) session protocol schemas > validates envelopes that include turn/subagent [0.26ms]
lyntty-wire test: (pass) session protocol schemas > rejects session role envelopes for text events [0.07ms]
lyntty-wire test: (pass) session protocol schemas > rejects service from non-agent role [0.04ms]
lyntty-wire test: (pass) session protocol schemas > rejects start from non-agent role [0.13ms]
lyntty-wire test: (pass) session protocol schemas > rejects non-cuid subagent values [0.08ms]
lyntty-wire test: (pass) createEnvelope > creates id by default [0.14ms]
lyntty-wire test: (pass) createEnvelope > respects explicit options [0.10ms]
lyntty-wire test: (pass) createEnvelope > validates role/event compatibility [0.13ms]
lyntty-wire test:
lyntty-wire test:  36 pass
lyntty-wire test:  0 fail
lyntty-wire test:  82 expect() calls
lyntty-wire test: Ran 36 tests across 5 files. [120.00ms]
lyntty-wire test: Exited with code 0
$ bun run --filter lyntty-cli typecheck && bun run --filter lyntty-cli build && bun run --filter lyntty-cli test
lyntty-cli typecheck: Exited with code 0
lyntty-cli build: Warning (package.json#bin.lyntty): Ignoring file outside of dist directories
lyntty-cli build: Generated an empty chunk: "index".
lyntty-cli build: Generated an empty chunk: "index".
lyntty-cli build: Exited with code 0
lyntty-cli test: bun test v1.3.14 (0d9b296a)
lyntty-cli test:
lyntty-cli test: src/persistence.test.ts:
lyntty-cli test: (pass) SandboxConfigSchema > applies defaults when values are omitted [2.04ms]
lyntty-cli test: (pass) SandboxConfigSchema > accepts a fully custom valid sandbox config [0.18ms]
lyntty-cli test: (pass) SandboxConfigSchema > rejects invalid enum values [0.38ms]
lyntty-cli test: (pass) SandboxConfigSchema > rejects invalid field types [0.17ms]
lyntty-cli test:
lyntty-cli test: src/persistence.permissions.test.ts:
lyntty-cli test: (pass) secret persistence permissions > restricts the Lyntty state directory to the current user [0.05ms]
lyntty-cli test: (pass) secret persistence permissions > writes credentials with owner-only permissions [1.53ms]
lyntty-cli test: (pass) secret persistence permissions > persists the pre-hardening Pi command boundary with owner-only permissions [12.55ms]
lyntty-cli test: (pass) secret persistence permissions > persists Pi history append checkpoints with owner-only permissions [2.92ms]
lyntty-cli test: (pass) secret persistence permissions > durably records Pi command outcomes with owner-only permissions [5.60ms]
lyntty-cli test: (pass) secret persistence permissions > writes the session encryption ledger with owner-only permissions [0.20ms]
lyntty-cli test:
lyntty-cli test: src/parsers/specialCommands.test.ts:
lyntty-cli test: (pass) parseCompact > should parse /compact command with argument [0.04ms]
lyntty-cli test: (pass) parseCompact > should parse /compact command without argument
lyntty-cli test: (pass) parseCompact > should not parse regular messages
lyntty-cli test: (pass) parseCompact > should not parse messages that contain compact but do not start with /compact
lyntty-cli test: (pass) parseClear > should parse /clear command exactly [0.01ms]
lyntty-cli test: (pass) parseClear > should parse /clear command with whitespace
lyntty-cli test: (pass) parseClear > should not parse /clear with arguments
lyntty-cli test: (pass) parseClear > should not parse regular messages
lyntty-cli test: (pass) parseSpecialCommand > should detect compact command [0.02ms]
lyntty-cli test: (pass) parseSpecialCommand > should detect clear command [0.02ms]
lyntty-cli test: (pass) parseSpecialCommand > should return null for regular messages [0.01ms]
lyntty-cli test: (pass) parseSpecialCommand > should handle edge cases correctly [0.03ms]
lyntty-cli test:
lyntty-cli test: src/sessionProtocol/types.test.ts:
lyntty-cli test: (pass) session protocol schemas > accepts all supported event types [3.88ms]
lyntty-cli test: (pass) session protocol schemas > rejects malformed events [0.44ms]
lyntty-cli test: (pass) session protocol schemas > validates envelopes that include turn/subagent [0.61ms]
lyntty-cli test: (pass) session protocol schemas > rejects session role envelopes for text events [0.08ms]
lyntty-cli test: (pass) session protocol schemas > rejects service from non-agent role [0.05ms]
lyntty-cli test: (pass) session protocol schemas > rejects start from non-agent role [0.17ms]
lyntty-cli test: (pass) session protocol schemas > rejects non-cuid subagent values [0.13ms]
lyntty-cli test: (pass) createEnvelope > creates id by default [0.15ms]
lyntty-cli test: (pass) createEnvelope > respects explicit options [0.12ms]
lyntty-cli test:
lyntty-cli test: src/api/encryption.test.ts:
lyntty-cli test: (pass) decryptBlob > decrypts a blob encrypted with NaCl secretbox [1.68ms]
lyntty-cli test: (pass) decryptBlob > returns null for wrong key [0.18ms]
lyntty-cli test: (pass) decryptBlob > returns null for truncated bundle [0.03ms]
lyntty-cli test: (pass) decryptBlob > round-trips binary data of various sizes [7.35ms]
lyntty-cli test:
lyntty-cli test: src/api/types.test.ts:
lyntty-cli test: (pass) MachineMetadataSchema > advertises Pi session discovery separately from executable availability [0.86ms]
lyntty-cli test: (pass) MachineMetadataSchema > keeps metadata from older daemons readable [0.03ms]
lyntty-cli test:
lyntty-cli test: src/api/api.test.ts:
lyntty-cli test: (pass) Api server error handling > getOrCreateSession > should return null when Lyntty relay is unreachable (ECONNREFUSED) [2.37ms]
lyntty-cli test: (pass) Api server error handling > getOrCreateSession > should return null when Lyntty relay cannot be found (ENOTFOUND) [0.11ms]
lyntty-cli test: (pass) Api server error handling > getOrCreateSession > should return null when Lyntty relay times out (ETIMEDOUT) [0.08ms]
lyntty-cli test: (pass) Api server error handling > getOrCreateSession > should return null when session endpoint returns 404 [0.09ms]
lyntty-cli test: (pass) Api server error handling > getOrCreateSession > should return null when server returns 500 Internal Server Error [0.22ms]
lyntty-cli test: (pass) Api server error handling > getOrCreateSession > should return null when server returns 503 Service Unavailable [0.09ms]
lyntty-cli test: (pass) Api server error handling > getOrCreateSession > should re-throw non-connection errors [0.09ms]
lyntty-cli test: (pass) Api server error handling > getOrCreateMachine > should return minimal machine object when server is unreachable (ECONNREFUSED) [0.41ms]
lyntty-cli test: (pass) Api server error handling > getOrCreateMachine > should return minimal machine object when server endpoint returns 404 [0.11ms]
lyntty-cli test: (pass) Api server error handling > getOrCreateMachine > throws an actionable re-authentication error when machine registration returns 401 [0.05ms]
lyntty-cli test:
lyntty-cli test: src/api/apiMachine.test.ts:
lyntty-cli test: (pass) ApiMachineClient socket reconnection > does not register session shell/file handlers on machine RPC [0.20ms]
lyntty-cli test: (pass) ApiMachineClient socket reconnection > registers narrow worktree RPC handlers on machine RPC [1.70ms]
lyntty-cli test: (pass) ApiMachineClient socket reconnection > redacts sensitive spawn RPC parameters from logs [0.34ms]
lyntty-cli test: (pass) ApiMachineClient socket reconnection > retries after initial socket connection error [0.32ms]
lyntty-cli test:
lyntty-cli test: src/api/wireAuth.test.ts:
lyntty-cli test: (pass) CLI Socket.IO Wire identity > adds one canonical current offer to every scoped auth shape [1.82ms]
lyntty-cli test:
lyntty-cli test: src/api/pushNotifications.test.ts:
lyntty-cli test: (pass) getSessionNotificationTitle > maps done notifications to a ready title [1.73ms]
lyntty-cli test: (pass) getSessionNotificationTitle > maps permission notifications to a permission title [0.06ms]
lyntty-cli test: (pass) getSessionNotificationTitle > maps question notifications to a clarification title
lyntty-cli test: (pass) getSessionNotificationBody > uses the session summary when available [0.09ms]
lyntty-cli test: (pass) getSessionNotificationBody > falls back to the last path segment [0.20ms]
lyntty-cli test: (pass) getSessionNotificationBody > falls back to a generic label when metadata is missing [0.01ms]
lyntty-cli test: (pass) getSessionNotificationCopy > returns the fixed title and session title body [0.03ms]
lyntty-cli test:
lyntty-cli test: src/api/apiDataKey.test.ts:
lyntty-cli test: (pass) deriveSessionDataKey > derives stable per-tag data keys for tag-idempotent sessions [0.46ms]
lyntty-cli test:
lyntty-cli test: src/api/apiSession.test.ts:
lyntty-cli test: (pass) ApiSessionClient v3 messages API migration > registers core socket handlers and connects [0.40ms]
lyntty-cli test: (pass) ApiSessionClient v3 messages API migration > bounds every metadata commit and releases the metadata lock for history retry [3.08ms]
lyntty-cli test: (pass) ApiSessionClient v3 messages API migration > releases a queued history commit after a prior metadata ACK is lost [1.62ms]
lyntty-cli test: (pass) ApiSessionClient v3 messages API migration > retries after initial socket connection error [0.25ms]
lyntty-cli test: (pass) ApiSessionClient v3 messages API migration > flushes long outbox batches in enqueue order [0.72ms]
lyntty-cli test: (pass) ApiSessionClient v3 messages API migration > uploads a local mobile image attachment [1.55ms]
lyntty-cli test: (pass) ApiSessionClient v3 messages API migration > sends session protocol messages through enqueueMessage with session envelope [0.84ms]
lyntty-cli test: (pass) ApiSessionClient v3 messages API migration > sends only modern payload for user session envelopes [0.30ms]
lyntty-cli test: (pass) ApiSessionClient v3 messages API migration > sends modern session envelope for user text [0.24ms]
lyntty-cli test: (pass) ApiSessionClient v3 messages API migration > sends session events through enqueueMessage [0.27ms]
lyntty-cli test: (pass) ApiSessionClient v3 messages API migration > replays unacked user commands from after_seq=0 after daemon client reconstruction [0.83ms]
lyntty-cli test: (pass) ApiSessionClient v3 messages API migration > skips only the fixed construction snapshot and still routes commands arriving during initialization [0.32ms]
lyntty-cli test: (pass) ApiSessionClient v3 messages API migration > fails relay history inventory on endpoint rejection [0.38ms]
lyntty-cli test: (pass) ApiSessionClient v3 messages API migration > bounds relay history inventory when the endpoint never settles [6.81ms]
lyntty-cli test: (pass) ApiSessionClient v3 messages API migration > keeps initial replay at seq0 even when an outbox POST advances the known server seq first [0.13ms]
lyntty-cli test: (pass) ApiSessionClient v3 messages API migration > fetchMessages uses incremental cursor and paginates while hasMore is true [0.25ms]
lyntty-cli test: (pass) ApiSessionClient v3 messages API migration > fetchMessages stops pagination when hasMore is true but seq cursor does not advance [0.10ms]
lyntty-cli test: (pass) ApiSessionClient v3 messages API migration > routes non-user fetched messages through EventEmitter message event [1.00ms]
lyntty-cli test: (pass) ApiSessionClient v3 messages API migration > preserves pre-binding file/text order for attachment ownership [0.45ms]
lyntty-cli test: (pass) ApiSessionClient v3 messages API migration > routes file events without logging sensitive names or refs [0.31ms]
lyntty-cli test: (pass) ApiSessionClient v3 messages API migration > applies file event socket updates directly without logging sensitive names or refs [0.33ms]
lyntty-cli test: (pass) ApiSessionClient v3 messages API migration > applies consecutive new-message updates directly (fast path) [0.12ms]
lyntty-cli test: (pass) ApiSessionClient v3 messages API migration > invalidates receive sync and fetches on seq gap [0.17ms]
lyntty-cli test: (pass) ApiSessionClient v3 messages API migration > applies first live new-message update directly when lastSeq is 0 [0.19ms]
lyntty-cli test: (pass) ApiSessionClient v3 messages API migration > invalidates receive sync for duplicate and stale seq values [5.41ms]
lyntty-cli test: (pass) ApiSessionClient v3 messages API migration > updates lastSeq after successful outbox flush and never moves it backward [6.83ms]
lyntty-cli test: (pass) ApiSessionClient v3 messages API migration > keeps unconfirmed outbox messages when the relay response omits acknowledgements [0.31ms]
lyntty-cli test: (pass) ApiSessionClient v3 messages API migration > triggers receive catch-up fetch on socket reconnect [0.21ms]
lyntty-cli test: (pass) ApiSessionClient v3 messages API migration > keeps session-protocol local ids stable across client reconstruction [0.26ms]
lyntty-cli test: (pass) ApiSessionClient v3 messages API migration > reuses one encrypted outbox item when the same logical envelope is queued twice [0.18ms]
lyntty-cli test: (pass) ApiSessionClient v3 messages API migration > reuses ciphertext after a response-loss retry in the same process [0.38ms]
lyntty-cli test: (pass) ApiSessionClient v3 messages API migration > reconciles a persisted 50-message prefix after restart and sends the remaining suffix [3.17ms]
lyntty-cli test: (pass) ApiSessionClient v3 messages API migration > reconciles randomized ciphertext after the relay persisted the same logical envelope [0.26ms]
lyntty-cli test: (pass) ApiSessionClient v3 messages API migration > quarantines a true localId conflict and still sends later messages [0.44ms]
lyntty-cli test: (pass) ApiSessionClient v3 messages API migration > distinguishes matching and divergent canonical envelopes during restart inventory [0.21ms]
lyntty-cli test: (pass) ApiSessionClient v3 messages API migration > binds canonical envelope status to its deterministic Relay localId [0.20ms]
lyntty-cli test: (pass) ApiSessionClient v3 messages API migration > never reconnects after close triggers a disconnect event [0.13ms]
lyntty-cli test: (pass) ApiSessionClient v3 messages API migration > stops send and receive sync loops on close [21.68ms]
lyntty-cli test:
lyntty-cli test: src/ui/qrcode.test.ts:
lyntty-cli test: ================================================================================
lyntty-cli test: 📱 To authenticate, scan this QR code with your mobile device:
lyntty-cli test: ================================================================================
lyntty-cli test:           ▄▄▄▄▄▄▄▄▄▄▄▄▄▄▄▄▄▄▄▄▄▄▄
lyntty-cli test:           █ ▄▄▄▄▄ █▀▄█▀▄█ ▄▄▄▄▄ █
lyntty-cli test:           █ █   █ █▀▄█▀██ █   █ █
lyntty-cli test:           █ █▄▄▄█ █▀▀ ▄ █ █▄▄▄█ █
lyntty-cli test:           █▄▄▄▄▄▄▄█▄█ ▀ █▄▄▄▄▄▄▄█
lyntty-cli test:           █ ▄▄▄ ▀▄ ▄▄▀█  ▀ ▀▄▀▄▀█
lyntty-cli test:           █▀ ▀█▄ ▄▄▄▀▀▄█ ▄▄▀  ▄██
lyntty-cli test:           █▄█▄█▄▄▄▄ ▀▄▄▀ ▄▀ ▀██ █
lyntty-cli test:           █ ▄▄▄▄▄ █▄  █ ▀█ ▀▀▀▄██
lyntty-cli test:           █ █   █ █  █ ▄▀▄▄ ▀▀▄▄█
lyntty-cli test:           █ █▄▄▄█ █ ▄▀ ▄ █▄█▀ ███
lyntty-cli test:           █▄▄▄▄▄▄▄█▄▄▄█▄▄▄▄▄▄█▄██
lyntty-cli test:
lyntty-cli test: ================================================================================
lyntty-cli test: (pass) QR Code Utility > should render a small QR code without throwing [2.58ms]
lyntty-cli test:
lyntty-cli test: src/ui/auth.test.ts:
lyntty-cli test: (pass) formatAuthRequestFailure > prints actionable relay-start guidance for refused local relay connections [2.26ms]
lyntty-cli test: (pass) formatAuthRequestFailure > prints route mismatch guidance for incompatible relay URLs [0.03ms]
lyntty-cli test:
lyntty-cli test: src/ui/doctor.test.ts:
lyntty-cli test: (pass) redactDaemonStateForDisplay > never exposes the Pi extension control token [2.12ms]
lyntty-cli test:
lyntty-cli test: src/commands/update.test.ts:
lyntty-cli test: (pass) update check arguments > defaults to stable and accepts explicit preview discovery inputs [0.13ms]
lyntty-cli test: (pass) update check arguments > rejects unknown channels and arguments [0.05ms]
lyntty-cli test: (pass) update apply arguments > requires a trusted manifest digest [0.04ms]
lyntty-cli test: (pass) update apply arguments > parses explicit install and replacement intent [0.02ms]
lyntty-cli test: (pass) update apply arguments > rejects unknown and missing-value arguments [0.03ms]
lyntty-cli test:
lyntty-cli test: src/utils/spawnLynttyCLI.test.ts:
lyntty-cli test: (pass) resolveLynttySpawnTarget > uses Bun only for source-development builds [0.11ms]
lyntty-cli test: (pass) resolveLynttySpawnTarget > accepts an explicit current-source entry without requiring a stale dist build [0.02ms]
lyntty-cli test: (pass) resolveLynttySpawnTarget > lets a compiled CLI respawn itself without Bun [0.02ms]
lyntty-cli test: (pass) resolveLynttySpawnTarget > lets compiled lynttyd spawn the sibling CLI [0.01ms]
lyntty-cli test: (pass) resolveLynttySpawnTarget > accepts an explicit release executable override [0.01ms]
lyntty-cli test: (pass) resolveLynttySpawnTarget > quotes tmux shell commands without reintroducing a runtime [0.04ms]
lyntty-cli test:
lyntty-cli test: src/utils/PushableAsyncIterable.test.ts:
lyntty-cli test: (pass) PushableAsyncIterable > should push and consume values [0.32ms]
lyntty-cli test: (pass) PushableAsyncIterable > should handle async pushing [21.27ms]
lyntty-cli test: (pass) PushableAsyncIterable > should handle errors [0.40ms]
lyntty-cli test: (pass) PushableAsyncIterable > should handle external error control [0.15ms]
lyntty-cli test: (pass) PushableAsyncIterable > should queue values when no consumer is waiting [0.07ms]
lyntty-cli test: (pass) PushableAsyncIterable > should throw when pushing to completed iterable [0.03ms]
lyntty-cli test: (pass) PushableAsyncIterable > should only allow single iteration [0.03ms]
lyntty-cli test: (pass) PushableAsyncIterable > should provide queue and waiter status [10.97ms]
lyntty-cli test:
lyntty-cli test: src/utils/tmux.test.ts:
lyntty-cli test: (pass) parseTmuxSessionIdentifier > should parse session-only identifier [0.14ms]
lyntty-cli test: (pass) parseTmuxSessionIdentifier > should parse session:window identifier [0.02ms]
lyntty-cli test: (pass) parseTmuxSessionIdentifier > should parse session:window.pane identifier [0.02ms]
lyntty-cli test: (pass) parseTmuxSessionIdentifier > should handle session names with dots, hyphens, and underscores
lyntty-cli test: (pass) parseTmuxSessionIdentifier > should handle window names with hyphens and underscores [0.01ms]
lyntty-cli test: (pass) parseTmuxSessionIdentifier > should throw on empty string [0.10ms]
lyntty-cli test: (pass) parseTmuxSessionIdentifier > should throw on null/undefined [0.02ms]
lyntty-cli test: (pass) parseTmuxSessionIdentifier > should throw on invalid session name characters [0.03ms]
lyntty-cli test: (pass) parseTmuxSessionIdentifier > should throw on special characters in session name [0.03ms]
lyntty-cli test: (pass) parseTmuxSessionIdentifier > should throw on invalid window name characters [0.02ms]
lyntty-cli test: (pass) parseTmuxSessionIdentifier > should throw on non-numeric pane identifier [0.02ms]
lyntty-cli test: (pass) parseTmuxSessionIdentifier > should throw on pane identifier with special characters [0.03ms]
lyntty-cli test: (pass) parseTmuxSessionIdentifier > should trim whitespace from components [0.02ms]
lyntty-cli test: (pass) formatTmuxSessionIdentifier > should format session-only identifier [0.02ms]
lyntty-cli test: (pass) formatTmuxSessionIdentifier > should format session:window identifier
lyntty-cli test: (pass) formatTmuxSessionIdentifier > should format session:window.pane identifier [0.03ms]
lyntty-cli test: (pass) formatTmuxSessionIdentifier > should ignore pane when window is not provided
lyntty-cli test: (pass) formatTmuxSessionIdentifier > should throw when session is missing [0.03ms]
lyntty-cli test: (pass) formatTmuxSessionIdentifier > should handle complex valid names [0.02ms]
lyntty-cli test: (pass) validateTmuxSessionIdentifier > should return valid:true for valid session-only identifier [0.03ms]
lyntty-cli test: (pass) validateTmuxSessionIdentifier > should return valid:true for valid session:window identifier [0.02ms]
lyntty-cli test: (pass) validateTmuxSessionIdentifier > should return valid:true for valid session:window.pane identifier
lyntty-cli test: (pass) validateTmuxSessionIdentifier > should return valid:false for empty string [0.03ms]
lyntty-cli test: (pass) validateTmuxSessionIdentifier > should return valid:false for invalid session characters [0.02ms]
lyntty-cli test: (pass) validateTmuxSessionIdentifier > should return valid:false for invalid window characters [0.02ms]
lyntty-cli test: (pass) validateTmuxSessionIdentifier > should return valid:false for invalid pane identifier [0.01ms]
lyntty-cli test: (pass) validateTmuxSessionIdentifier > should handle complex valid identifiers [0.01ms]
lyntty-cli test: (pass) validateTmuxSessionIdentifier > should not throw exceptions [0.03ms]
lyntty-cli test: (pass) buildTmuxSessionIdentifier > should build session-only identifier [0.04ms]
lyntty-cli test: (pass) buildTmuxSessionIdentifier > should build session:window identifier [0.01ms]
lyntty-cli test: (pass) buildTmuxSessionIdentifier > should build session:window.pane identifier [0.01ms]
lyntty-cli test: (pass) buildTmuxSessionIdentifier > should return error for empty session name [0.03ms]
lyntty-cli test: (pass) buildTmuxSessionIdentifier > should return error for invalid session characters
lyntty-cli test: (pass) buildTmuxSessionIdentifier > should return error for invalid window characters [0.01ms]
lyntty-cli test: (pass) buildTmuxSessionIdentifier > should return error for invalid pane identifier [0.01ms]
lyntty-cli test: (pass) buildTmuxSessionIdentifier > should handle complex valid inputs
lyntty-cli test: (pass) buildTmuxSessionIdentifier > should not throw exceptions for invalid inputs [0.03ms]
lyntty-cli test: (pass) TmuxUtilities.detectTmuxEnvironment > should return null when TMUX env is not set [0.09ms]
lyntty-cli test: (pass) TmuxUtilities.detectTmuxEnvironment > should parse valid TMUX environment variable [0.03ms]
lyntty-cli test: (pass) TmuxUtilities.detectTmuxEnvironment > should parse TMUX env with session.window format [0.03ms]
lyntty-cli test: (pass) TmuxUtilities.detectTmuxEnvironment > should handle TMUX env without session.window format [0.03ms]
lyntty-cli test: (pass) TmuxUtilities.detectTmuxEnvironment > should handle complex socket paths correctly [0.03ms]
lyntty-cli test: (pass) TmuxUtilities.detectTmuxEnvironment > should handle socket path with multiple slashes [0.02ms]
lyntty-cli test: (pass) TmuxUtilities.detectTmuxEnvironment > should return null for malformed TMUX env (too few parts) [0.01ms]
lyntty-cli test: (pass) TmuxUtilities.detectTmuxEnvironment > should return null for malformed TMUX env (empty string) [0.01ms]
lyntty-cli test: (pass) TmuxUtilities.detectTmuxEnvironment > should handle TMUX env with extra parts (more than 3 comma-separated values) [0.02ms]
lyntty-cli test: (pass) TmuxUtilities.detectTmuxEnvironment > should handle edge case with dots in session identifier [0.02ms]
lyntty-cli test: (pass) Round-trip consistency > should parse and format consistently for session-only [0.01ms]
lyntty-cli test: (pass) Round-trip consistency > should parse and format consistently for session:window
lyntty-cli test: (pass) Round-trip consistency > should parse and format consistently for session:window.pane
lyntty-cli test: (pass) Round-trip consistency > should build and parse consistently [0.02ms]
lyntty-cli test:
lyntty-cli test: src/utils/expandEnvVars.test.ts:
lyntty-cli test: (pass) expandEnvironmentVariables > should expand simple ${VAR} reference [1.46ms]
lyntty-cli test: (pass) expandEnvironmentVariables > should expand multiple ${VAR} references in same value [0.06ms]
lyntty-cli test: (pass) expandEnvironmentVariables > should expand ${VAR} in middle of string [0.02ms]
lyntty-cli test: (pass) expandEnvironmentVariables > should handle authentication token expansion pattern [0.01ms]
lyntty-cli test: (pass) expandEnvironmentVariables > should preserve values without ${VAR} references [0.02ms]
lyntty-cli test: (pass) expandEnvironmentVariables > should leave unexpanded ${VAR} when variable not found in source [0.03ms]
lyntty-cli test: (pass) expandEnvironmentVariables > should handle partial expansion when some variables missing [0.02ms]
lyntty-cli test: (pass) expandEnvironmentVariables > should handle empty string values in source environment [0.01ms]
lyntty-cli test: (pass) expandEnvironmentVariables > should handle multiple variables with same source [0.02ms]
lyntty-cli test: (pass) expandEnvironmentVariables > should not modify original envVars object [0.03ms]
lyntty-cli test: (pass) expandEnvironmentVariables > should use process.env as default source when not provided [0.04ms]
lyntty-cli test: (pass) expandEnvironmentVariables > should handle nested braces correctly [0.02ms]
lyntty-cli test: (pass) expandEnvironmentVariables > should handle variables with underscores and numbers [0.01ms]
lyntty-cli test: (pass) expandEnvironmentVariables > should handle real-world profile environment variables scenario [0.02ms]
lyntty-cli test: (pass) expandEnvironmentVariables > should handle undefined source environment gracefully [0.02ms]
lyntty-cli test: (pass) expandEnvironmentVariables > should handle empty objects
lyntty-cli test: (pass) expandEnvironmentVariables > should not expand malformed ${} references [0.02ms]
lyntty-cli test:
lyntty-cli test: src/utils/deterministicJson.test.ts:
lyntty-cli test: (pass) deterministicStringify > should produce consistent output for objects with different key orders [0.23ms]
lyntty-cli test: (pass) deterministicStringify > should handle nested objects consistently [0.03ms]
lyntty-cli test: (pass) deterministicStringify > should handle arrays without sorting by default [0.05ms]
lyntty-cli test: (pass) deterministicStringify > should sort arrays when sortArrays is true [0.46ms]
lyntty-cli test: (pass) deterministicStringify > should handle undefined values according to options [0.16ms]
lyntty-cli test: (pass) deterministicStringify > should handle special types [0.07ms]
lyntty-cli test: (pass) deterministicStringify > should detect circular references [0.03ms]
lyntty-cli test: (pass) deterministicStringify > should handle complex nested structures [0.06ms]
lyntty-cli test: (pass) hashObject > should produce consistent hashes for equivalent objects [0.13ms]
lyntty-cli test: (pass) hashObject > should produce different hashes for different objects [0.02ms]
lyntty-cli test: (pass) hashObject > should support different encodings [0.04ms]
lyntty-cli test: (pass) deepEqual > should return true for deeply equal objects [0.03ms]
lyntty-cli test: (pass) deepEqual > should return false for different objects [0.02ms]
lyntty-cli test: (pass) deepEqual > should handle arrays [0.04ms]
lyntty-cli test: (pass) objectKey > should produce stable keys for objects [0.03ms]
lyntty-cli test: (pass) objectKey > should be suitable for Map keys [0.04ms]
lyntty-cli test:
lyntty-cli test: src/utils/hmac_sha512.test.ts:
lyntty-cli test: (pass) hmac_sha512 > should process test vectors [0.98ms]
lyntty-cli test:
lyntty-cli test: src/utils/serverConnectionErrors.test.ts:
lyntty-cli test: (pass) startOfflineReconnection > successful reconnection > should call onReconnected when health check succeeds [5.55ms]
lyntty-cli test: (pass) startOfflineReconnection > successful reconnection > should return session via getSession() after reconnection [5.23ms]
lyntty-cli test: (pass) startOfflineReconnection > successful reconnection > should only reconnect once (idempotent) [207.03ms]
lyntty-cli test: (pass) startOfflineReconnection > retry behavior > should retry when health check fails then succeeds [5.48ms]
lyntty-cli test: (pass) startOfflineReconnection > retry behavior > should retry when onReconnected throws [5.18ms]
lyntty-cli test: (pass) startOfflineReconnection > retry behavior > should increment failure count on each retry [5.20ms]
lyntty-cli test: (pass) startOfflineReconnection > cancellation > should stop attempts when cancelled [251.69ms]
lyntty-cli test: (pass) startOfflineReconnection > cancellation > should prevent reconnection if cancelled before first attempt [50.31ms]
lyntty-cli test: (pass) startOfflineReconnection > cancellation > should be safe to call cancel() multiple times [0.17ms]
lyntty-cli test: (pass) startOfflineReconnection > error handling > should stop retrying on 401 authentication error [300.76ms]
lyntty-cli test: (pass) startOfflineReconnection > error handling > should retry on 500 server error [5.38ms]
lyntty-cli test: (pass) startOfflineReconnection > error handling > should retry on 503 service unavailable [5.13ms]
lyntty-cli test: (pass) startOfflineReconnection > error handling > should retry on non-axios network errors [5.17ms]
lyntty-cli test: (pass) startOfflineReconnection > error handling > should retry on ETIMEDOUT errors [5.15ms]
lyntty-cli test: (pass) startOfflineReconnection > error handling > should NOT stop retrying on 403 forbidden (not auth failure) [5.24ms]
lyntty-cli test: (pass) startOfflineReconnection > edge cases > should handle race condition: cancel during async health check [101.56ms]
lyntty-cli test: (pass) startOfflineReconnection > edge cases > should handle race condition: cancel during async onReconnected [100.83ms]
lyntty-cli test: (pass) startOfflineReconnection > edge cases > should handle empty/undefined session from onReconnected [5.24ms]
lyntty-cli test: (pass) startOfflineReconnection > edge cases > should handle null session from onReconnected [5.21ms]
lyntty-cli test: (pass) startOfflineReconnection > edge cases > should support generic session types (type safety) [5.33ms]
lyntty-cli test: (pass) startOfflineReconnection > edge cases > should work without optional onCleanup callback [5.25ms]
lyntty-cli test: (pass) printOfflineWarning > should print offline warning with unified format [0.13ms]
lyntty-cli test: (pass) printOfflineWarning > should deduplicate repeated calls [0.08ms]
lyntty-cli test: (pass) isNetworkError > should return true for all NETWORK_ERROR_CODES [0.03ms]
lyntty-cli test: (pass) isNetworkError > should return false for non-network error codes [0.03ms]
lyntty-cli test: (pass) isNetworkError > should return false for undefined
lyntty-cli test: (pass) isNetworkError > should return false for empty string
lyntty-cli test: (pass) isNetworkError > should have exactly 6 network error codes [0.02ms]
lyntty-cli test:
lyntty-cli test: src/utils/createSessionMetadata.test.ts:
lyntty-cli test: (pass) createSessionMetadata > creates Pi-only managed-session metadata without claiming unenforced sandboxing [0.16ms]
lyntty-cli test:
lyntty-cli test: src/pi/runPiHistory.test.ts:
lyntty-cli test: (pass) mapPiSessionHistoryToEnvelopes > imports Pi user and assistant JSONL messages as session protocol content [3.76ms]
lyntty-cli test: (pass) mapPiSessionHistoryToEnvelopes > imports thinking and tool calls with the same visible session-protocol shapes as live Pi events [1.57ms]
lyntty-cli test: (pass) mapPiSessionHistoryToEnvelopes > keeps one shared turn open until all historical tool results arrive [0.26ms]
lyntty-cli test: (pass) mapPiSessionHistoryToEnvelopes > keeps paged envelope content identical to the canonical full-history mapping [237.14ms]
lyntty-cli test: (pass) mapPiSessionHistoryToEnvelopes > caps oversized single-entry history pages [127.81ms]
lyntty-cli test: (pass) mapPiSessionHistoryToEnvelopes > keeps an oversized assistant and its tool result on the same page boundary [1053.73ms]
lyntty-cli test: (pass) mapPiSessionHistoryToEnvelopes > paginates historical Pi messages from the tail with an older cursor [0.49ms]
lyntty-cli test: (pass) mapPiSessionHistoryToEnvelopes > reports history_gap instead of replaying the tail for an unknown cursor [0.05ms]
lyntty-cli test: (pass) mapPiSessionHistoryToEnvelopes > partitions canonical replay into missing, matching, and conflicting envelopes [0.16ms]
lyntty-cli test: (pass) mapPiSessionHistoryToEnvelopes > sends missing entries after a conflict but advances only through the matching prefix [0.21ms]
lyntty-cli test:
lyntty-cli test: src/pi/piSessionDisplayName.test.ts:
lyntty-cli test: (pass) resolvePiSessionDisplayName > uses user-facing names without falling back to an internal Pi id [0.09ms]
lyntty-cli test: (pass) reconcilePiSessionDisplayName > backfills a canonical local title over generic relay metadata [0.02ms]
lyntty-cli test: (pass) reconcilePiSessionDisplayName > does not replace a useful relay title with a generic fallback [0.04ms]
lyntty-cli test:
lyntty-cli test: src/pi/piHistoryCoverage.test.ts:
lyntty-cli test: (pass) planPiHistoryStartup > completes exactly 50 entries without creating a progressive cursor [2.65ms]
lyntty-cli test: (pass) planPiHistoryStartup > models a new session as a confirmed latest tail plus a progressive lower bound [0.83ms]
lyntty-cli test: (pass) planPiHistoryStartup > restarts from the append checkpoint while preserving the progressive cursor [0.55ms]
lyntty-cli test: (pass) planPiHistoryStartup > does not recreate progressive history after coverage is complete [0.46ms]
lyntty-cli test: (pass) planPiHistoryStartup > bootstraps an explicitly virgin managed history from the bounded tail [0.26ms]
lyntty-cli test: (pass) planPiHistoryStartup > fails closed when incomplete Relay metadata has no progressive cursor [0.20ms]
lyntty-cli test: (pass) planPiHistoryStartup > keeps a cursor on an abandoned branch when planning from complete JSONL entries [0.08ms]
lyntty-cli test: (pass) planPiHistoryStartup > fails closed when the persisted progressive cursor disappeared locally [0.49ms]
lyntty-cli test: (pass) planPiHistoryStartup > fails closed and remains bounded when an append checkpoint disappeared [3.21ms]
lyntty-cli test: (pass) planPiHistoryStartup > keeps no-checkpoint migration bounded even when Relay already has messages [1.39ms]
lyntty-cli test: (pass) planPiHistoryStartup > preserves an older Relay cursor during no-checkpoint migration [1.43ms]
lyntty-cli test: (pass) shouldPauseManagedHistoryMirror > keeps fallback polling paused until delayed agent-end reconciliation settles [0.06ms]
lyntty-cli test: (pass) resolvePendingPiHistoryCoverage > adopts a pending transition after a late Relay broadcast confirms it [0.04ms]
lyntty-cli test: (pass) resolvePendingPiHistoryCoverage > retries a pending metadata commit when the App already has its cursor [0.01ms]
lyntty-cli test: (pass) resolvePendingPiHistoryCoverage > does not let an unrelated stale cursor adopt a pending transition [0.01ms]
lyntty-cli test: (pass) selectPiHistoryPageRequest > loads only the authoritative progressive cursor [0.07ms]
lyntty-cli test: (pass) selectPiHistoryPageRequest > loads the omitted first entry from a 51-entry startup tail [0.40ms]
lyntty-cli test: (pass) selectPiHistoryPageRequest > turns stale or arbitrary cursors into a safe no-op [0.02ms]
lyntty-cli test: (pass) selectPiHistoryPageRequest > does not reopen completed progressive history [0.01ms]
lyntty-cli test:
lyntty-cli test: src/pi/runPi.test.ts:
lyntty-cli test: (pass) resolvePiRelaySessionTag > uses a stable relay tag for the same machine and Pi session [0.11ms]
lyntty-cli test: (pass) resolvePiRelaySessionTag > keeps unrelated Pi sessions isolated [0.02ms]
lyntty-cli test:
lyntty-cli test: src/pi/piExtensionEvent.test.ts:
lyntty-cli test: (pass) Pi extension event bridge > accepts assistant message_end as a live fallback event [0.09ms]
lyntty-cli test: (pass) Pi extension event bridge > accepts live Pi tool events for the shared session protocol mapper [0.02ms]
lyntty-cli test: (pass) Pi extension event bridge > ignores malformed tool events [0.02ms]
lyntty-cli test: (pass) Pi extension event bridge > treats session lifecycle events as metadata-only bridge events [0.04ms]
lyntty-cli test: (pass) Pi extension event bridge > parses whitelisted remote Pi control commands without raw slash passthrough [0.31ms]
lyntty-cli test: (pass) Pi extension event bridge > preserves image-only and image-plus-text commands for Pi extension delivery [0.07ms]
lyntty-cli test: (pass) Pi extension event bridge > installs a global Pi extension that defaults to local lynttyd sync [1066.64ms]
lyntty-cli test:
lyntty-cli test: src/pi/piRemoteInput.test.ts:
lyntty-cli test: (pass) bindPiRemoteInput > binds file events to the next user message as Pi image content [0.49ms]
lyntty-cli test: (pass) bindPiRemoteInput > keeps consecutive attachment batches isolated while downloads settle [0.16ms]
lyntty-cli test: (pass) bindPiRemoteInput > rejects the whole command when an attachment cannot be delivered [0.13ms]
lyntty-cli test: (pass) bindPiRemoteInput > rejects non-image and oversized attachment batches before Pi delivery [0.21ms]
lyntty-cli test:
lyntty-cli test: src/pi/runPiRecovery.test.ts:
lyntty-cli test: (pass) createPiDiscoverySnapshotGeneration > binds cursors to one daemon runtime even when index generations match [0.14ms]
lyntty-cli test: (pass) classifyPiSessionRecovery > marks unregistered local Pi JSONL as discovered_local and needing registration/import [0.21ms]
lyntty-cli test: (pass) classifyPiSessionRecovery > marks active registered runtime and blocks history_gap when local history is complete [0.04ms]
lyntty-cli test: (pass) classifyPiSessionRecovery > never infers a discovery gap while the registered Pi runtime is active [0.02ms]
lyntty-cli test: (pass) classifyPiSessionRecovery > marks missing local history when relay has registration but local JSONL is gone [0.02ms]
lyntty-cli test: (pass) classifyPiSessionRecovery > marks a history gap when the relay import ledger is ahead of local JSONL [0.02ms]
lyntty-cli test: (pass) classifyPiSessionRecovery > does not infer history_gap from an incomplete bootstrap summary [0.02ms]
lyntty-cli test: (pass) classifyPiSessionRecovery > does not infer history_gap until a complete summary fingerprint is verified [0.02ms]
lyntty-cli test: (pass) classifyPiSessionRecovery > marks relay cache loss as registered but needing local backfill [0.07ms]
lyntty-cli test: (pass) classifyPiSessionRecovery > marks stale registered local sessions [0.03ms]
lyntty-cli test: (pass) classifyPiSessionRecovery > truncates large Pi text fields before machine RPC exposure [0.13ms]
lyntty-cli test: (pass) classifyPiSessionRecovery > removes generic SessionManager title sentinels before machine RPC exposure [0.03ms]
lyntty-cli test: (pass) classifyPiSessionRecovery > marks import failures explicitly [0.02ms]
lyntty-cli test: (pass) discoverLocalPiSessions > classifies discovered local sessions with registered and active state [0.39ms]
lyntty-cli test: (pass) discoverLocalPiSessions > propagates an incomplete index summary without inferring a history gap [0.10ms]
lyntty-cli test: (pass) discoverLocalPiSessions > rechecks active state at classification time after asynchronous index work [0.11ms]
lyntty-cli test: (pass) discoverLocalPiSessions > paginates machine-wide Pi discovery by opaque newest-first cursor [0.35ms]
lyntty-cli test: (pass) discoverLocalPiSessions > rejects a later page from a different immutable discovery generation [0.15ms]
lyntty-cli test: (pass) discoverLocalPiSessions > keeps a legacy keyset cursor stable when a newer Pi session appears before the next page [0.18ms]
lyntty-cli test: (pass) discoverLocalPiSessions > orders active runtime sessions before pagination slices [0.12ms]
lyntty-cli test: (pass) discoverLocalPiSessions > does not emit registered relay sessions whose local Pi history is missing [0.15ms]
lyntty-cli test: (pass) discoverLocalPiSessions > supports machine-wide historical Pi discovery without a cwd [0.12ms]
lyntty-cli test: (pass) Pi relay redaction > redacts home paths and obvious token shapes before relay/client exposure [0.14ms]
lyntty-cli test: (pass) Pi relay redaction > redacts recovery records [0.07ms]
lyntty-cli test: (pass) Pi relay redaction > derives stable display names without leaking when explicit name exists [0.04ms]
lyntty-cli test:
lyntty-cli test: src/pi/runPiControl.test.ts:
lyntty-cli test: (pass) resolvePiRemoteAction > sends idle text as a new prompt [0.12ms]
lyntty-cli test: (pass) resolvePiRemoteAction > queues running text as follow-up by default [0.03ms]
lyntty-cli test: (pass) resolvePiRemoteAction > requires explicit redirect while running [0.06ms]
lyntty-cli test: (pass) resolvePiRemoteAction > maps stop commands to abort [0.01ms]
lyntty-cli test: (pass) resolvePiRemoteAction > blocks local-only slash commands from remote prompt delivery [0.02ms]
lyntty-cli test: (pass) resolvePiRemoteAction > blocks unknown slash commands until Pi declares support [0.02ms]
lyntty-cli test: (pass) PiCommandLedger > claims unique command keys once for idempotent remote delivery [0.08ms]
lyntty-cli test: (pass) PiCommandLedger > allows commands without keys because they cannot be deduped safely [0.01ms]
lyntty-cli test:
lyntty-cli test: src/pi/runPiExternalMirror.test.ts:
lyntty-cli test: (pass) PiExternalMirror > treats a not-yet-created Pi JSONL file as empty during live-delivery dedupe [3.09ms]
lyntty-cli test: (pass) PiExternalMirror > reads appended JSONL entries from a byte offset [0.47ms]
lyntty-cli test: (pass) PiExternalMirror > does not advance the byte cursor past an incomplete JSONL line [0.15ms]
lyntty-cli test: (pass) PiExternalMirror > mirrors entries already on disk when initialEntries are stale [0.61ms]
lyntty-cli test: (pass) PiExternalMirror > tracks relay-confirmed entries separately from initially known and quarantined entries [0.42ms]
lyntty-cli test: (pass) PiExternalMirror > marks only explicitly live-delivered entry ids as Relay confirmed [0.19ms]
lyntty-cli test: (pass) PiExternalMirror > mirrors new JSONL entries only after a quiet window [0.30ms]
lyntty-cli test: (pass) PiExternalMirror > preserves pending external entries when managed runtime becomes active before quiet [0.30ms]
lyntty-cli test: (pass) PiExternalMirror > forwards quiet external writes through session-protocol envelopes and flushes once [3.35ms]
lyntty-cli test: (pass) PiExternalMirror > maps appended tool results with their canonical full-history turn context [1.28ms]
lyntty-cli test: (pass) PiExternalMirror > does not mark JSONL writes known merely because the live runtime is active [0.72ms]
lyntty-cli test: (pass) PiExternalMirror > suppresses assistant JSONL entries that appear after live extension delivery was marked [0.51ms]
lyntty-cli test: (pass) PiExternalMirror > forwards assistant-delivery marking through the startPiExternalMirror wrapper [0.44ms]
lyntty-cli test: (pass) PiExternalMirror > can attach remote command metadata to mirrored Pi user echoes [0.59ms]
lyntty-cli test: (pass) PiExternalMirror > retries pending entries when sending fails [0.35ms]
lyntty-cli test: (pass) PiExternalMirror > records a history gap and releases pending entries after a terminal localId conflict [1.12ms]
lyntty-cli test: (pass) PiExternalMirror > keeps pending entries older than the live extension coverage window [0.38ms]
lyntty-cli test: (pass) PiExternalMirror > suppresses a late JSONL user entry after the live extension delivered the same input [0.28ms]
lyntty-cli test: (pass) PiExternalMirror > drops a pending user entry only when the live extension delivered the same user text [0.27ms]
lyntty-cli test: (pass) PiExternalMirror > keeps pending user entries that do not match a live extension input [0.28ms]
lyntty-cli test: (pass) PiExternalMirror > keeps pending user entries when only non-user extension delivery was marked [0.26ms]
lyntty-cli test: (pass) PiExternalMirror > keeps pending assistant entries until a completed live turn marks assistant delivery [0.30ms]
lyntty-cli test: (pass) PiExternalMirror > drops pending assistant entries when the live extension delivered the same assistant text [0.25ms]
lyntty-cli test: (pass) PiExternalMirror > preserves intentional repeated assistant text after the delivered turn window [0.28ms]
lyntty-cli test: (pass) PiExternalMirror > caps open assistant delivery marks at the next live turn boundary [0.32ms]
lyntty-cli test: (pass) PiExternalMirror > keeps pending assistant entries when the live extension delivered different text [0.27ms]
lyntty-cli test: (pass) PiExternalMirror > can mark managed runtime writes as already known without emitting them [0.20ms]
lyntty-cli test:
lyntty-cli test: src/pi/piCompletionNotifications.test.ts:
lyntty-cli test: (pass) PiCompletionNotificationTracker > ignores isolated agent_end events [0.07ms]
lyntty-cli test: (pass) PiCompletionNotificationTracker > notifies once after a live agent_start to agent_end turn [0.02ms]
lyntty-cli test: (pass) PiCompletionNotificationTracker > suppresses aborted turns [0.01ms]
lyntty-cli test: (pass) PiCompletionNotificationTracker > suppresses extension sessions that cannot notify
lyntty-cli test: (pass) PiCompletionNotificationTracker > suppresses extension mirror notifications when managed Pi runtime owns the session
lyntty-cli test: (pass) sendPiDoneNotification > uses existing done notification copy and Pi routing data [0.07ms]
lyntty-cli test:
lyntty-cli test: src/pi/runPiPathSmoke.test.ts:
lyntty-cli test: (pass) Pi command/event path smoke > simulates Session Remote command delivery into Pi SDK actions [0.90ms]
lyntty-cli test: (pass) Pi command/event path smoke > simulates Pi SDK events returning as Session Remote session envelopes [4.23ms]
lyntty-cli test:
lyntty-cli test: src/pi/runPiSessionProtocol.test.ts:
lyntty-cli test: (pass) PiSessionProtocolMapper > coalesces Pi text deltas into one session-protocol text envelope [4.56ms]
lyntty-cli test: (pass) PiSessionProtocolMapper > can flush live text before agent_end without ending the turn [0.47ms]
lyntty-cli test: (pass) PiSessionProtocolMapper > uses assistant message_end as a final text fallback without duplicating flushed text [0.42ms]
lyntty-cli test: (pass) PiSessionProtocolMapper > uses assistant message_end when message_update events were dropped [0.19ms]
lyntty-cli test: (pass) PiSessionProtocolMapper > flushes text before tool envelopes and emits only Pi session envelopes [0.69ms]
lyntty-cli test: (pass) PiSessionProtocolMapper > does not turn Pi debug/status events into chat-visible service messages [0.05ms]
lyntty-cli test: (pass) PiSessionProtocolMapper > keeps partial tool output out of chat text and uses the final tool result [0.35ms]
lyntty-cli test:
lyntty-cli test: src/pi/piExtensionInstall.test.ts:
lyntty-cli test: (pass) Pi extension installation > resolves explicit path before Pi agent directory and default home [2.77ms]
lyntty-cli test: (pass) Pi extension installation > writes the managed source atomically with private permissions [16.11ms]
lyntty-cli test: (pass) Pi extension installation > refuses to overwrite an unrecognized extension unless explicitly authorized [3.82ms]
lyntty-cli test: (pass) Pi extension installation > upgrades the last known managed source without a destructive override [3.90ms]
lyntty-cli test:
lyntty-cli test: src/pi/piRuntimeRelayIdentity.test.ts:
lyntty-cli test: (pass) createPiRuntimeRelayIdentity > derives the relay tag from the actual newly-created Pi session id [2.45ms]
lyntty-cli test:
lyntty-cli test: src/pi/piSessionIndex.test.ts:
lyntty-cli test: (pass) readPiSessionInfo > builds the list summary without retaining full message text [13.10ms]
lyntty-cli test: (pass) PiSessionIndex > persists a private snapshot and only reparses changed JSONL files [28.62ms]
lyntty-cli test: (pass) PiSessionIndex > returns a stale persisted snapshot while one background refresh updates it [10.64ms]
lyntty-cli test: (pass) PiSessionIndex > publishes a newest-tail bootstrap while the full first scan continues [5.31ms]
lyntty-cli test: (pass) PiSessionIndex > publishes an empty bounded tail while older valid files continue scanning [4.66ms]
lyntty-cli test: (pass) PiSessionIndex > bounds first-tail work even when the newest JSONL has a very large line [13.48ms]
lyntty-cli test: (pass) PiSessionIndex > reads only the appended range after a persisted large session grows [12.74ms]
lyntty-cli test: (pass) PiSessionIndex > revalidates an exact stale summary before a gap decision uses its count [8.03ms]
lyntty-cli test: (pass) PiSessionIndex > publishes a valid in-memory snapshot when persistence fails [6.39ms]
lyntty-cli test: (pass) PiSessionIndex > coalesces concurrent first-build requests into one scan [1.76ms]
lyntty-cli test: (pass) PiSessionIndex > removes a session after its canonical JSONL is deleted [13.65ms]
lyntty-cli test: (pass) PiSessionIndex > does not return a deleted file from a stale persisted lookup [8.02ms]
lyntty-cli test: (pass) PiSessionIndex > rejects discovery when no valid snapshot can be built [0.77ms]
lyntty-cli test: (pass) PiSessionIndex > keeps the last valid snapshot when a refresh cannot read the sessions root [9.01ms]
lyntty-cli test:
lyntty-cli test: src/pi/runPiFeatures.test.ts:
lyntty-cli test: (pass) listPiRemoteSlashCommands > returns no commands when the runtime declares none [0.17ms]
lyntty-cli test: (pass) listPiRemoteSlashCommands > includes extension commands, prompt templates, and skills [0.15ms]
lyntty-cli test: (pass) listPiRemoteSlashCommands > deduplicates and skips empty command names [0.06ms]
lyntty-cli test: (pass) getPiPluginFeatureSummary > summarizes slash commands and tool capabilities [0.08ms]
lyntty-cli test:
lyntty-cli test: src/pi/reconcilePiHistory.test.ts:
lyntty-cli test: (pass) reconcilePiCanonicalHistory > sends missing entries after a true conflict and keeps a contiguous append checkpoint [7.29ms]
lyntty-cli test: (pass) reconcilePiCanonicalHistory > reconciles restart replay from Relay inventory without re-encrypting [0.43ms]
lyntty-cli test: (pass) reconcilePiCanonicalHistory > does not duplicate managed live entries marked Relay-confirmed after flush [0.36ms]
lyntty-cli test: (pass) reconcilePiCanonicalHistory > maps a post-checkpoint tool result with full canonical turn context [1.32ms]
lyntty-cli test: (pass) reconcilePiCanonicalHistory > reconciles a bounded progressive tail when no append checkpoint exists yet [0.35ms]
lyntty-cli test: (pass) reconcilePiCanonicalHistory > fails closed instead of replaying all history when a bounded start entry is missing [0.23ms]
lyntty-cli test: (pass) reconcilePiCanonicalHistory > reports a post-inventory conflict while still confirming later envelopes [0.54ms]
lyntty-cli test: (pass) reconcilePiHistoryEnvelopes > turns a race-time conflict into an explicit result after sending later page envelopes [0.68ms]
lyntty-cli test:
lyntty-cli test: src/daemon/piExtensionSequence.test.ts:
lyntty-cli test: (pass) applyPiExtensionSequence > accepts a low event id but marks an established owner epoch change uncertain [0.14ms]
lyntty-cli test: (pass) applyPiExtensionSequence > accepts a fresh owner starting at event one without inventing a gap [0.03ms]
lyntty-cli test: (pass) applyPiExtensionSequence > keeps an unresolved gap sticky across an extension owner epoch [0.03ms]
lyntty-cli test: (pass) applyPiExtensionSequence > marks a missing new-owner prefix as a sequence gap [0.03ms]
lyntty-cli test: (pass) applyPiExtensionSequence > rejects duplicate ids within one instance but records forward gaps [0.03ms]
lyntty-cli test:
lyntty-cli test: src/daemon/daemonState.test.ts:
lyntty-cli test: (pass) daemon heartbeat state > preserves the exact compiled release identity across heartbeat writes [0.10ms]
lyntty-cli test:
lyntty-cli test: src/daemon/piExtensionOwnership.test.ts:
lyntty-cli test: (pass) Pi extension ownership fencing > keeps a fresh owner and rejects a concurrent or delayed instance [0.09ms]
lyntty-cli test: (pass) Pi extension ownership fencing > allows a reload session_start to replace the previous instance [0.02ms]
lyntty-cli test: (pass) Pi extension ownership fencing > allows a new instance to claim a stale owner lease [0.01ms]
lyntty-cli test: (pass) Pi extension ownership fencing > does not deliver commands to legacy instances without an epoch [0.01ms]
lyntty-cli test:
lyntty-cli test: src/daemon/activationLock.test.ts:
lyntty-cli test: (pass) resolveActivePiSessionReuse > reuses an active runtime for the same Pi session id [0.11ms]
lyntty-cli test: (pass) resolveActivePiSessionReuse > does not reuse a different Pi session id or machine id [0.03ms]
lyntty-cli test: (pass) shouldKeepWaitingForPiExtension > treats wait as a no-spawn choice for an existing Pi session [0.04ms]
lyntty-cli test: (pass) resolvePiActivationLock > allows first Pi runtime for a directory [0.06ms]
lyntty-cli test: (pass) resolvePiActivationLock > uses the Pi session lease before falling back to directory locks [0.05ms]
lyntty-cli test: (pass) resolvePiActivationLock > defaults an omitted agent to Pi at the daemon spawn boundary [0.08ms]
lyntty-cli test: (pass) resolvePiActivationLock > requires takeover when a new Pi runtime without session id already owns the directory [0.02ms]
lyntty-cli test: (pass) resolvePiActivationLock > allows takeover with stop or interrupt [0.02ms]
lyntty-cli test: (pass) resolvePiActivationLock > returns a wait lease that the daemon can hold until the active runtime exits [0.01ms]
lyntty-cli test:
lyntty-cli test: src/daemon/ensureDaemonRunning.test.ts:
lyntty-cli test: (pass) ensureDaemonRunning > returns without spawning when the daemon is already running [0.19ms]
lyntty-cli test: (pass) ensureDaemonRunning > starts the daemon and waits for readiness when the installed version is not running [102.78ms]
lyntty-cli test:
lyntty-cli test: src/daemon/activationLeaseRegistry.test.ts:
lyntty-cli test: (pass) PiActivationLeaseRegistry > serializes concurrent activation attempts without swallowing a later takeover intent [0.32ms]
lyntty-cli test: (pass) PiActivationLeaseRegistry > releases the lease after a failed activation [0.12ms]
lyntty-cli test:
lyntty-cli test: src/daemon/controlClient.test.ts:
lyntty-cli test: (pass) daemon control client authentication > requires the exact embedded release identity for update health gates [0.44ms]
lyntty-cli test: (pass) daemon control client authentication > authenticates every daemon HTTP request with the state token [0.30ms]
lyntty-cli test:
lyntty-cli test: src/daemon/piExtensionDelivery.test.ts:
lyntty-cli test: (pass) Pi extension delivery bookkeeping > marks flushed live assistant text immediately so JSONL fallback can dedupe it [5.94ms]
lyntty-cli test: (pass) Pi extension delivery bookkeeping > normalizes assistant text before marking fallback dedupe [0.04ms]
lyntty-cli test:
lyntty-cli test: src/daemon/controlServer.piExtension.test.ts:
lyntty-cli test: (pass) daemon control server Pi extension endpoints > accepts local Pi extension events and forwards them to the daemon handler [60.96ms]
lyntty-cli test: (pass) daemon control server Pi extension endpoints > serves whitelisted remote commands with images and accepts extension acks [17.64ms]
lyntty-cli test: (pass) daemon control server Pi extension endpoints > rejects unauthenticated local Pi extension command access when a daemon token is configured [13.68ms]
lyntty-cli test: (pass) daemon control server Pi extension endpoints > rejects unauthenticated access to every daemon control endpoint [16.23ms]
lyntty-cli test: (pass) daemon control server Pi extension endpoints > rejects dangerous environment variables before spawning a session [16.29ms]
lyntty-cli test:
lyntty-cli test: src/daemon/piCommandQueue.test.ts:
lyntty-cli test: (pass) Pi command queue ordering > lets abort bypass FIFO without permanently hiding the older command [3.67ms]
lyntty-cli test: (pass) Pi command queue ordering > turns the third Pi API failure into a terminal failure [0.05ms]
lyntty-cli test: (pass) Pi command queue ordering > treats a legacy no-epoch ack with a replaced delivery token as stale [0.04ms]
lyntty-cli test: (pass) Pi command queue ordering > replays relay user commands when reconstructing a shared-control mirror after daemon restart [0.02ms]
lyntty-cli test: (pass) Pi command queue ordering > rejects the 201st command explicitly instead of admitting it for silent drop [0.03ms]
lyntty-cli test: (pass) Pi command queue ordering > removes accepted and failed commands only after the FIFO prefix is terminal [0.05ms]
lyntty-cli test:
lyntty-cli test: src/daemon/externalPiActivation.test.ts:
lyntty-cli test: (pass) resolveExternalPiActivationLease > treats an extension mirror as active only inside its heartbeat window [0.09ms]
lyntty-cli test: (pass) resolveExternalPiActivationLease > blocks replacement when an extension signal arrives during stale cleanup [0.04ms]
lyntty-cli test: (pass) resolveExternalPiActivationLease > reuses a replacement mirror created during stale cleanup [0.01ms]
lyntty-cli test: (pass) resolveExternalPiActivationLease > reuses an ordinary extension-backed Pi runtime by default [0.17ms]
lyntty-cli test: (pass) resolveExternalPiActivationLease > waits without sending shutdown when wait takeover is requested [0.06ms]
lyntty-cli test: (pass) resolveExternalPiActivationLease > waits for explicit takeover shutdown and exit before releasing the lease [0.07ms]
lyntty-cli test: (pass) resolveExternalPiActivationLease > blocks replacement when the old runtime does not stop [0.06ms]
lyntty-cli test:
lyntty-cli test: src/daemon/piSpawnDirectory.test.ts:
lyntty-cli test: (pass) choosePiSpawnDirectory > uses the real local Pi cwd for historical session spawns [0.83ms]
lyntty-cli test: (pass) choosePiSpawnDirectory > expands a redacted home path when no historical Pi cwd matches [0.04ms]
lyntty-cli test:
lyntty-cli test: src/distribution/runtimeLayout.test.ts:
lyntty-cli test: (pass) runtime layout > recognizes Bun virtual filesystem entrypoints [3.66ms]
lyntty-cli test: (pass) runtime layout > keeps source development paths inside the package [0.08ms]
lyntty-cli test: (pass) runtime layout > resolves POSIX release assets beside sibling executables [0.02ms]
lyntty-cli test: (pass) runtime layout > resolves Windows release paths with Windows semantics [0.03ms]
lyntty-cli test:
lyntty-cli test: src/distribution/selfCheck.test.ts:
lyntty-cli test: (pass) artifact self-check inventory > accepts exactly the manifest plus its listed regular files [6.03ms]
lyntty-cli test: (pass) artifact self-check inventory > rejects unmanifested files [0.73ms]
lyntty-cli test: (pass) artifact self-check inventory > rejects symbolic links anywhere in the artifact [0.57ms]
lyntty-cli test:
lyntty-cli test: src/distribution/releaseChannelState.test.ts:
lyntty-cli test: (pass) durable signed release channel state > persists independent Stable and Preview replay floors [12.41ms]
lyntty-cli test: (pass) durable signed release channel state > rejects lower sequences and same-sequence equivocation [3.47ms]
lyntty-cli test: (pass) durable signed release channel state > fails closed for unexpected or corrupted state files [7.37ms]
lyntty-cli test:
lyntty-cli test: src/distribution/installLock.test.ts:
lyntty-cli test: (pass) install lock > publishes ownership atomically and admits only one concurrent transaction [12.82ms]
lyntty-cli test: (pass) install lock > recovers a crashed lock when the PID start token does not match [10.95ms]
lyntty-cli test: (pass) install lock > does not delete a freshly published malformed lock [3.45ms]
lyntty-cli test:
lyntty-cli test: src/distribution/installPaths.test.ts:
lyntty-cli test: (pass) installation paths > uses XDG user data paths on Linux [4.13ms]
lyntty-cli test: (pass) installation paths > uses per-user application support on macOS [0.03ms]
lyntty-cli test: (pass) installation paths > infers a managed root only from a release versions directory [0.04ms]
lyntty-cli test: (pass) installation paths > resolves stable current-pointer executable paths [0.03ms]
lyntty-cli test:
lyntty-cli test: src/distribution/installTransaction.test.ts:
lyntty-cli test: (pass) atomic install transaction > installs a candidate, extension, stable pointers, service, and known-good state [108.72ms]
lyntty-cli test: (pass) atomic install transaction > restores the previous release and quarantines a candidate when health fails [238.53ms]
lyntty-cli test: (pass) atomic install transaction > rolls back to the recorded previous known-good release and keeps roll-forward available [244.18ms]
lyntty-cli test: (pass) atomic install transaction > treats state publication as the commit point when journal cleanup fails [59.90ms]
lyntty-cli test: (pass) atomic install transaction > refuses an unknown regular launcher without changing the user extension [5.06ms]
lyntty-cli test: (pass) atomic install transaction > refuses an arbitrary pre-existing launcher symlink [4.11ms]
lyntty-cli test: (pass) atomic install transaction > never clobbers a regular file raced into the current pointer [103.00ms]
lyntty-cli test: (pass) atomic install transaction > preserves a claimed pointer when publication and restoration both fail [1.53ms]
lyntty-cli test: (pass) atomic install transaction > recovers an interrupted rollback from its private journal [34.25ms]
lyntty-cli test:
lyntty-cli test: src/distribution/channelUpdate.test.ts:
lyntty-cli test: (pass) signed CLI channel updates > selects the exact current-platform archive from a newer stable BOM [19.52ms]
lyntty-cli test: (pass) signed CLI channel updates > reports a signed same-version candidate as current [2.94ms]
lyntty-cli test: (pass) signed CLI channel updates > treats a higher-sequence signed rollback as authoritative even when SemVer decreases [2.72ms]
lyntty-cli test: (pass) signed CLI channel updates > requires an explicit preview URL and rejects stable trust for preview [3.24ms]
lyntty-cli test: (pass) signed CLI channel updates > rejects a signed BOM delivered with non-canonical file bytes [1.92ms]
lyntty-cli test: (pass) signed CLI channel updates > rejects tampered BOMs and replayed sequences [4.21ms]
lyntty-cli test:
lyntty-cli test: src/distribution/artifactManifest.test.ts:
lyntty-cli test: (pass) artifact manifest > accepts a canonical supported manifest [3.76ms]
lyntty-cli test: (pass) artifact manifest > rejects unsupported schema and target combinations [0.09ms]
lyntty-cli test: (pass) artifact manifest > rejects traversal, non-canonical paths, and duplicates [0.09ms]
lyntty-cli test: (pass) artifact manifest > accepts legacy manifests without provenance but rejects malformed source commits [0.04ms]
lyntty-cli test: (pass) artifact manifest > rejects malformed hashes, sizes, and executable flags [0.06ms]
lyntty-cli test:
lyntty-cli test: src/commands/remote/api.test.ts:
lyntty-cli test: (pass) api > resolveSessionEncryption > resolves dataKey variant when dataEncryptionKey is present [9.78ms]
lyntty-cli test: (pass) api > resolveSessionEncryption > resolves legacy variant when no dataEncryptionKey [1.25ms]
lyntty-cli test: (pass) api > resolveSessionEncryption > throws when dataEncryptionKey cannot be decrypted [5.57ms]
lyntty-cli test: (pass) api > listSessions > returns decrypted sessions with dataKey encryption [5.08ms]
lyntty-cli test: (pass) api > listSessions > returns decrypted sessions with legacy encryption [1.38ms]
lyntty-cli test: (pass) api > listSessions > handles mixed dataKey and legacy sessions [4.70ms]
lyntty-cli test: (pass) api > listSessions > sends authorization header [1.24ms]
lyntty-cli test: (pass) api > listSessions > throws on 401 with re-authenticate message [1.37ms]
lyntty-cli test: (pass) api > listSessions > throws on 404 [1.26ms]
lyntty-cli test: (pass) api > listSessions > throws on 500 server error [1.18ms]
lyntty-cli test: (pass) api > listSessions > returns empty array for no sessions [0.95ms]
lyntty-cli test: (pass) api > listActiveSessions > calls the v2 active endpoint [1.08ms]
lyntty-cli test: (pass) api > listActiveSessions > returns decrypted active sessions [3.89ms]
lyntty-cli test: (pass) api > createSession > creates a session with encrypted metadata and key [4.04ms]
lyntty-cli test: (pass) api > createSession > returns existing session when tag already exists [7.93ms]
lyntty-cli test: (pass) api > createSession > throws on server error during create [6.32ms]
lyntty-cli test: (pass) api > getSessionMessages > fetches and decrypts messages with dataKey encryption [6.30ms]
lyntty-cli test: (pass) api > getSessionMessages > fetches and decrypts messages with legacy encryption [1.42ms]
lyntty-cli test: (pass) api > getSessionMessages > throws on 404 for messages endpoint [1.25ms]
lyntty-cli test: (pass) api > postSessionUserMessage > persists one encrypted idempotent v3 message and validates the acknowledgement [4.64ms]
lyntty-cli test: (pass) api > postSessionUserMessage > fails closed when the Relay does not confirm the localId [1.07ms]
lyntty-cli test: (pass) api > deleteSession > sends DELETE request with correct URL and auth headers [1.02ms]
lyntty-cli test: (pass) api > deleteSession > throws on 404 [1.07ms]
lyntty-cli test: (pass) api > deleteSession > throws on 401 with re-authenticate message [0.98ms]
lyntty-cli test:
lyntty-cli test: src/commands/remote/sendWait.test.ts:
lyntty-cli test: (pass) remote send --wait orchestration > installs the localId acceptance waiter before persisting the message [7.02ms]
lyntty-cli test: (pass) remote send --wait orchestration > observes the waiter rejection when persistence fails first [1.04ms]
lyntty-cli test:
lyntty-cli test: src/commands/remote/index.test.ts:
lyntty-cli test: (pass) remote command dispatch > rejects a non-Pi spawn runtime before contacting the relay [4.84ms]
lyntty-cli test: (pass) remote command dispatch > requires exactly a session and message for send [0.26ms]
lyntty-cli test: (pass) remote command dispatch > requires one session ID for session commands [0.40ms]
lyntty-cli test: (pass) remote command dispatch > requires an explicit supported takeover choice for resume [0.22ms]
lyntty-cli test:
lyntty-cli test: src/commands/remote/auth.test.ts:
lyntty-cli test: (pass) auth > authLogin > completes the auth flow on first poll response [1010.74ms]
lyntty-cli test: (pass) auth > authLogin > polls multiple times before success [3016.58ms]
lyntty-cli test: (pass) auth > authLogin > throws when initial request fails [1.54ms]
lyntty-cli test: (pass) auth > authLogin > throws when polling fails [1001.99ms]
lyntty-cli test: (pass) auth > authLogin > throws when decryption fails (wrong key) [1009.40ms]
lyntty-cli test: (pass) auth > authLogin > sends publicKey as base64 in request body [1008.41ms]
lyntty-cli test: (pass) auth > authLogout > clears stored credentials [0.39ms]
lyntty-cli test: (pass) auth > authLogout > does not throw when no credentials exist [0.12ms]
lyntty-cli test: (pass) auth > authLogout > prints logout message [0.12ms]
lyntty-cli test: (pass) auth > authStatus > shows authenticated status when credentials exist [1.08ms]
lyntty-cli test: (pass) auth > authStatus > shows not authenticated when no credentials [0.13ms]
lyntty-cli test: (pass) auth > authStatus > shows public key when authenticated [1.00ms]
lyntty-cli test:
lyntty-cli test: src/commands/remote/config.test.ts:
lyntty-cli test: (pass) config > defaults > uses default server URL [0.09ms]
lyntty-cli test: (pass) config > defaults > uses default home directory [0.03ms]
lyntty-cli test: (pass) config > defaults > derives credential path from home directory [0.02ms]
lyntty-cli test: (pass) config > env var overrides > overrides server URL with LYNTTY_SERVER_URL [0.02ms]
lyntty-cli test: (pass) config > env var overrides > overrides home directory with LYNTTY_HOME_DIR [0.02ms]
lyntty-cli test: (pass) config > env var overrides > derives credential path from overridden home directory [0.02ms]
lyntty-cli test: (pass) config > env var overrides > allows both overrides simultaneously [0.03ms]
lyntty-cli test:
lyntty-cli test: src/commands/remote/encryption.test.ts:
lyntty-cli test: (pass) base64 encoding/decoding > round-trips standard base64 [0.06ms]
lyntty-cli test: (pass) base64 encoding/decoding > round-trips base64url [0.04ms]
lyntty-cli test: (pass) base64 encoding/decoding > base64url does not contain +, /, or = [0.02ms]
lyntty-cli test: (pass) base64 encoding/decoding > encodes empty buffer [0.02ms]
lyntty-cli test: (pass) base64 encoding/decoding > decodes known base64 value [0.02ms]
lyntty-cli test: (pass) base64 encoding/decoding > base64url round-trips with characters that differ from standard [0.06ms]
lyntty-cli test: (pass) HMAC-SHA512 > produces 64-byte output [0.10ms]
lyntty-cli test: (pass) HMAC-SHA512 > is deterministic [0.02ms]
lyntty-cli test: (pass) HMAC-SHA512 > different keys produce different outputs [0.03ms]
lyntty-cli test: (pass) key derivation > deriveSecretKeyTreeRoot produces 32-byte key and 32-byte chainCode [0.03ms]
lyntty-cli test: (pass) key derivation > matches known test vector for root key [0.11ms]
lyntty-cli test: (pass) key derivation > matches known test vector for full derivation path [0.12ms]
lyntty-cli test: (pass) key derivation > deriveSecretKeyTreeChild produces correct structure [0.06ms]
lyntty-cli test: (pass) key derivation > deriveKey with empty path returns root key [0.04ms]
lyntty-cli test: (pass) key derivation > deriveContentKeyPair returns 32-byte public and secret keys [4.06ms]
lyntty-cli test: (pass) key derivation > deriveContentKeyPair is deterministic [2.65ms]
lyntty-cli test: (pass) AES-256-GCM encryption > encrypt/decrypt round-trip [0.41ms]
lyntty-cli test: (pass) AES-256-GCM encryption > encrypted bundle starts with version byte 0 [0.04ms]
lyntty-cli test: (pass) AES-256-GCM encryption > decryption fails with wrong key [0.09ms]
lyntty-cli test: (pass) AES-256-GCM encryption > decryption fails with tampered data [0.04ms]
lyntty-cli test: (pass) AES-256-GCM encryption > decryption returns null for too-short bundle [0.02ms]
lyntty-cli test: (pass) AES-256-GCM encryption > decryption returns null for wrong version [0.02ms]
lyntty-cli test: (pass) AES-256-GCM encryption > handles string data [0.05ms]
lyntty-cli test: (pass) AES-256-GCM encryption > handles numeric data [0.04ms]
lyntty-cli test: (pass) legacy encryption > encrypt/decrypt round-trip [0.59ms]
lyntty-cli test: (pass) legacy encryption > decryption fails with wrong key [0.13ms]
lyntty-cli test: (pass) legacy encryption > encrypted data starts with 24-byte nonce [0.03ms]
lyntty-cli test: (pass) legacy encryption > handles string data [0.07ms]
lyntty-cli test: (pass) encrypt/decrypt dispatcher > dispatches to dataKey variant [0.09ms]
lyntty-cli test: (pass) encrypt/decrypt dispatcher > dispatches to legacy variant [0.08ms]
lyntty-cli test: (pass) encrypt/decrypt dispatcher > cross-variant decryption fails [0.03ms]
lyntty-cli test: (pass) libsodiumEncryptForPublicKey + decryptBoxBundle > round-trip encryption/decryption [4.50ms]
lyntty-cli test: (pass) libsodiumEncryptForPublicKey + decryptBoxBundle > bundle has correct structure (32 pubkey + 24 nonce + ciphertext) [3.83ms]
lyntty-cli test: (pass) libsodiumEncryptForPublicKey + decryptBoxBundle > decryption fails with wrong secret key [5.44ms]
lyntty-cli test: (pass) libsodiumEncryptForPublicKey + decryptBoxBundle > decryption returns null for too-short bundle [1.46ms]
lyntty-cli test: (pass) libsodiumEncryptForPublicKey + decryptBoxBundle > works with empty data [4.19ms]
lyntty-cli test: (pass) libsodiumEncryptForPublicKey + decryptBoxBundle > works with deriveContentKeyPair keys [3.75ms]
lyntty-cli test: (pass) authChallenge > returns challenge, publicKey, and signature with correct sizes [5.64ms]
lyntty-cli test: (pass) authChallenge > signature is verifiable with tweetnacl.sign.detached.verify [8.42ms]
lyntty-cli test: (pass) authChallenge > signature fails verification with wrong publicKey [11.77ms]
lyntty-cli test: (pass) authChallenge > is deterministic for publicKey given same secret [7.58ms]
lyntty-cli test: (pass) getRandomBytes > returns correct length [0.04ms]
lyntty-cli test: (pass) getRandomBytes > produces different values on successive calls [0.02ms]
lyntty-cli test:
lyntty-cli test: src/commands/remote/output.test.ts:
lyntty-cli test: (pass) formatSessionTable > should return markdown summary when sessions array is empty [0.10ms]
lyntty-cli test: (pass) formatSessionTable > should display markdown list sections for sessions [0.29ms]
lyntty-cli test: (pass) formatSessionTable > should display full session IDs for agent-friendly parsing [0.03ms]
lyntty-cli test: (pass) formatSessionTable > should display session name from summary or tag [0.04ms]
lyntty-cli test: (pass) formatSessionTable > should display session name from summary.text object shape [0.02ms]
lyntty-cli test: (pass) formatSessionTable > should fall back to tag when no summary [0.01ms]
lyntty-cli test: (pass) formatSessionTable > should display active/inactive status [0.02ms]
lyntty-cli test: (pass) formatSessionTable > should display path from metadata [0.02ms]
lyntty-cli test: (pass) formatSessionTable > should display "-" for missing metadata fields [0.01ms]
lyntty-cli test: (pass) formatSessionTable > should handle null metadata gracefully [0.01ms]
lyntty-cli test: (pass) formatSessionTable > should display multiple sessions [0.07ms]
lyntty-cli test: (pass) formatSessionStatus > should display session ID [0.09ms]
lyntty-cli test: (pass) formatSessionStatus > should display metadata fields [0.04ms]
lyntty-cli test: (pass) formatSessionStatus > should display summary from summary.text object shape [0.02ms]
lyntty-cli test: (pass) formatSessionStatus > should display active status [0.01ms]
lyntty-cli test: (pass) formatSessionStatus > should display inactive status
lyntty-cli test: (pass) formatSessionStatus > should display agent state as idle when not busy [0.02ms]
lyntty-cli test: (pass) formatSessionStatus > should display agent state as busy when controlledByUser is true [0.02ms]
lyntty-cli test: (pass) formatSessionStatus > should display pending requests count [0.02ms]
lyntty-cli test: (pass) formatSessionStatus > should display "no state" when agentState is null [0.01ms]
lyntty-cli test: (pass) formatSessionStatus > should omit missing optional metadata fields [0.02ms]
lyntty-cli test: (pass) formatMessageHistory > should return markdown summary when messages array is empty [0.06ms]
lyntty-cli test: (pass) formatMessageHistory > should display user messages with role and text [0.10ms]
lyntty-cli test: (pass) formatMessageHistory > should display assistant messages [0.02ms]
lyntty-cli test: (pass) formatMessageHistory > should display multiple messages [0.03ms]
lyntty-cli test: (pass) formatMessageHistory > should handle string content directly [0.01ms]
lyntty-cli test: (pass) formatMessageHistory > should handle null content by showing JSON [0.02ms]
lyntty-cli test: (pass) formatMessageHistory > should handle unknown role gracefully [0.01ms]
lyntty-cli test: (pass) formatJson > should format data as pretty JSON [0.11ms]
lyntty-cli test: (pass) formatJson > should handle arrays [0.02ms]
lyntty-cli test: (pass) formatJson > should handle null [0.01ms]
lyntty-cli test: (pass) formatJson > should handle nested objects [0.04ms]
lyntty-cli test:
lyntty-cli test: src/commands/remote/session.test.ts:
lyntty-cli test: (pass) SessionClient > constructor and connection > creates socket with correct auth parameters [0.38ms]
lyntty-cli test: (pass) SessionClient > constructor and connection > connects to the correct server URL [0.18ms]
lyntty-cli test: (pass) SessionClient > constructor and connection > emits connected event when socket connects [1.12ms]
lyntty-cli test: (pass) SessionClient > constructor and connection > emits disconnected event when socket disconnects [0.08ms]
lyntty-cli test: (pass) SessionClient > update event handling and decryption > decrypts and emits new-message updates [0.44ms]
lyntty-cli test: (pass) SessionClient > update event handling and decryption > decrypts and caches metadata updates [0.22ms]
lyntty-cli test: (pass) SessionClient > update event handling and decryption > decrypts and caches agentState updates [0.12ms]
lyntty-cli test: (pass) SessionClient > update event handling and decryption > ignores metadata updates with lower version [0.08ms]
lyntty-cli test: (pass) SessionClient > update event handling and decryption > ignores agentState updates with lower version [0.07ms]
lyntty-cli test: (pass) SessionClient > update event handling and decryption > handles null agentState value [0.03ms]
lyntty-cli test: (pass) SessionClient > update event handling and decryption > handles update with both metadata and agentState [0.06ms]
lyntty-cli test: (pass) SessionClient > update event handling and decryption > silently ignores updates with no body [0.05ms]
lyntty-cli test: (pass) SessionClient > update event handling and decryption > handles decryption errors silently [0.07ms]
lyntty-cli test: (pass) SessionClient > update event handling and decryption > works with legacy encryption for updates [0.43ms]
lyntty-cli test: (pass) SessionClient > waitForIdle > does not resolve immediately when no agentState is set [104.39ms]
lyntty-cli test: (pass) SessionClient > waitForIdle > resolves when controlledByUser becomes false and no requests [0.43ms]
lyntty-cli test: (pass) SessionClient > waitForIdle > does not resolve when agentState becomes null [203.16ms]
lyntty-cli test: (pass) SessionClient > waitForIdle > does not resolve when only controlledByUser is false but requests remain [103.74ms]
lyntty-cli test: (pass) SessionClient > waitForIdle > rejects on timeout [103.08ms]
lyntty-cli test: (pass) SessionClient > waitForIdle > considers undefined requests as idle [0.37ms]
lyntty-cli test: (pass) SessionClient > waitForTurnCompletion > resolves when a turn-end arrives after turn-start [0.50ms]
lyntty-cli test: (pass) SessionClient > waitForTurnCompletion > resolves on ready events emitted after post-send agent activity [0.23ms]
lyntty-cli test: (pass) SessionClient > waitForTurnCompletion > does not resolve on idle state changes before any post-send activity [103.62ms]
lyntty-cli test: (pass) SessionClient > waitForTurnCompletion > falls back to idle state after activity when no turn-end event is emitted [0.33ms]
lyntty-cli test: (pass) SessionClient > waitForTurnCompletion > does not resolve from idle state once a turn has started [54.07ms]
lyntty-cli test: (pass) SessionClient > waitForTurnCompletionAfter > ignores an existing turn end until this localId is accepted and a new turn starts [0.61ms]
lyntty-cli test: (pass) SessionClient > waitForTurnCompletionAfter > fails closed on disconnect after the localId barrier [0.18ms]
lyntty-cli test: (pass) SessionClient > waitForTurnCompletionAfter > fails closed when no causally related turn completes before timeout [23.41ms]
lyntty-cli test: (pass) SessionClient > sendStop > emits session-end event with session ID and time [0.16ms]
lyntty-cli test: (pass) SessionClient > close > disconnects the socket [0.05ms]
lyntty-cli test:
lyntty-cli test: src/commands/remote/machineRpc.test.ts:
lyntty-cli test: (pass) parseSpawnMachineSessionResult > accepts complete result variants [0.11ms]
lyntty-cli test: (pass) parseSpawnMachineSessionResult > rejects incomplete or unknown RPC data: null [0.04ms]
lyntty-cli test: (pass) parseSpawnMachineSessionResult > rejects incomplete or unknown RPC data: {"type":"success"}
lyntty-cli test: (pass) parseSpawnMachineSessionResult > rejects incomplete or unknown RPC data: {"type":"success","sessionId":""}
lyntty-cli test: (pass) parseSpawnMachineSessionResult > rejects incomplete or unknown RPC data: {"type":"requestToApproveDirectoryCreation"}
lyntty-cli test: (pass) parseSpawnMachineSessionResult > rejects incomplete or unknown RPC data: {"type":"error","errorMessage":""}
lyntty-cli test: (pass) parseSpawnMachineSessionResult > rejects incomplete or unknown RPC data: {"type":"other"}
lyntty-cli test:
lyntty-cli test: src/commands/dev/appLogs.test.ts:
lyntty-cli test: 📱 App log receiver listening on http://127.0.0.1:41599
lyntty-cli test: 📝 Writing to /home/jc/dev/lyntty/worktrees/session-sync-reliability/packages/lyntty-cli/dist/test-state/unit-bsOGcu/tmp/lyntty-app-logs-dykNzw/app-logs/2026-07-27-09-19-07.log
lyntty-cli test: 📱 App log receiver listening on http://0.0.0.0:40993
lyntty-cli test: 📝 Writing to /home/jc/dev/lyntty/worktrees/session-sync-reliability/packages/lyntty-cli/dist/test-state/unit-bsOGcu/tmp/lyntty-app-logs-host-9dkEnX/app-logs/2026-07-27-09-19-07.log
lyntty-cli test: (pass) app log receiver > defaults to loopback and accepts an explicit host [12.19ms]
lyntty-cli test: 📱 App log receiver listening on http://127.0.0.1:43489
lyntty-cli test: 📝 Writing to /home/jc/dev/lyntty/worktrees/session-sync-reliability/packages/lyntty-cli/dist/test-state/unit-bsOGcu/tmp/lyntty-app-logs-4Llbf0/app-logs/2026-07-27-09-19-07.log
lyntty-cli test: (pass) app log receiver > writes formatted POST lines to stdout and the per-home file [10.26ms]
lyntty-cli test: 📱 App log receiver listening on http://127.0.0.1:36169
lyntty-cli test: 📝 Writing to /home/jc/dev/lyntty/worktrees/session-sync-reliability/packages/lyntty-cli/dist/test-state/unit-bsOGcu/tmp/lyntty-app-logs-HUo0lh/app-logs/2026-07-27-09-19-07.log
lyntty-cli test: (pass) app log receiver > preserves OPTIONS, bad-request, and not-found behavior [6.61ms]
lyntty-cli test:
lyntty-cli test: src/modules/ripgrep/index.test.ts:
lyntty-cli test: (pass) ripgrep low-level wrapper > should get version [4.35ms]
lyntty-cli test: (pass) ripgrep low-level wrapper > should search for pattern [2.10ms]
lyntty-cli test: (pass) ripgrep low-level wrapper > should return exit code 1 for no matches [1.73ms]
lyntty-cli test: (pass) ripgrep low-level wrapper > should handle JSON output [1.73ms]
lyntty-cli test: (pass) ripgrep low-level wrapper > should respect custom working directory [1.91ms]
lyntty-cli test:
lyntty-cli test: src/modules/common/pathSecurity.test.ts:
lyntty-cli test: (pass) validatePath > should allow paths within working directory [3.15ms]
lyntty-cli test: (pass) validatePath > should reject paths outside working directory [0.05ms]
lyntty-cli test: (pass) validatePath > should prevent path traversal attacks [0.02ms]
lyntty-cli test: (pass) validatePath > should allow the working directory itself [0.02ms]
lyntty-cli test:
lyntty-cli test: src/modules/worktree/worktreeRpc.test.ts:
lyntty-cli test: (pass) managed worktree RPC helpers > rejects branch names that could escape the managed worktree directory [0.35ms]
lyntty-cli test: (pass) managed worktree RPC helpers > rejects remove/status requests outside managed worktree paths [0.18ms]
lyntty-cli test:
lyntty-cli test: src/modules/difftastic/index.test.ts:
lyntty-cli test: (pass) difftastic > should show version [5.38ms]
lyntty-cli test: (pass) difftastic > should compare two files [5.72ms]
lyntty-cli test: (pass) difftastic > should respect color option [6.56ms]
lyntty-cli test: (pass) difftastic > should list languages [3.13ms]
lyntty-cli test: (pass) difftastic > should handle missing files [4.24ms]
lyntty-cli test:
lyntty-cli test: src/daemon/service/service.test.ts:
lyntty-cli test: (pass) systemd user service > includes the standard /opt executable directory in the Linux daemon PATH [3.59ms]
lyntty-cli test: (pass) systemd user service > renders a direct standalone daemon command and fixed service environment [0.70ms]
lyntty-cli test: (pass) systemd user service > atomically installs, enables, reports, and removes a user unit [17.49ms]
lyntty-cli test: (pass) systemd user service > restores the previous unit when enablement fails [7.06ms]
lyntty-cli test: (pass) macOS LaunchAgent service > escapes plist values and never uses a system LaunchDaemon [0.37ms]
lyntty-cli test: (pass) macOS LaunchAgent service > bootstraps, restarts, stops, and removes the per-user agent [6.70ms]
lyntty-cli test:
lyntty-cli test:  656 pass
lyntty-cli test:  0 fail
lyntty-cli test:  1449 expect() calls
lyntty-cli test: Ran 656 tests across 76 files. [15.84s]
lyntty-cli test: Exited with code 0
$ bun run --filter lyntty-relay typecheck && bun run --filter lyntty-relay build && bun run --filter lyntty-relay test:compiled && bun run --filter lyntty-relay test
lyntty-relay typecheck: Exited with code 0
lyntty-relay build: $ rm -rf dist && mkdir -p dist/prisma && bun build ./sources/standalone.ts --compile --outfile dist/lyntty-relay --target bun && cp node_modules/@electric-sql/pglite/dist/{pglite.wasm,pglite.data} dist/ && cp -r prisma/migrations dist/prisma/migrations
lyntty-relay build:  [105ms]  bundle  1760 modules
lyntty-relay build:  [159ms] compile  dist/lyntty-relay
lyntty-relay build: Exited with code 0
lyntty-relay test:compiled: compiled Relay help, migration, doctor, backup/restore, health, shutdown, and runtime-sentinel smoke passed
lyntty-relay test:compiled: Exited with code 0
lyntty-relay test: bun test v1.3.14 (0d9b296a)
lyntty-relay test:
lyntty-relay test: sources/backup.spec.ts:
lyntty-relay test: (pass) Relay database backup > creates a private atomic PGlite data-dir dump and checksum [2432.61ms]
lyntty-relay test: (pass) Relay database backup > rejects live PGlite access and destinations inside the data directory [598.94ms]
lyntty-relay test: (pass) Relay database backup > keeps PostgreSQL credentials out of pg_dump arguments [10.45ms]
lyntty-relay test: (pass) Relay database backup > restores PostgreSQL through one transaction without credential arguments [3.06ms]
lyntty-relay test: (pass) Relay database backup > maps PostgreSQL URLs into libpq environment [0.08ms]
lyntty-relay test:
lyntty-relay test: sources/masterSecret.spec.ts:
lyntty-relay test: (pass) resolveMasterSecret > prefers the Lyntty-namespaced secret [0.05ms]
lyntty-relay test: (pass) resolveMasterSecret > accepts the legacy name during the compatibility window [0.02ms]
lyntty-relay test: (pass) resolveMasterSecret > closes the legacy-name window at Relay schema 2 [0.06ms]
lyntty-relay test: (pass) resolveMasterSecret > fails closed when no secret is configured [0.03ms]
lyntty-relay test:
lyntty-relay test: sources/standalone.spec.ts:
lyntty-relay test: (pass) isStandaloneEntrypoint > recognizes standalone script paths on Windows and POSIX [0.04ms]
lyntty-relay test: (pass) isStandaloneEntrypoint > rejects unrelated entrypoints
lyntty-relay test: (pass) isStandaloneEntrypoint > does not initialize a missing PGlite directory during diagnostics [0.12ms]
lyntty-relay test: Migrating database in /home/jc/dev/lyntty/worktrees/session-sync-reliability/packages/lyntty-relay/dist/test-state/old-pglite-a7429b75-0112-454c-9d37-129965661a16/data...
lyntty-relay test:   Applying 20250713002718_initial...
lyntty-relay test:   Applying 20250713004156_add_sessions...
lyntty-relay test:   Applying 20250713032124_add_tag_to_session...
lyntty-relay test:   Applying 20250714030924_add_session_metadata...
lyntty-relay test:   Applying 20250714032124_session_timeouts...
lyntty-relay test:   Applying 20250715012822_add_metadata_version_agent_state...
lyntty-relay test:   Applying 20250718031550_add_local_id_to_session_message...
lyntty-relay test:   Applying 20250718032748_add_push_token...
lyntty-relay test:   Applying 20250719042829_add_terminal_auth_request...
lyntty-relay test:   Applying 20250719061508_add_response_account...
lyntty-relay test:   Applying 20250721073743_add_usage_report...
lyntty-relay test:   Applying 20250726092110_remove_updates...
lyntty-relay test:   Applying 20250726205102_add_settings_to_account...
lyntty-relay test:   Applying 20250726205206_add_account_settings_version...
lyntty-relay test:   Applying 20250812092041_add_machine_model...
lyntty-relay test:   Applying 20250816171155_add_app_to_app_authentication...
lyntty-relay test:   Applying 20250818044258_add_daemon_state_to_machine...
lyntty-relay test:   Applying 20250820051609_add_session_id_seq_index...
lyntty-relay test:   Applying 20250820052449_add_session_sort...
lyntty-relay test:   Applying 20250827015520_add_github_entities...
lyntty-relay test:   Applying 20250827044624_add_user_profile_fields...
lyntty-relay test:   Applying 20250827045037_add_reuse_key_to_file...
lyntty-relay test:   Applying 20250827051355_add_image_parameters...
lyntty-relay test:   Applying 20250901205028_add_service_account_tokens...
lyntty-relay test:   Applying 20250908050408_add_data_encryption_key...
lyntty-relay test:   Applying 20250908052114_add_machine_data_encryption_key...
lyntty-relay test:   Applying 20250911030241_add_version2_field...
lyntty-relay test:   Applying 20250917052000_add_artefacts...
lyntty-relay test:   Applying 20250917055002_add_access_key...
lyntty-relay test:   Applying 20250918045344_add_friendships...
lyntty-relay test:   Applying 20250919021354_fix_relationship_status...
lyntty-relay test:   Applying 20250920025406_add_username...
lyntty-relay test:   Applying 20250920035415_make_github_user_id_unique...
lyntty-relay test:   Applying 20250920213557_add_user_feed...
lyntty-relay test:   Applying 20250920215413_add_last_notified_at...
lyntty-relay test:   Applying 20250922000310_add_user_kv...
lyntty-relay test:   Applying 20260407053500_add_voice_conversation...
lyntty-relay test:   Applying 20260702033500_add_auth_token_revocation...
lyntty-relay test:   Applying 20260704062000_auth_request_expiry_consumption...
lyntty-relay test: Applied 39 migration(s).
lyntty-relay test: Migrating database in /home/jc/dev/lyntty/worktrees/session-sync-reliability/packages/lyntty-relay/dist/test-state/old-pglite-a7429b75-0112-454c-9d37-129965661a16/data...
lyntty-relay test: No new migrations to apply.
lyntty-relay test: (pass) isStandaloneEntrypoint > upgrades an old PGlite database without losing account data [1328.57ms]
lyntty-relay test: (pass) isStandaloneEntrypoint > reports independent Relay, schema, and Wire build identity [4.21ms]
lyntty-relay test: (pass) isStandaloneEntrypoint > resolves source and compiled executable argument layouts [0.17ms]
lyntty-relay test:
lyntty-relay test: sources/pgliteLock.spec.ts:
lyntty-relay test: (pass) PGlite lifecycle lease > excludes backup/restore while another Relay process holds the data directory [11.02ms]
lyntty-relay test:
lyntty-relay test: sources/migrationState.spec.ts:
lyntty-relay test: (pass) Relay migration compatibility > reports pending and unfinished migrations as incompatible [0.43ms]
lyntty-relay test: (pass) Relay migration compatibility > fails known migration checksum mismatches [0.12ms]
lyntty-relay test: (pass) Relay migration compatibility > requires migrate to backfill legacy null checksums before serve [0.06ms]
lyntty-relay test: (pass) Relay migration compatibility > allows additive future migrations only with an explicit compatible minimum [0.29ms]
lyntty-relay test: (pass) Relay migration compatibility > rejects a contract schema requiring a newer Relay binary [0.11ms]
lyntty-relay test:
lyntty-relay test: sources/utils/lru.spec.ts:
lyntty-relay test: (pass) LRUSet > should throw error when maxSize is 0 or negative [0.10ms]
lyntty-relay test: (pass) LRUSet > should create LRUSet with positive maxSize [0.01ms]
lyntty-relay test: (pass) LRUSet > should add values to the set [0.07ms]
lyntty-relay test: (pass) LRUSet > should not duplicate values [0.01ms]
lyntty-relay test: (pass) LRUSet > should evict least recently used item when capacity exceeded [0.02ms]
lyntty-relay test: (pass) LRUSet > should move accessed items to front [0.01ms]
lyntty-relay test: (pass) LRUSet > should move re-added items to front [0.01ms]
lyntty-relay test: (pass) LRUSet > should delete values [0.02ms]
lyntty-relay test: (pass) LRUSet > should handle delete of head node [0.09ms]
lyntty-relay test: (pass) LRUSet > should handle delete of tail node [0.03ms]
lyntty-relay test: (pass) LRUSet > should clear all values [0.02ms]
lyntty-relay test: (pass) LRUSet > should iterate values in order from most to least recently used [0.04ms]
lyntty-relay test: (pass) LRUSet > should convert to array in order from most to least recently used [0.02ms]
lyntty-relay test: (pass) LRUSet > should work with string values [0.10ms]
lyntty-relay test: (pass) LRUSet > should work with object values [0.03ms]
lyntty-relay test: (pass) LRUSet > should handle single item capacity [0.02ms]
lyntty-relay test: (pass) LRUSet > should handle operations on empty set [0.02ms]
lyntty-relay test:
lyntty-relay test: sources/utils/separateName.spec.ts:
lyntty-relay test: (pass) separateName > should separate basic first and last name [0.08ms]
lyntty-relay test: (pass) separateName > should handle single name with no last name [0.02ms]
lyntty-relay test: (pass) separateName > should handle multiple names putting everything after first as lastName [0.01ms]
lyntty-relay test: (pass) separateName > should handle empty string
lyntty-relay test: (pass) separateName > should handle null input
lyntty-relay test: (pass) separateName > should handle undefined input
lyntty-relay test: (pass) separateName > should handle whitespace-only string
lyntty-relay test: (pass) separateName > should handle extra spaces between names
lyntty-relay test: (pass) separateName > should handle names with special characters
lyntty-relay test: (pass) separateName > should handle hyphenated last names
lyntty-relay test: (pass) separateName > should handle multiple middle names and hyphenated last name
lyntty-relay test:
lyntty-relay test: sources/storage/databaseProvider.spec.ts:
lyntty-relay test: (pass) resolveDatabaseProvider > defaults to PGlite without an external database URL [0.03ms]
lyntty-relay test: (pass) resolveDatabaseProvider > selects PostgreSQL when DATABASE_URL is configured [0.01ms]
lyntty-relay test: (pass) resolveDatabaseProvider > honors an explicit provider [0.01ms]
lyntty-relay test: (pass) resolveDatabaseProvider > rejects unknown providers [0.03ms]
lyntty-relay test:
lyntty-relay test: sources/app/auth/auth.test.ts:
lyntty-relay test: (pass) AuthModule token hardening > creates expiring versioned tokens with client scopes [179.10ms]
lyntty-relay test: (pass) AuthModule token hardening > rejects malformed token payloads without a user id [0.31ms]
lyntty-relay test: (pass) AuthModule token hardening > rejects tokens after account token version changes [0.16ms]
lyntty-relay test: (pass) AuthModule token hardening > rejects explicitly revoked token ids [0.08ms]
lyntty-relay test: (pass) AuthModule token hardening > persists exact-token revocation by jti [0.17ms]
lyntty-relay test: (pass) AuthModule token hardening > bumps account token version for user-wide revocation [0.18ms]
lyntty-relay test: (pass) auth scope helpers > allows only token-declared socket client types [2.87ms]
lyntty-relay test:
lyntty-relay test: sources/app/monitoring/metrics2.test.ts:
lyntty-relay test: (pass) updateDatabaseMetrics > uses estimated counts instead of exact table counts [0.43ms]
lyntty-relay test:
lyntty-relay test: sources/app/push/pushDispatch.spec.ts:
lyntty-relay test: (pass) dispatchSessionEventPush > suppresses only when the same session is actively visible [0.32ms]
lyntty-relay test: (pass) dispatchSessionEventPush > sends when no client is viewing the target session [0.23ms]
lyntty-relay test:
lyntty-relay test: sources/app/events/eventRouter.spec.ts:
lyntty-relay test: (pass) session push presence > suppresses only active non-machine sockets viewing the same session [0.12ms]
lyntty-relay test: (pass) session push presence > queries sockets with fail-open same-session visibility semantics [581.41ms]
lyntty-relay test:
lyntty-relay test: sources/app/api/routes/machinesRoutes.spec.ts:
lyntty-relay test: (pass) machinesRoutes — POST /v1/machines creation emits > emits new-machine to the user's app AND a key-less update-machine companion [67.34ms]
lyntty-relay test: (pass) machinesRoutes — POST /v1/machines creation emits > emits a new-machine update that validates against the app's update schema (the fix accepts the real payload) [602.73ms]
lyntty-relay test: (pass) machinesRoutes — POST /v1/machines creation emits > emits a new-machine update that also validates when there is no data encryption key [4.77ms]
lyntty-relay test:
lyntty-relay test: sources/app/api/routes/versionRoutes.test.ts:
lyntty-relay test: (pass) versionRoutes > returns APK fields only after verifying the signed stable BOM [26.58ms]
lyntty-relay test: (pass) versionRoutes > returns no update for the current Android versionCode [6.12ms]
lyntty-relay test: (pass) versionRoutes > does not offer a stable APK to another app identity [0.86ms]
lyntty-relay test: (pass) versionRoutes > uses separate trust, URL, package, signer, and image policy for preview [10.00ms]
lyntty-relay test: (pass) versionRoutes > does not fall back from preview to the stable BOM [4.26ms]
lyntty-relay test: (pass) versionRoutes > fails closed when BOM content is tampered after signing [9.58ms]
lyntty-relay test: (pass) versionRoutes > fails closed when a signed BOM is not encoded as canonical file bytes [8.68ms]
lyntty-relay test: (pass) versionRoutes > rejects a lower signed sequence after accepting a newer BOM [6.64ms]
lyntty-relay test: (pass) versionRoutes > ignores non-Android platforms without fetching release metadata [2.37ms]
lyntty-relay test:
lyntty-relay test: sources/app/api/routes/v3SessionRoutes.test.ts:
lyntty-relay test: (pass) v3SessionRoutes > reads messages in seq order from the beginning [13.49ms]
lyntty-relay test: (pass) v3SessionRoutes > returns stable session tags for Pi discovery reconciliation [2.66ms]
lyntty-relay test: (pass) v3SessionRoutes > supports cursor pagination with hasMore [2.65ms]
lyntty-relay test: (pass) v3SessionRoutes > supports backward pagination with before_seq returning newest first [2.42ms]
lyntty-relay test: (pass) v3SessionRoutes > rejects requests that combine after_seq and before_seq [2.49ms]
lyntty-relay test: (pass) v3SessionRoutes > returns empty results for empty sessions and after_seq beyond latest [1.76ms]
lyntty-relay test: (pass) v3SessionRoutes > enforces read query bounds and auth/session ownership [2.73ms]
lyntty-relay test: (pass) v3SessionRoutes > sends a single message and emits a new-message update [8.66ms]
lyntty-relay test: (pass) v3SessionRoutes > sends multiple messages with sequential seq numbers [34.01ms]
lyntty-relay test: (pass) v3SessionRoutes > deduplicates by localId and returns mixed existing/new messages sorted by seq [589.74ms]
lyntty-relay test: (pass) v3SessionRoutes > rejects same localId with different encrypted content [10.42ms]
lyntty-relay test: (pass) v3SessionRoutes > enforces send validation limits and auth/session ownership [5.43ms]
lyntty-relay test:
lyntty-relay test: sources/app/api/routes/attachmentRoutes.spec.ts:
lyntty-relay test: (pass) attachmentRoutes — request-upload > returns 200 with .enc ref + method=PUT in local mode for the session owner [17.09ms]
lyntty-relay test: (pass) attachmentRoutes — request-upload > returns 200 with method=POST + formFields and a content-length-range policy in S3 mode [35.40ms]
lyntty-relay test: (pass) attachmentRoutes — request-upload > returns 404 when the requesting user is not the session owner [571.10ms]
lyntty-relay test: (pass) attachmentRoutes — request-upload > returns 401 when unauthenticated [11.83ms]
lyntty-relay test: (pass) attachmentRoutes — request-upload > returns 413 when the declared size exceeds the 10MB limit [2.97ms]
lyntty-relay test: (pass) attachmentRoutes — PUT (local-mode upload) > accepts the encrypted blob from the session owner and stores it under the session prefix [4.25ms]
lyntty-relay test: (pass) attachmentRoutes — PUT (local-mode upload) > rejects path traversal in attachment file segment [4.45ms]
lyntty-relay test: (pass) attachmentRoutes — PUT (local-mode upload) > rejects upload from a non-owner of the session [4.57ms]
lyntty-relay test: (pass) attachmentRoutes — PUT (local-mode upload) > returns 404 for PUT in S3 mode (direct upload not available) [11.31ms]
lyntty-relay test: (pass) attachmentRoutes — POST request-download > returns a server-relative downloadUrl for the session owner in local mode [2.66ms]
lyntty-relay test: (pass) attachmentRoutes — POST request-download > returns a presigned S3 GET URL in S3 mode [7.16ms]
lyntty-relay test: (pass) attachmentRoutes — POST request-download > rejects a ref that does not belong to the requested session (cross-session attack) [2.50ms]
lyntty-relay test: (pass) attachmentRoutes — POST request-download > rejects path traversal inside the ref [1.58ms]
lyntty-relay test: (pass) attachmentRoutes — POST request-download > returns 404 for a non-owner of the session [1.21ms]
lyntty-relay test: (pass) attachmentRoutes — POST request-download > returns 401 when unauthenticated [1.11ms]
lyntty-relay test: (pass) attachmentRoutes — GET (download) > serves the encrypted blob to the session owner in local mode [1.54ms]
lyntty-relay test: (pass) attachmentRoutes — GET (download) > redirects to a presigned GET URL in S3 mode for the session owner [1.31ms]
lyntty-relay test: (pass) attachmentRoutes — GET (download) > returns 404 for non-owner [1.07ms]
lyntty-relay test: (pass) attachmentRoutes — GET (download) > rejects path traversal [1.12ms]
lyntty-relay test: (pass) attachmentRoutes — GET (download) > returns 404 when the attachment file is missing in local mode [1.12ms]
lyntty-relay test:
lyntty-relay test: sources/app/api/socket/scopeGuards.spec.ts:
lyntty-relay test: (pass) socket scope guards > prevents session-scoped and machine-scoped sockets from mutating other sessions [0.10ms]
lyntty-relay test: (pass) socket scope guards > keeps daemon machine state scoped to the bound machine while allowing user metadata edits [0.05ms]
lyntty-relay test:
lyntty-relay test: sources/app/api/socket/wireCompatibility.test.ts:
lyntty-relay test: (pass) Relay socket Wire negotiation > admits missing offers only through the explicit legacy window [8.74ms]
lyntty-relay test: (pass) Relay socket Wire negotiation > negotiates current and one-minor future peers [0.17ms]
lyntty-relay test: (pass) Relay socket Wire negotiation > rejects malformed, major-incompatible, two-minor, and under-capable peers [0.50ms]
lyntty-relay test:
lyntty-relay test: sources/app/api/socket/rpcHandler.spec.ts:
lyntty-relay test: (pass) RPC scope guards > allows machine sockets to register only safe machine RPC methods for their own machine [5.16ms]
lyntty-relay test: (pass) RPC scope guards > prevents user sockets from calling machine-scoped shell/file RPC methods [0.12ms]
lyntty-relay test: (pass) RPC scope guards > keeps session-scoped shell/file RPC available only for the owning session [0.03ms]
lyntty-relay test: (pass) RPC scope guards > allows only declared user-scoped session RPC methods [0.02ms]
lyntty-relay test: (pass) RPC scope guards > prevents machine sockets from issuing RPC calls [0.02ms]
lyntty-relay test: (pass) RPC scope guards > detects oversized RPC payloads including nested objects [4.53ms]
lyntty-relay test:
lyntty-relay test:  120 pass
lyntty-relay test:  0 fail
lyntty-relay test:  335 expect() calls
lyntty-relay test: Ran 120 tests across 19 files. [9.28s]
lyntty-relay test: Exited with code 0
$ bun run --filter lyntty-app typecheck && bun run --filter lyntty-app lint:i18n && bun run --filter lyntty-app test && bun run --filter lyntty-app test:bundle && cd packages/lyntty-app && bunx expo config --type introspect --json > /tmp/lyntty-expo-config.json
lyntty-app typecheck: Exited with code 0
lyntty-app lint:i18n: Exited with code 0
lyntty-app test: App isolated tests: 878 passed, 3411 assertions across 99 files
lyntty-app test: Exited with code 0
lyntty-app test:bundle: Expo Autolinking module resolution enabled
lyntty-app test:bundle: Starting Metro Bundler
lyntty-app test:bundle:
lyntty-app test:bundle: warning: Bundler cache is empty, rebuilding (this may take a minute)
lyntty-app test:bundle: Android packages/lyntty-app/index.ts ░░░░░░░░░░░░░░░░  0.0% (0/1)
lyntty-app test:bundle: Android packages/lyntty-app/index.ts ▓▓▓░░░░░░░░░░░░░ 22.6% (252/530)
lyntty-app test:bundle: Android packages/lyntty-app/index.ts ▓▓▓▓░░░░░░░░░░░░ 31.1% (530/955)
lyntty-app test:bundle: Android packages/lyntty-app/index.ts ▓▓▓▓▓▓▓░░░░░░░░░ 47.3% ( 764/1155)
lyntty-app test:bundle: Android packages/lyntty-app/index.ts ▓▓▓▓▓▓▓▓░░░░░░░░ 50.1% ( 980/1384)
lyntty-app test:bundle: Android packages/lyntty-app/index.ts ▓▓▓▓▓▓▓▓░░░░░░░░ 52.4% (1145/2042)
lyntty-app test:bundle: Android packages/lyntty-app/index.ts ▓▓▓▓▓▓▓▓░░░░░░░░ 52.4% (1396/2217)
lyntty-app test:bundle: Android packages/lyntty-app/index.ts ▓▓▓▓▓▓▓▓▓▓░░░░░░ 62.7% (1860/2349)
lyntty-app test:bundle: Android packages/lyntty-app/index.ts ▓▓▓▓▓▓▓▓▓▓▓▓░░░░ 79.0% (2171/2443)
lyntty-app test:bundle: Android packages/lyntty-app/index.ts ▓▓▓▓▓▓▓▓▓▓▓▓░░░░ 80.0% (2359/2653)
lyntty-app test:bundle: Android packages/lyntty-app/index.ts ▓▓▓▓▓▓▓▓▓▓▓▓░░░░ 81.2% (2604/2909)
lyntty-app test:bundle: Android packages/lyntty-app/index.ts ▓▓▓▓▓▓▓▓▓▓▓▓▓▓░░ 89.2% (2855/3023)
lyntty-app test:bundle:  WARN  Attempted to import the module "/home/jc/dev/lyntty/worktrees/session-sync-reliability/node_modules/.bun/@noble+hashes@1.8.0/node_modules/@noble/hashes/crypto.js" which is not listed in the "exports" of "/home/jc/dev/lyntty/worktrees/session-sync-reliability/node_modules/.bun/@noble+hashes@1.8.0/node_modules/@noble/hashes" under the requested subpath "./crypto.js". Falling back to file-based resolution. Consider updating the call site or asking the package maintainer(s) to expose this API.
lyntty-app test:bundle: Android packages/lyntty-app/index.ts ▓▓▓▓▓▓▓▓▓▓▓▓▓▓▓░ 96.9% (3109/3166)
lyntty-app test:bundle: Android packages/lyntty-app/index.ts ▓▓▓▓▓▓▓▓▓▓▓▓▓▓▓░ 99.9% (3188/3188)
lyntty-app test:bundle: Android Bundled 47946ms packages/lyntty-app/index.ts (3188 modules)
lyntty-app test:bundle: Writing bundle output to: /home/jc/dev/lyntty/worktrees/session-sync-reliability/packages/lyntty-app/dist/test-state/bundle-smoke-821500/index.android.bundle
lyntty-app test:bundle: Writing sourcemap output to: /home/jc/dev/lyntty/worktrees/session-sync-reliability/packages/lyntty-app/dist/test-state/bundle-smoke-821500/index.android.bundle.packager.map
lyntty-app test:bundle: Done writing bundle output
lyntty-app test:bundle: Done writing sourcemap output
lyntty-app test:bundle: Copying 491 asset files
lyntty-app test:bundle: Preview Android bundle smoke passed (13134692 bytes)
lyntty-app test:bundle: Exited with code 0
$ bun test scripts/dev.test.ts scripts/preview.test.ts
bun test v1.3.14 (0d9b296a)

scripts/preview.test.ts:
(pass) Preview LAN selection > selects the preferred source from the default route and rejects loopback addresses [0.36ms]
(pass) Preview build cleanup > prefilters Darwin build PIDs without inspecting every process identity [0.17ms]
(pass) Preview build cleanup > removes every inherited EXPO_PUBLIC value before a release-style build [0.09ms]
(pass) Preview build cleanup > stops only detached build groups carrying the exact build marker [73.61ms]
(pass) public Preview manual-test commands > exposes the five agreed root commands [0.22ms]
(pass) public Preview manual-test commands > reports an uninitialized profile without creating live state [28.57ms]
(pass) public Preview manual-test commands > keeps logs, stop, and reset idempotent before first setup [122.79ms]
(pass) public Preview manual-test commands > reset removes an incomplete build profile even before state publication [59.14ms]
(pass) public Preview manual-test commands > reset stops a marker-owned build group before removing an incomplete profile [134.94ms]
(pass) public Preview manual-test commands > serializes reset after APK preparation and initial backend state publication [1347.64ms]
(pass) public Preview manual-test commands > recognizes the V2 data-key credentials written by real mobile pairing [361.74ms]
(pass) public Preview manual-test commands > starts, inspects, stops, and resets only its owned test supervisor [443.45ms]
(pass) public Preview manual-test commands > prints useful logs without exposing pairing URLs or credential fields [384.86ms]
(pass) public Preview manual-test commands > reuses a content-matched Preview APK and rebuilds after source changes [937.20ms]
(pass) public Preview manual-test commands > imports only an allowlisted audited current-source Preview APK [736.44ms]
(pass) public Preview manual-test commands > refuses a native APK build before spawning Gradle when memory is insufficient [69.05ms]
(pass) public Preview manual-test commands > launches a new managed Pi with isolated Lyntty state and the real user HOME [400.75ms]
(pass) public Preview manual-test commands > runs the current source Relay in an isolated persistent profile [2484.28ms]
(pass) public Preview manual-test commands > pairs an isolated test identity and runs the current source daemon without installing an extension [6310.93ms]
(pass) public Preview manual-test commands > refuses to replace an unrelated listener on the stable Relay port [78.57ms]
(pass) public Preview manual-test commands > refuses to signal a process group whose ownership is not proven [414.81ms]
(pass) public Preview manual-test commands > rejects unknown commands with the public usage [37.33ms]

scripts/dev.test.ts:
(pass) public bun dev commands > parses Darwin numeric process start time and exact argv/environment boundaries [0.45ms]
(pass) public bun dev commands > rechecks liveness when a process exits during identity proof [38.25ms]
(pass) public bun dev commands > rejects unsupported arguments at every public seam [145.62ms]
(pass) public bun dev commands > reports deterministic worktree-local identity and does not plan Android by default [141.04ms]
(pass) public bun dev commands > retains an unexpired provisional allocation after its creator disappears and reclaims an expired free lease [0.59ms]
(pass) public bun dev commands > serializes concurrent fresh up commands under the worktree lifecycle lock [4852.93ms]
(pass) public bun dev commands > rejects partial-role existing-state reuse without rewriting it as running [58.81ms]
(pass) public bun dev commands > fails closed on an unowned live PID without signaling it [416.89ms]
(pass) public bun dev commands > stops live owned groups even when the persisted status is stopped [4254.85ms]
(pass) public bun dev commands > waits for and stops an owned child after its supervisor exits [4421.19ms]
(pass) public bun dev commands > runs the real isolated up/check/verify/down smoke [2942.34ms]
(pass) public bun dev commands > ignores a stale isolated daemon state and passes readiness verification repeatedly [8599.93ms]
(pass) public bun dev commands > uses an atomic claim so reconciliation cannot delete an intent before receipt publication [5270.43ms]
(pass) public bun dev commands > recovers a caller crash from supervisor receipts and stops every receipt-owned group [1918.53ms]

 36 pass
 0 fail
 193 expect() calls
Ran 36 tests across 2 files. [52.30s]
ci_fast_status=0

$ git show --show-signature --no-patch --format=fuller HEAD
commit 6ba0d592f2cd5ab9886a024bb3ec336a40667265
gpg: Signature made Mon Jul 27 17:21:58 2026 CST
gpg:                using RSA key BABC6A51B0F43016329922DE1F863CBFD6EDCA6B
gpg: Good signature from "Chengrui Zhang <jczhang@live.it>" [ultimate]
Merge: 3c657f8 ab0f27f
Author:     JC Zhang <jczhang@live.it>
AuthorDate: Mon Jul 27 17:21:58 2026 +0800
Commit:     JC Zhang <jczhang@live.it>
CommitDate: Mon Jul 27 17:21:58 2026 +0800

    fix(sync): integrate reliability with session retrieval
signature_status=0
