To honour the JVM settings for this build a single-use Daemon process will be forked. For more on this, please refer to https://docs.gradle.org/9.0.0/userguide/gradle_daemon.html#sec:disabling_the_daemon in the Gradle documentation.
Daemon will be stopped at the end of the build
> Task :expo-gradle-plugin:expo-autolinking-plugin-shared:checkKotlinGradlePluginConfigurationErrors SKIPPED
> Task :gradle-plugin:settings-plugin:checkKotlinGradlePluginConfigurationErrors SKIPPED
> Task :gradle-plugin:shared:checkKotlinGradlePluginConfigurationErrors SKIPPED
> Task :expo-gradle-plugin:expo-autolinking-settings-plugin:checkKotlinGradlePluginConfigurationErrors SKIPPED
> Task :expo-gradle-plugin:expo-autolinking-settings-plugin:pluginDescriptors UP-TO-DATE
> Task :expo-gradle-plugin:expo-autolinking-settings-plugin:processResources UP-TO-DATE
> Task :gradle-plugin:settings-plugin:pluginDescriptors UP-TO-DATE
> Task :gradle-plugin:settings-plugin:processResources UP-TO-DATE
> Task :expo-gradle-plugin:expo-autolinking-plugin-shared:compileKotlin UP-TO-DATE
> Task :expo-gradle-plugin:expo-autolinking-plugin-shared:compileJava NO-SOURCE
> Task :gradle-plugin:shared:compileKotlin UP-TO-DATE
> Task :expo-gradle-plugin:expo-autolinking-plugin-shared:processResources NO-SOURCE
> Task :expo-gradle-plugin:expo-autolinking-plugin-shared:classes UP-TO-DATE
> Task :gradle-plugin:shared:compileJava NO-SOURCE
> Task :gradle-plugin:shared:processResources NO-SOURCE
> Task :gradle-plugin:shared:classes UP-TO-DATE
> Task :expo-gradle-plugin:expo-autolinking-plugin-shared:jar UP-TO-DATE
> Task :gradle-plugin:shared:jar UP-TO-DATE
> Task :expo-gradle-plugin:expo-autolinking-settings-plugin:compileKotlin UP-TO-DATE
> Task :expo-gradle-plugin:expo-autolinking-settings-plugin:compileJava NO-SOURCE
> Task :expo-gradle-plugin:expo-autolinking-settings-plugin:classes UP-TO-DATE
> Task :expo-gradle-plugin:expo-autolinking-settings-plugin:jar UP-TO-DATE
> Task :gradle-plugin:settings-plugin:compileKotlin UP-TO-DATE
> Task :gradle-plugin:settings-plugin:compileJava NO-SOURCE
> Task :gradle-plugin:settings-plugin:classes UP-TO-DATE
> Task :gradle-plugin:settings-plugin:jar UP-TO-DATE
> Task :gradle-plugin:react-native-gradle-plugin:checkKotlinGradlePluginConfigurationErrors SKIPPED
> Task :expo-dev-launcher-gradle-plugin:checkKotlinGradlePluginConfigurationErrors SKIPPED
> Task :expo-dev-launcher-gradle-plugin:pluginDescriptors UP-TO-DATE
> Task :expo-dev-launcher-gradle-plugin:processResources UP-TO-DATE
> Task :expo-module-gradle-plugin:checkKotlinGradlePluginConfigurationErrors SKIPPED
> Task :expo-module-gradle-plugin:pluginDescriptors UP-TO-DATE
> Task :expo-module-gradle-plugin:processResources UP-TO-DATE
> Task :expo-updates-gradle-plugin:checkKotlinGradlePluginConfigurationErrors SKIPPED
> Task :expo-updates-gradle-plugin:pluginDescriptors UP-TO-DATE
> Task :expo-updates-gradle-plugin:processResources UP-TO-DATE
> Task :expo-gradle-plugin:expo-autolinking-plugin:checkKotlinGradlePluginConfigurationErrors SKIPPED
> Task :expo-gradle-plugin:expo-autolinking-plugin:compileKotlin UP-TO-DATE
> Task :expo-gradle-plugin:expo-autolinking-plugin:compileJava NO-SOURCE
> Task :expo-gradle-plugin:expo-autolinking-plugin:pluginDescriptors UP-TO-DATE
> Task :expo-gradle-plugin:expo-autolinking-plugin:processResources UP-TO-DATE
> Task :expo-gradle-plugin:expo-autolinking-plugin:classes UP-TO-DATE
> Task :expo-gradle-plugin:expo-autolinking-plugin:jar UP-TO-DATE
> Task :expo-gradle-plugin:expo-max-sdk-override-plugin:checkKotlinGradlePluginConfigurationErrors SKIPPED
> Task :expo-gradle-plugin:expo-max-sdk-override-plugin:compileKotlin UP-TO-DATE
> Task :expo-gradle-plugin:expo-max-sdk-override-plugin:compileJava NO-SOURCE
> Task :expo-gradle-plugin:expo-max-sdk-override-plugin:pluginDescriptors UP-TO-DATE
> Task :expo-gradle-plugin:expo-max-sdk-override-plugin:processResources UP-TO-DATE
> Task :expo-gradle-plugin:expo-max-sdk-override-plugin:classes UP-TO-DATE
> Task :gradle-plugin:react-native-gradle-plugin:compileKotlin UP-TO-DATE
> Task :expo-gradle-plugin:expo-max-sdk-override-plugin:jar UP-TO-DATE
> Task :gradle-plugin:react-native-gradle-plugin:compileJava NO-SOURCE
> Task :gradle-plugin:react-native-gradle-plugin:pluginDescriptors UP-TO-DATE
> Task :gradle-plugin:react-native-gradle-plugin:processResources UP-TO-DATE
> Task :gradle-plugin:react-native-gradle-plugin:classes UP-TO-DATE
> Task :gradle-plugin:react-native-gradle-plugin:jar UP-TO-DATE
> Task :expo-module-gradle-plugin:compileKotlin UP-TO-DATE
> Task :expo-module-gradle-plugin:compileJava NO-SOURCE
> Task :expo-module-gradle-plugin:classes UP-TO-DATE
> Task :expo-module-gradle-plugin:jar UP-TO-DATE
> Task :expo-dev-launcher-gradle-plugin:compileKotlin UP-TO-DATE
> Task :expo-dev-launcher-gradle-plugin:compileJava NO-SOURCE
> Task :expo-dev-launcher-gradle-plugin:classes UP-TO-DATE
> Task :expo-dev-launcher-gradle-plugin:jar UP-TO-DATE
> Task :expo-updates-gradle-plugin:compileKotlin UP-TO-DATE
> Task :expo-updates-gradle-plugin:compileJava NO-SOURCE
> Task :expo-updates-gradle-plugin:classes UP-TO-DATE
> Task :expo-updates-gradle-plugin:jar UP-TO-DATE

> Configure project :
[32m[ExpoRootProject][0m Using the following versions:
  - buildTools:  [32m36.0.0[0m
  - minSdk:      [32m24[0m
  - compileSdk:  [32m36[0m
  - targetSdk:   [32m36[0m
  - ndk:         [32m27.1.12297006[0m
  - kotlin:      [32m2.1.20[0m
  - ksp:         [32m2.1.20-2.0.1[0m

> Configure project :app
 ℹ️  [33mApplying gradle plugin[0m '[32mexpo-max-sdk-override-plugin[0m'
  [expo-max-sdk-override-plugin] This plugin will find all permissions declared with `android:maxSdkVersion`. If there exists a declaration with the `android:maxSdkVersion` annotation and another one without, the plugin will remove the annotation from the final merged manifest. In order to see a log with the changes run a clean build of the app.
 ℹ️  [33mApplying gradle plugin[0m '[32mexpo-dev-launcher-gradle-plugin[0m'
 ℹ️  [33mApplying gradle plugin[0m '[32mexpo-updates-gradle-plugin[0m'

> Configure project :expo

Using expo modules
  - [32mexpo-log-box[0m (55.0.12)
  - [32mlivekit-react-native-expo-plugin[0m (1.0.0)
  - [32mexpo-constants[0m (55.0.16)
  - [32mexpo-dev-client[0m (55.0.36)
  - [32mexpo-dev-launcher[0m (55.0.37)
  - [32mexpo-dev-menu[0m (55.0.31)
  - [32mexpo-dev-menu-interface[0m (55.0.2)
  - [32mexpo-eas-client[0m (55.0.5)
  - [32mexpo-http-server[0m (unspecified)
  - [32mexpo-json-utils[0m (55.0.2)
  - [32mexpo-manifests[0m (55.0.18)

> Configure project :expo-modules-core
Linking react-native-worklets native libs into expo-modules-core build tasks
task ':react-native-worklets:mergeDebugNativeLibs'
task ':react-native-worklets:mergeReleaseNativeLibs'

> Configure project :expo
  - [32mexpo-modules-core[0m (55.0.25)
  - [32mexpo-structured-headers[0m (55.0.2)
  - [32mexpo-updates[0m (55.0.25)
  - [32mexpo-updates-interface[0m (55.1.6)
  - [33m[📦][0m [32mexpo-dom-webview[0m (55.0.6)
  - [33m[📦][0m [32mexpo-ui[0m (55.0.17)
  - [33m[📦][0m [32mexpo-application[0m (55.0.16)
  - [33m[📦][0m [32mexpo-asset[0m (55.0.17)
  - [33m[📦][0m [32mexpo-audio[0m (55.0.15)
  - [33m[📦][0m [32mexpo-battery[0m (55.0.14)
  - [33m[📦][0m [32mexpo-blur[0m (55.0.15)
  - [33m[📦][0m [32mexpo-brightness[0m (55.0.14)
  - [33m[📦][0m [32mexpo-calendar[0m (55.0.16)
  - [33m[📦][0m [32mexpo-camera[0m (55.0.20)
  - [33m[📦][0m [32mexpo-cellular[0m (55.0.14)
  - [33m[📦][0m [32mexpo-clipboard[0m (55.0.14)
  - [33m[📦][0m [32mexpo-crypto[0m (55.0.16)
  - [33m[📦][0m [32mexpo-device[0m (55.0.18)
  - [33m[📦][0m [32mexpo-document-picker[0m (55.0.14)
  - [33m[📦][0m [32mexpo-file-system[0m (55.0.23)
  - [33m[📦][0m [32mexpo-font[0m (55.0.8)
  - [33m[📦][0m [32mexpo-gl[0m (55.0.15)
  - [33m[📦][0m [32mexpo-haptics[0m (55.0.15)
  - [33m[📦][0m [32mexpo-image[0m (55.0.11)
  - [33m[📦][0m [32mexpo-image-loader[0m (55.0.1)
  - [33m[📦][0m [32mexpo-image-manipulator[0m (55.0.18)
  - [33m[📦][0m [32mexpo-image-picker[0m (55.0.21)
  - [33m[📦][0m [32mexpo-intent-launcher[0m (55.0.13)
  - [33m[📦][0m [32mexpo-keep-awake[0m (55.0.8)
  - [33m[📦][0m [32mexpo-linear-gradient[0m (55.0.15)
  - [33m[📦][0m [32mexpo-linking[0m (55.0.16)
  - [33m[📦][0m [32mexpo-local-authentication[0m (55.0.15)
  - [33m[📦][0m [32mexpo-localization[0m (55.0.16)
  - [33m[📦][0m [32mexpo-location[0m (55.0.7)
  - [33m[📦][0m [32mexpo-mail-composer[0m (55.0.15)
  - [33m[📦][0m [32mexpo-mesh-gradient[0m (55.0.15)
  - [33m[📦][0m [32mexpo-navigation-bar[0m (55.0.14)
  - [33m[📦][0m [32mexpo-notifications[0m (55.0.24)
  - [33m[📦][0m [32mexpo-print[0m (55.0.16)
  - [33m[📦][0m [32mexpo-router[0m (55.0.16)
  - [33m[📦][0m [32mexpo-screen-capture[0m (55.0.15)
  - [33m[📦][0m [32mexpo-screen-orientation[0m (55.0.17)
  - [33m[📦][0m [32mexpo-secure-store[0m (55.0.15)
  - [33m[📦][0m [32mexpo-sensors[0m (55.0.16)
  - [33m[📦][0m [32mexpo-sharing[0m (55.0.21)
  - [33m[📦][0m [32mexpo-splash-screen[0m (55.0.22)
  - [33m[📦][0m [32mexpo-store-review[0m (55.0.15)
  - [33m[📦][0m [32mexpo-system-ui[0m (55.0.19)
  - [33m[📦][0m [32mexpo-web-browser[0m (55.0.17)


> Configure project :react-native-mmkv
[react-native-mmkv] Thank you for using react-native-mmkv ❤️
[react-native-mmkv] If you enjoy using react-native-mmkv, please consider sponsoring this project: https://github.com/sponsors/mrousavy

> Configure project :react-native-nitro-modules
[NitroModules] 🔥 Your app is boosted by nitro modules!

> Configure project :react-native-unistyles
[NitroModules] 🔥 unistyles is boosted by nitro!

> Configure project :react-native-vision-camera
[VisionCamera] Thank you for using VisionCamera ❤️
[VisionCamera] If you enjoy using VisionCamera, please consider sponsoring this project: https://github.com/sponsors/mrousavy
[VisionCamera] node_modules found at <worktree>/node_modules
[VisionCamera] VisionCamera_enableFrameProcessors is set to true!
[VisionCamera] react-native-worklets-core not found, Frame Processors are disabled!
[VisionCamera] VisionCamera_enableCodeScanner is set to false!

> Configure project :shopify_react-native-skia
react-native-skia: SK_GRAPHITE: false
react-native-skia: Skia libs: <worktree>/node_modules/@shopify/react-native-skia/android/../libs/android
react-native-skia: node_modules/ found at: <worktree>/node_modules
react-native-skia: RN Version: 83 / 0.83.1
react-native-skia: isSourceBuild: false
react-native-skia: PrebuiltDir: <worktree>/node_modules/@shopify/react-native-skia/android/build/react-native-0*/jni
react-native-skia: buildType: release
react-native-skia: buildDir: <worktree>/node_modules/@shopify/react-native-skia/android/build
react-native-skia: node_modules: <worktree>/node_modules
react-native-skia: Enable Prefab: true
react-native-skia: aar state post 70, do nothing

> Task :expo:generatePackagesList
> Task :expo:preBuild
> Task :app:generateAutolinkingNewArchitectureFiles
> Task :app:generateAutolinkingPackageList
> Task :app:generateCodegenSchemaFromJavaScript SKIPPED
> Task :app:generateCodegenArtifactsFromSchema SKIPPED
> Task :app:generateReactNativeEntryPoint
> Task :expo-dev-client:preBuild UP-TO-DATE
> Task :expo-dev-launcher:preBuild UP-TO-DATE
> Task :expo-dev-menu:preBuild UP-TO-DATE
> Task :expo-dev-menu-interface:preBuild UP-TO-DATE
> Task :expo-eas-client:preBuild UP-TO-DATE
> Task :expo-http-server:preBuild UP-TO-DATE
> Task :expo-json-utils:preBuild UP-TO-DATE
> Task :expo-log-box:preBuild UP-TO-DATE
> Task :expo-manifests:preBuild UP-TO-DATE
> Task :expo-modules-core:preBuild UP-TO-DATE
> Task :expo-structured-headers:preBuild UP-TO-DATE
> Task :expo-updates:preBuild UP-TO-DATE
> Task :expo-updates-interface:preBuild UP-TO-DATE
> Task :livekit-react-native-expo-plugin:preBuild UP-TO-DATE
> Task :livekit_react-native:preBuild UP-TO-DATE
> Task :livekit_react-native-webrtc:preBuild UP-TO-DATE
> Task :lottie-react-native:generateCodegenSchemaFromJavaScript

> Task :expo-constants:createExpoConfig
The NODE_ENV environment variable is required but was not specified. Ensure the project is bundled with Expo CLI or NODE_ENV is set. Using only .env.local and .env

> Task :expo-constants:preBuild

> Task :more-tech_react-native-libsodium:generateCodegenSchemaFromJavaScript
No modules to process in combine-js-to-schema-cli. If this is unexpected, please check if you set up your NativeComponent correctly. See combine-js-to-schema.js for how codegen finds modules.

> Task :lottie-react-native:generateCodegenArtifactsFromSchema
> Task :lottie-react-native:preBuild
> Task :react-native-async-storage_async-storage:generateCodegenSchemaFromJavaScript
> Task :more-tech_react-native-libsodium:generateCodegenArtifactsFromSchema
> Task :more-tech_react-native-libsodium:preBuild
> Task :react-native-audio-api:assertMinimalReactNativeVersionTask SKIPPED
> Task :react-native-audio-api:generateCodegenSchemaFromJavaScript
> Task :react-native-async-storage_async-storage:generateCodegenArtifactsFromSchema
> Task :react-native-async-storage_async-storage:preBuild
> Task :react-native-community_datetimepicker:generateCodegenSchemaFromJavaScript
> Task :react-native-audio-api:generateCodegenArtifactsFromSchema
> Task :react-native-audio-api:preBuild
> Task :react-native-community_slider:generateCodegenSchemaFromJavaScript
> Task :react-native-community_datetimepicker:generateCodegenArtifactsFromSchema
> Task :react-native-community_datetimepicker:preBuild
> Task :react-native-device-info:preBuild UP-TO-DATE
> Task :react-native-enriched:generateCodegenSchemaFromJavaScript SKIPPED
> Task :react-native-enriched:generateCodegenArtifactsFromSchema SKIPPED
> Task :react-native-enriched:preBuild UP-TO-DATE
> Task :react-native-gesture-handler:generateCodegenSchemaFromJavaScript
> Task :react-native-community_slider:generateCodegenArtifactsFromSchema
> Task :react-native-community_slider:preBuild
> Task :react-native-keyboard-controller:generateCodegenSchemaFromJavaScript
> Task :react-native-gesture-handler:generateCodegenArtifactsFromSchema
> Task :react-native-gesture-handler:preBuild
> Task :react-native-localize:generateCodegenSchemaFromJavaScript
> Task :react-native-keyboard-controller:generateCodegenArtifactsFromSchema
> Task :react-native-keyboard-controller:preBuild
> Task :react-native-masked-view_masked-view:preBuild UP-TO-DATE
> Task :react-native-localize:generateCodegenArtifactsFromSchema
> Task :react-native-localize:preBuild
> Task :react-native-mmkv:generateCodegenSchemaFromJavaScript
> Task :react-native-nitro-modules:generateCodegenSchemaFromJavaScript
> Task :react-native-mmkv:generateCodegenArtifactsFromSchema
> Task :react-native-mmkv:preBuild
> Task :react-native-nitro-modules:generateCodegenArtifactsFromSchema
> Task :react-native-picker_picker:generateCodegenSchemaFromJavaScript
> Task :react-native-nitro-modules:prepareHeaders
> Task :react-native-nitro-modules:preBuild
> Task :react-native-purchases:preBuild UP-TO-DATE

> Task :react-native-purchases-ui:generateCodegenSchemaFromJavaScript
No modules to process in combine-js-to-schema-cli. If this is unexpected, please check if you set up your NativeComponent correctly. See combine-js-to-schema.js for how codegen finds modules.

> Task :react-native-picker_picker:generateCodegenArtifactsFromSchema
> Task :react-native-picker_picker:preBuild

> Task :react-native-quick-base64:generateCodegenSchemaFromJavaScript
No modules to process in combine-js-to-schema-cli. If this is unexpected, please check if you set up your NativeComponent correctly. See combine-js-to-schema.js for how codegen finds modules.

> Task :react-native-purchases-ui:generateCodegenArtifactsFromSchema
> Task :react-native-purchases-ui:preBuild
> Task :react-native-reanimated:assertMinimalReactNativeVersionTask
> Task :react-native-reanimated:assertWorkletsVersionTask
> Task :react-native-quick-base64:generateCodegenArtifactsFromSchema
> Task :react-native-quick-base64:preBuild
> Task :react-native-reanimated:generateCodegenSchemaFromJavaScript
> Task :react-native-safe-area-context:generateCodegenSchemaFromJavaScript
> Task :react-native-reanimated:generateCodegenArtifactsFromSchema
> Task :react-native-safe-area-context:generateCodegenArtifactsFromSchema
> Task :react-native-safe-area-context:preBuild
> Task :react-native-reanimated:prepareReanimatedHeadersForPrefabs
> Task :react-native-reanimated:preBuild
> Task :react-native-screens:generateCodegenSchemaFromJavaScript
> Task :react-native-svg:generateCodegenSchemaFromJavaScript
> Task :react-native-screens:generateCodegenArtifactsFromSchema
> Task :react-native-screens:preBuild
> Task :react-native-unistyles:checkNativeTurboUnistylesSpec
> Task :react-native-svg:generateCodegenArtifactsFromSchema
> Task :react-native-svg:preBuild
> Task :react-native-unistyles:generateCodegenSchemaFromJavaScript
> Task :react-native-view-shot:generateCodegenSchemaFromJavaScript
> Task :react-native-unistyles:generateCodegenArtifactsFromSchema
> Task :react-native-unistyles:preBuild
> Task :react-native-view-shot:generateCodegenArtifactsFromSchema
> Task :react-native-view-shot:preBuild

> Task :react-native-vision-camera:generateCodegenSchemaFromJavaScript
No modules to process in combine-js-to-schema-cli. If this is unexpected, please check if you set up your NativeComponent correctly. See combine-js-to-schema.js for how codegen finds modules.

> Task :react-native-webview:generateCodegenSchemaFromJavaScript
> Task :react-native-vision-camera:generateCodegenArtifactsFromSchema
> Task :react-native-webview:generateCodegenArtifactsFromSchema
> Task :react-native-webview:preBuild
> Task :react-native-vision-camera:prepareHeaders
> Task :react-native-vision-camera:preBuild
> Task :rn-encryption:generateCodegenSchemaFromJavaScript SKIPPED
> Task :rn-encryption:generateCodegenArtifactsFromSchema SKIPPED
> Task :rn-encryption:preBuild UP-TO-DATE
> Task :react-native-worklets:assertMinimalReactNativeVersionTask
> Task :shopify_react-native-skia:generateCodegenSchemaFromJavaScript
> Task :react-native-worklets:generateCodegenSchemaFromJavaScript
> Task :shopify_react-native-skia:generateCodegenArtifactsFromSchema
> Task :react-native-worklets:generateCodegenArtifactsFromSchema
> Task :react-native-worklets:prepareWorkletsHeadersForPrefabs
> Task :react-native-worklets:preBuild
> Task :react-native-nitro-modules:preReleaseBuild
> Task :shopify_react-native-skia:prepareHeaders
> Task :shopify_react-native-skia:preBuild
> Task :app:preBuild
> Task :app:preReleaseBuild
> Task :react-native-reanimated:preReleaseBuild
> Task :react-native-worklets:preReleaseBuild
> Task :react-native-nitro-modules:configureCMakeRelWithDebInfo[arm64-v8a]
> Task :react-native-worklets:configureCMakeRelWithDebInfo[arm64-v8a]
> Task :react-native-nitro-modules:buildCMakeRelWithDebInfo[arm64-v8a]
> Task :react-native-nitro-modules:externalNativeBuildRelease
> Task :react-native-nitro-modules:generateJsonModelRelease
> Task :react-native-nitro-modules:prefabReleaseConfigurePackage
> Task :react-native-vision-camera:preReleaseBuild

> Task :react-native-vision-camera:configureCMakeRelWithDebInfo[arm64-v8a]
C/C++: VisionCamera: Frame Processors: OFF!

> Task :react-native-vision-camera:generateJsonModelRelease
> Task :react-native-vision-camera:prefabReleaseConfigurePackage
> Task :shopify_react-native-skia:extractAARHeaders
> Task :shopify_react-native-skia:extractJNIFiles
> Task :shopify_react-native-skia:preReleaseBuild

> Task :shopify_react-native-skia:configureCMakeRelWithDebInfo[arm64-v8a]
C/C++: -- SKIA_LIBS_PATH: <worktree>/node_modules/@shopify/react-native-skia/android/../libs/android/arm64-v8a
C/C++: -- SK_GRAPHITE: OFF
C/C++: -- ABI     : arm64-v8a
C/C++: -- PREBUILT: <worktree>/node_modules/@shopify/react-native-skia/android/build/react-native-0*/jni
C/C++: -- BUILD   : <worktree>/node_modules/@shopify/react-native-skia/android/build
C/C++: -- LIBRN   :
C/C++: -- LOG     : /opt/android-sdk/ndk/27.1.12297006/toolchains/llvm/prebuilt/linux-x86_64/sysroot/usr/lib/aarch64-linux-android/24/liblog.so
C/C++: -- JSI     : ReactAndroid::jsi
C/C++: -- REACT   : ReactAndroid::reactnative
C/C++: -- FBJNI   : fbjni::fbjni
C/C++: -- REACTNATIVEJNI   :
C/C++: -- RUNTIMEEXECUTOR   :
C/C++: -- TURBO   :

> Task :shopify_react-native-skia:generateJsonModelRelease
> Task :shopify_react-native-skia:prefabReleaseConfigurePackage
> Task :react-native-nitro-modules:prefabReleasePackage
> Task :react-native-vision-camera:buildCMakeRelWithDebInfo[arm64-v8a]
> Task :react-native-vision-camera:externalNativeBuildRelease
> Task :react-native-vision-camera:prefabReleasePackage
> Task :react-native-worklets:buildCMakeRelWithDebInfo[arm64-v8a][worklets]
> Task :react-native-worklets:externalNativeBuildRelease
> Task :react-native-worklets:generateJsonModelRelease
> Task :react-native-worklets:prefabReleaseConfigurePackage
> Task :react-native-reanimated:configureCMakeRelWithDebInfo[arm64-v8a]
> Task :react-native-reanimated:generateJsonModelRelease
> Task :react-native-reanimated:prefabReleaseConfigurePackage
> Task :shopify_react-native-skia:buildCMakeRelWithDebInfo[arm64-v8a]
> Task :react-native-worklets:prefabReleasePackage
> Task :app:configureCMakeRelWithDebInfo[arm64-v8a]
> Task :react-native-worklets:mergeReleaseJniLibFolders
> Task :react-native-worklets:mergeReleaseNativeLibs
> Task :react-native-worklets:copyReleaseJniLibsProjectOnly
> Task :shopify_react-native-skia:externalNativeBuildRelease
> Task :shopify_react-native-skia:prefabReleasePackage
> Task :app:mergeReleaseJniLibFolders
> Task :expo:preReleaseBuild
> Task :expo:mergeReleaseJniLibFolders
> Task :expo:mergeReleaseNativeLibs NO-SOURCE
> Task :expo:copyReleaseJniLibsProjectOnly
> Task :expo-constants:preReleaseBuild
> Task :expo-constants:mergeReleaseJniLibFolders
> Task :expo-constants:mergeReleaseNativeLibs NO-SOURCE
> Task :expo-constants:copyReleaseJniLibsProjectOnly
> Task :expo-dev-client:preReleaseBuild UP-TO-DATE
> Task :expo-dev-client:mergeReleaseJniLibFolders
> Task :expo-dev-client:mergeReleaseNativeLibs NO-SOURCE
> Task :expo-dev-client:copyReleaseJniLibsProjectOnly
> Task :expo-dev-launcher:preReleaseBuild UP-TO-DATE
> Task :expo-dev-launcher:mergeReleaseJniLibFolders
> Task :expo-dev-launcher:mergeReleaseNativeLibs NO-SOURCE
> Task :expo-dev-launcher:copyReleaseJniLibsProjectOnly
> Task :expo-dev-menu:preReleaseBuild UP-TO-DATE
> Task :expo-dev-menu:mergeReleaseJniLibFolders
> Task :expo-dev-menu:mergeReleaseNativeLibs NO-SOURCE
> Task :expo-dev-menu:copyReleaseJniLibsProjectOnly
> Task :expo-dev-menu-interface:preReleaseBuild UP-TO-DATE
> Task :expo-dev-menu-interface:mergeReleaseJniLibFolders
> Task :expo-dev-menu-interface:mergeReleaseNativeLibs NO-SOURCE
> Task :expo-dev-menu-interface:copyReleaseJniLibsProjectOnly
> Task :expo-eas-client:preReleaseBuild UP-TO-DATE
> Task :expo-eas-client:mergeReleaseJniLibFolders
> Task :expo-eas-client:mergeReleaseNativeLibs NO-SOURCE
> Task :expo-eas-client:copyReleaseJniLibsProjectOnly
> Task :expo-http-server:preReleaseBuild UP-TO-DATE
> Task :expo-http-server:mergeReleaseJniLibFolders
> Task :expo-http-server:mergeReleaseNativeLibs NO-SOURCE
> Task :expo-http-server:copyReleaseJniLibsProjectOnly
> Task :expo-json-utils:preReleaseBuild UP-TO-DATE
> Task :expo-json-utils:mergeReleaseJniLibFolders
> Task :expo-json-utils:mergeReleaseNativeLibs NO-SOURCE
> Task :expo-json-utils:copyReleaseJniLibsProjectOnly
> Task :expo-log-box:preReleaseBuild UP-TO-DATE
> Task :expo-log-box:mergeReleaseJniLibFolders
> Task :expo-log-box:mergeReleaseNativeLibs NO-SOURCE
> Task :expo-log-box:copyReleaseJniLibsProjectOnly
> Task :expo-manifests:preReleaseBuild UP-TO-DATE
> Task :expo-manifests:mergeReleaseJniLibFolders
> Task :expo-manifests:mergeReleaseNativeLibs NO-SOURCE
> Task :expo-manifests:copyReleaseJniLibsProjectOnly
> Task :expo-modules-core:preReleaseBuild UP-TO-DATE
> Task :react-native-reanimated:buildCMakeRelWithDebInfo[arm64-v8a][reanimated]
> Task :react-native-reanimated:externalNativeBuildRelease
> Task :react-native-reanimated:prefabReleasePackage
> Task :expo-modules-core:configureCMakeRelWithDebInfo[arm64-v8a]
> Task :app:buildCMakeRelWithDebInfo[arm64-v8a]

> Task :expo-modules-core:buildCMakeRelWithDebInfo[arm64-v8a]
C/C++: ninja: Entering directory `<worktree>/node_modules/expo-modules-core/android/.cxx/RelWithDebInfo/6p6d3c3g/arm64-v8a'
C/C++: <worktree>/node_modules/expo-modules-core/android/src/main/cpp/types/FrontendConverter.cpp:763:5: warning: ignoring return value of function declared with 'nodiscard' attribute [-Wunused-result]
C/C++:   763 |     worklets::extractSerializableOrThrow(rt, value);
C/C++:       |     ^~~~~~~~~~~~~~~~~~~~~~~~~~~~~~~~~~~~
C/C++: 1 warning generated.

> Task :expo-modules-core:mergeReleaseJniLibFolders
> Task :expo-modules-core:mergeReleaseNativeLibs
> Task :expo-modules-core:copyReleaseJniLibsProjectOnly
> Task :expo-structured-headers:preReleaseBuild UP-TO-DATE
> Task :expo-structured-headers:mergeReleaseJniLibFolders
> Task :expo-structured-headers:mergeReleaseNativeLibs NO-SOURCE
> Task :expo-structured-headers:copyReleaseJniLibsProjectOnly
> Task :expo-updates:preReleaseBuild UP-TO-DATE
> Task :expo-updates:configureCMakeRelWithDebInfo[arm64-v8a]
> Task :expo-updates:buildCMakeRelWithDebInfo[arm64-v8a]
> Task :expo-updates:configureCMakeRelWithDebInfo[armeabi-v7a]
> Task :expo-updates:buildCMakeRelWithDebInfo[armeabi-v7a]
> Task :expo-updates:configureCMakeRelWithDebInfo[x86]
> Task :expo-updates:buildCMakeRelWithDebInfo[x86]
> Task :expo-updates:configureCMakeRelWithDebInfo[x86_64]
> Task :expo-updates:buildCMakeRelWithDebInfo[x86_64]
> Task :expo-updates:mergeReleaseJniLibFolders
> Task :expo-updates:mergeReleaseNativeLibs
> Task :expo-updates:copyReleaseJniLibsProjectOnly
> Task :expo-updates-interface:preReleaseBuild UP-TO-DATE
> Task :expo-updates-interface:mergeReleaseJniLibFolders
> Task :expo-updates-interface:mergeReleaseNativeLibs NO-SOURCE
> Task :expo-updates-interface:copyReleaseJniLibsProjectOnly
> Task :livekit-react-native-expo-plugin:preReleaseBuild UP-TO-DATE
> Task :livekit-react-native-expo-plugin:mergeReleaseJniLibFolders
> Task :livekit-react-native-expo-plugin:mergeReleaseNativeLibs NO-SOURCE
> Task :livekit-react-native-expo-plugin:copyReleaseJniLibsProjectOnly
> Task :livekit_react-native:preReleaseBuild UP-TO-DATE
> Task :livekit_react-native:mergeReleaseJniLibFolders
> Task :livekit_react-native:mergeReleaseNativeLibs NO-SOURCE
> Task :livekit_react-native:copyReleaseJniLibsProjectOnly
> Task :livekit_react-native-webrtc:preReleaseBuild UP-TO-DATE
> Task :livekit_react-native-webrtc:mergeReleaseJniLibFolders
> Task :livekit_react-native-webrtc:mergeReleaseNativeLibs NO-SOURCE
> Task :livekit_react-native-webrtc:copyReleaseJniLibsProjectOnly
> Task :lottie-react-native:preReleaseBuild
> Task :lottie-react-native:mergeReleaseJniLibFolders
> Task :lottie-react-native:mergeReleaseNativeLibs NO-SOURCE
> Task :lottie-react-native:copyReleaseJniLibsProjectOnly
> Task :more-tech_react-native-libsodium:preReleaseBuild

> Task :more-tech_react-native-libsodium:configureCMakeRelWithDebInfo[arm64-v8a]
C/C++: CMake Warning (dev) in CMakeLists.txt:
C/C++:   No project() command is present.  The top-level CMakeLists.txt file must
C/C++:   contain a literal, direct call to the project() command.  Add a line of
C/C++:   code such as
C/C++:     project(ProjectName)
C/C++:   near the top of the file, but after cmake_minimum_required().
C/C++:   CMake is pretending there is a "project(Project)" command on the first
C/C++:   line.
C/C++: This warning is for project developers.  Use -Wno-dev to suppress it.

> Task :more-tech_react-native-libsodium:buildCMakeRelWithDebInfo[arm64-v8a]
C/C++: ninja: Entering directory `<worktree>/node_modules/@more-tech/react-native-libsodium/android/.cxx/RelWithDebInfo/4226j5d2/arm64-v8a'
C/C++: <worktree>/node_modules/@more-tech/react-native-libsodium/cpp/react-native-libsodium.cpp:1135:32: warning: unused variable 'publicKeyArgType' [-Wunused-variable]
C/C++:  1135 |                     JsiArgType publicKeyArgType = validateIsStringOrArrayBuffer(functionName, runtime, arguments[publicKeyArgumentPosition], publicKeyArgumentName, true);
C/C++:       |                                ^~~~~~~~~~~~~~~~
C/C++: <worktree>/node_modules/@more-tech/react-native-libsodium/cpp/react-native-libsodium.cpp:1139:32: warning: unused variable 'privateKeyArgType' [-Wunused-variable]
C/C++:  1139 |                     JsiArgType privateKeyArgType = validateIsStringOrArrayBuffer(functionName, runtime, arguments[privateKeyArgumentPosition], privateKeyArgumentName, true);
C/C++:       |                                ^~~~~~~~~~~~~~~~~
C/C++: 2 warnings generated.

> Task :more-tech_react-native-libsodium:configureCMakeRelWithDebInfo[armeabi-v7a]
C/C++: CMake Warning (dev) in CMakeLists.txt:
C/C++:   No project() command is present.  The top-level CMakeLists.txt file must
C/C++:   contain a literal, direct call to the project() command.  Add a line of
C/C++:   code such as
C/C++:     project(ProjectName)
C/C++:   near the top of the file, but after cmake_minimum_required().
C/C++:   CMake is pretending there is a "project(Project)" command on the first
C/C++:   line.
C/C++: This warning is for project developers.  Use -Wno-dev to suppress it.

> Task :react-native-async-storage_async-storage:preReleaseBuild
> Task :react-native-async-storage_async-storage:mergeReleaseJniLibFolders
> Task :react-native-async-storage_async-storage:mergeReleaseNativeLibs NO-SOURCE
> Task :react-native-async-storage_async-storage:copyReleaseJniLibsProjectOnly
> Task :react-native-audio-api:preReleaseBuild

> Task :react-native-audio-api:configureCMakeRelWithDebInfo[arm64-v8a]
C/C++: CMake Warning:
C/C++:   Manually-specified variables were not used by the project:
C/C++:     REACT_NATIVE_MINOR_VERSION

> Task :more-tech_react-native-libsodium:buildCMakeRelWithDebInfo[armeabi-v7a]
C/C++: ninja: Entering directory `<worktree>/node_modules/@more-tech/react-native-libsodium/android/.cxx/RelWithDebInfo/4226j5d2/armeabi-v7a'
C/C++: <worktree>/node_modules/@more-tech/react-native-libsodium/cpp/react-native-libsodium.cpp:1135:32: warning: unused variable 'publicKeyArgType' [-Wunused-variable]
C/C++:  1135 |                     JsiArgType publicKeyArgType = validateIsStringOrArrayBuffer(functionName, runtime, arguments[publicKeyArgumentPosition], publicKeyArgumentName, true);
C/C++:       |                                ^~~~~~~~~~~~~~~~
C/C++: <worktree>/node_modules/@more-tech/react-native-libsodium/cpp/react-native-libsodium.cpp:1139:32: warning: unused variable 'privateKeyArgType' [-Wunused-variable]
C/C++:  1139 |                     JsiArgType privateKeyArgType = validateIsStringOrArrayBuffer(functionName, runtime, arguments[privateKeyArgumentPosition], privateKeyArgumentName, true);
C/C++:       |                                ^~~~~~~~~~~~~~~~~
C/C++: 2 warnings generated.

> Task :more-tech_react-native-libsodium:configureCMakeRelWithDebInfo[x86]
C/C++: CMake Warning (dev) in CMakeLists.txt:
C/C++:   No project() command is present.  The top-level CMakeLists.txt file must
C/C++:   contain a literal, direct call to the project() command.  Add a line of
C/C++:   code such as
C/C++:     project(ProjectName)
C/C++:   near the top of the file, but after cmake_minimum_required().
C/C++:   CMake is pretending there is a "project(Project)" command on the first
C/C++:   line.
C/C++: This warning is for project developers.  Use -Wno-dev to suppress it.

> Task :more-tech_react-native-libsodium:buildCMakeRelWithDebInfo[x86]
C/C++: ninja: Entering directory `<worktree>/node_modules/@more-tech/react-native-libsodium/android/.cxx/RelWithDebInfo/4226j5d2/x86'
C/C++: <worktree>/node_modules/@more-tech/react-native-libsodium/cpp/react-native-libsodium.cpp:1135:32: warning: unused variable 'publicKeyArgType' [-Wunused-variable]
C/C++:  1135 |                     JsiArgType publicKeyArgType = validateIsStringOrArrayBuffer(functionName, runtime, arguments[publicKeyArgumentPosition], publicKeyArgumentName, true);
C/C++:       |                                ^~~~~~~~~~~~~~~~
C/C++: <worktree>/node_modules/@more-tech/react-native-libsodium/cpp/react-native-libsodium.cpp:1139:32: warning: unused variable 'privateKeyArgType' [-Wunused-variable]
C/C++:  1139 |                     JsiArgType privateKeyArgType = validateIsStringOrArrayBuffer(functionName, runtime, arguments[privateKeyArgumentPosition], privateKeyArgumentName, true);
C/C++:       |                                ^~~~~~~~~~~~~~~~~
C/C++: 2 warnings generated.

> Task :more-tech_react-native-libsodium:configureCMakeRelWithDebInfo[x86_64]
C/C++: CMake Warning (dev) in CMakeLists.txt:
C/C++:   No project() command is present.  The top-level CMakeLists.txt file must
C/C++:   contain a literal, direct call to the project() command.  Add a line of
C/C++:   code such as
C/C++:     project(ProjectName)
C/C++:   near the top of the file, but after cmake_minimum_required().
C/C++:   CMake is pretending there is a "project(Project)" command on the first
C/C++:   line.
C/C++: This warning is for project developers.  Use -Wno-dev to suppress it.

> Task :react-native-audio-api:buildCMakeRelWithDebInfo[arm64-v8a]
C/C++: ninja: Entering directory `<worktree>/node_modules/react-native-audio-api/android/.cxx/RelWithDebInfo/3t5i273x/arm64-v8a'
C/C++: clang++: warning: -Wl,-Bsymbolic: 'linker' input unused [-Wunused-command-line-argument]
C/C++: [2/50] Building CXX object src/main/cpp/audioapi/CMakeFiles/react-native-audio-api.dir<worktree>/node_modules/react-native-audio-api/common/cpp/audioapi/core/effects/PeriodicWave.cpp.o
C/C++: clang++: warning: -Wl,-Bsymbolic: 'linker' input unused [-Wunused-command-line-argument]
C/C++: [3/50] Building CXX object src/main/cpp/audioapi/CMakeFiles/react-native-audio-api.dir<worktree>/node_modules/react-native-audio-api/common/cpp/audioapi/core/AudioParamEventQueue.cpp.o
C/C++: clang++: warning: -Wl,-Bsymbolic: 'linker' input unused [-Wunused-command-line-argument]
C/C++: [4/50] Building CXX object src/main/cpp/audioapi/CMakeFiles/react-native-audio-api.dir<worktree>/node_modules/react-native-audio-api/common/cpp/audioapi/core/destinations/AudioDestinationNode.cpp.o
C/C++: clang++: warning: -Wl,-Bsymbolic: 'linker' input unused [-Wunused-command-line-argument]
C/C++: [5/50] Building CXX object src/main/cpp/audioapi/CMakeFiles/react-native-audio-api.dir<worktree>/node_modules/react-native-audio-api/common/cpp/audioapi/core/effects/StereoPannerNode.cpp.o
C/C++: clang++: warning: -Wl,-Bsymbolic: 'linker' input unused [-Wunused-command-line-argument]
C/C++: [6/50] Building CXX object src/main/cpp/audioapi/CMakeFiles/react-native-audio-api.dir<worktree>/node_modules/react-native-audio-api/common/cpp/audioapi/core/effects/GainNode.cpp.o
C/C++: clang++: warning: -Wl,-Bsymbolic: 'linker' input unused [-Wunused-command-line-argument]
C/C++: [7/50] Building CXX object src/main/cpp/audioapi/CMakeFiles/react-native-audio-api.dir<worktree>/node_modules/react-native-audio-api/common/cpp/audioapi/core/analysis/AnalyserNode.cpp.o
C/C++: clang++: warning: -Wl,-Bsymbolic: 'linker' input unused [-Wunused-command-line-argument]
C/C++: [8/50] Building CXX object src/main/cpp/audioapi/CMakeFiles/react-native-audio-api.dir<worktree>/node_modules/react-native-audio-api/common/cpp/audioapi/core/effects/BiquadFilterNode.cpp.o
C/C++: clang++: warning: -Wl,-Bsymbolic: 'linker' input unused [-Wunused-command-line-argument]
C/C++: [9/50] Building CXX object src/main/cpp/audioapi/CMakeFiles/react-native-audio-api.dir<worktree>/node_modules/react-native-audio-api/common/cpp/audioapi/HostObjects/AudioNodeHostObject.cpp.o
C/C++: clang++: warning: -Wl,-Bsymbolic: 'linker' input unused [-Wunused-command-line-argument]
C/C++: [10/50] Building CXX object src/main/cpp/audioapi/CMakeFiles/react-native-audio-api.dir/android/core/AndroidAudioRecorder.cpp.o
C/C++: clang++: warning: -Wl,-Bsymbolic: 'linker' input unused [-Wunused-command-line-argument]
C/C++: [11/50] Building CXX object src/main/cpp/audioapi/CMakeFiles/react-native-audio-api.dir<worktree>/node_modules/react-native-audio-api/common/cpp/audioapi/core/OfflineAudioContext.cpp.o
C/C++: clang++: warning: -Wl,-Bsymbolic: 'linker' input unused [-Wunused-command-line-argument]
C/C++: [12/50] Building CXX object src/main/cpp/audioapi/CMakeFiles/react-native-audio-api.dir<worktree>/node_modules/react-native-audio-api/common/cpp/audioapi/dsp/AudioUtils.cpp.o
C/C++: clang++: warning: -Wl,-Bsymbolic: 'linker' input unused [-Wunused-command-line-argument]
C/C++: [13/50] Building CXX object src/main/cpp/audioapi/CMakeFiles/react-native-audio-api.dir<worktree>/node_modules/react-native-audio-api/common/cpp/audioapi/core/AudioNode.cpp.o
C/C++: clang++: warning: -Wl,-Bsymbolic: 'linker' input unused [-Wunused-command-line-argument]
C/C++: [14/50] Building CXX object src/main/cpp/audioapi/CMakeFiles/react-native-audio-api.dir<worktree>/node_modules/react-native-audio-api/common/cpp/audioapi/core/inputs/AudioRecorder.cpp.o
C/C++: clang++: warning: -Wl,-Bsymbolic: 'linker' input unused [-Wunused-command-line-argument]
C/C++: [15/50] Building CXX object src/main/cpp/audioapi/CMakeFiles/react-native-audio-api.dir<worktree>/node_modules/react-native-audio-api/common/cpp/audioapi/core/BaseAudioContext.cpp.o
C/C++: clang++: warning: -Wl,-Bsymbolic: 'linker' input unused [-Wunused-command-line-argument]
C/C++: [16/50] Building CXX object src/main/cpp/audioapi/CMakeFiles/react-native-audio-api.dir<worktree>/node_modules/react-native-audio-api/common/cpp/audioapi/HostObjects/BaseAudioContextHostObject.cpp.o
C/C++: clang++: warning: -Wl,-Bsymbolic: 'linker' input unused [-Wunused-command-line-argument]
C/C++: [17/50] Building CXX object src/main/cpp/audioapi/CMakeFiles/react-native-audio-api.dir<worktree>/node_modules/react-native-audio-api/common/cpp/audioapi/core/AudioParam.cpp.o
C/C++: clang++: warning: -Wl,-Bsymbolic: 'linker' input unused [-Wunused-command-line-argument]
C/C++: [18/50] Building CXX object src/main/cpp/audioapi/CMakeFiles/react-native-audio-api.dir/android/core/AudioPlayer.cpp.o
C/C++: clang++: warning: -Wl,-Bsymbolic: 'linker' input unused [-Wunused-command-line-argument]
C/C++: [19/50] Building CXX object src/main/cpp/audioapi/CMakeFiles/react-native-audio-api.dir<worktree>/node_modules/react-native-audio-api/common/cpp/audioapi/dsp/Windows.cpp.o
C/C++: clang++: warning: -Wl,-Bsymbolic: 'linker' input unused [-Wunused-command-line-argument]
C/C++: [20/50] Building CXX object src/main/cpp/audioapi/CMakeFiles/react-native-audio-api.dir<worktree>/node_modules/react-native-audio-api/common/cpp/audioapi/core/AudioContext.cpp.o
C/C++: clang++: warning: -Wl,-Bsymbolic: 'linker' input unused [-Wunused-command-line-argument]
C/C++: [21/50] Building CXX object src/main/cpp/audioapi/CMakeFiles/react-native-audio-api.dir<worktree>/node_modules/react-native-audio-api/common/cpp/audioapi/dsp/VectorMath.cpp.o
C/C++: clang++: warning: -Wl,-Bsymbolic: 'linker' input unused [-Wunused-command-line-argument]
C/C++: [22/50] Building CXX object src/main/cpp/audioapi/CMakeFiles/react-native-audio-api.dir<worktree>/node_modules/react-native-audio-api/common/cpp/audioapi/core/sources/RecorderAdapterNode.cpp.o
C/C++: clang++: warning: -Wl,-Bsymbolic: 'linker' input unused [-Wunused-command-line-argument]
C/C++: [23/50] Building CXX object src/main/cpp/audioapi/CMakeFiles/react-native-audio-api.dir<worktree>/node_modules/react-native-audio-api/common/cpp/audioapi/core/utils/ParamChangeEvent.cpp.o
C/C++: clang++: warning: -Wl,-Bsymbolic: 'linker' input unused [-Wunused-command-line-argument]
C/C++: [24/50] Building C object src/main/cpp/audioapi/CMakeFiles/react-native-audio-api.dir<worktree>/node_modules/react-native-audio-api/common/cpp/audioapi/libs/miniaudio/decoders/libopus/miniaudio_libopus.c.o
C/C++: clang: warning: -Wl,-Bsymbolic: 'linker' input unused [-Wunused-command-line-argument]
C/C++: [25/50] Building C object src/main/cpp/audioapi/CMakeFiles/react-native-audio-api.dir<worktree>/node_modules/react-native-audio-api/common/cpp/audioapi/libs/miniaudio/decoders/libvorbis/miniaudio_libvorbis.c.o
C/C++: clang: warning: -Wl,-Bsymbolic: 'linker' input unused [-Wunused-command-line-argument]
C/C++: [26/50] Building C object src/main/cpp/audioapi/CMakeFiles/react-native-audio-api.dir<worktree>/node_modules/react-native-audio-api/common/cpp/audioapi/libs/audio-stretch/stretch.c.o
C/C++: clang: warning: -Wl,-Bsymbolic: 'linker' input unused [-Wunused-command-line-argument]
C/C++: [27/50] Building CXX object src/main/cpp/audioapi/CMakeFiles/react-native-audio-api.dir<worktree>/node_modules/react-native-audio-api/common/cpp/audioapi/core/utils/AudioNodeDestructor.cpp.o
C/C++: clang++: warning: -Wl,-Bsymbolic: 'linker' input unused [-Wunused-command-line-argument]
C/C++: [28/50] Building CXX object src/main/cpp/audioapi/CMakeFiles/react-native-audio-api.dir<worktree>/node_modules/react-native-audio-api/common/cpp/audioapi/core/sources/OscillatorNode.cpp.o
C/C++: clang++: warning: -Wl,-Bsymbolic: 'linker' input unused [-Wunused-command-line-argument]
C/C++: [29/50] Building CXX object src/main/cpp/audioapi/CMakeFiles/react-native-audio-api.dir<worktree>/node_modules/react-native-audio-api/common/cpp/audioapi/dsp/FFT.cpp.o
C/C++: clang++: warning: -Wl,-Bsymbolic: 'linker' input unused [-Wunused-command-line-argument]
C/C++: [30/50] Building CXX object src/main/cpp/audioapi/CMakeFiles/react-native-audio-api.dir<worktree>/node_modules/react-native-audio-api/common/cpp/audioapi/core/sources/AudioScheduledSourceNode.cpp.o
C/C++: clang++: warning: -Wl,-Bsymbolic: 'linker' input unused [-Wunused-command-line-argument]
C/C++: [31/50] Building CXX object src/main/cpp/audioapi/CMakeFiles/react-native-audio-api.dir<worktree>/node_modules/react-native-audio-api/common/cpp/audioapi/core/sources/StreamerNode.cpp.o
C/C++: clang++: warning: -Wl,-Bsymbolic: 'linker' input unused [-Wunused-command-line-argument]
C/C++: [32/50] Building CXX object src/main/cpp/audioapi/CMakeFiles/react-native-audio-api.dir<worktree>/node_modules/react-native-audio-api/common/cpp/audioapi/core/sources/AudioBufferBaseSourceNode.cpp.o
C/C++: clang++: warning: -Wl,-Bsymbolic: 'linker' input unused [-Wunused-command-line-argument]
C/C++: [33/50] Building CXX object src/main/cpp/audioapi/CMakeFiles/react-native-audio-api.dir<worktree>/node_modules/react-native-audio-api/common/cpp/audioapi/core/utils/AudioNodeManager.cpp.o
C/C++: clang++: warning: -Wl,-Bsymbolic: 'linker' input unused [-Wunused-command-line-argument]
C/C++: [34/50] Building C object src/main/cpp/audioapi/CMakeFiles/react-native-audio-api.dir<worktree>/node_modules/react-native-audio-api/common/cpp/audioapi/libs/pffft/pffft.c.o
C/C++: clang: warning: -Wl,-Bsymbolic: 'linker' input unused [-Wunused-command-line-argument]
C/C++: [35/50] Building CXX object src/main/cpp/audioapi/CMakeFiles/react-native-audio-api.dir<worktree>/node_modules/react-native-audio-api/common/cpp/audioapi/jsi/AudioArrayBuffer.cpp.o
C/C++: clang++: warning: -Wl,-Bsymbolic: 'linker' input unused [-Wunused-command-line-argument]
C/C++: [36/50] Building CXX object src/main/cpp/audioapi/CMakeFiles/react-native-audio-api.dir<worktree>/node_modules/react-native-audio-api/common/cpp/audioapi/utils/AudioArray.cpp.o
C/C++: clang++: warning: -Wl,-Bsymbolic: 'linker' input unused [-Wunused-command-line-argument]
C/C++: [37/50] Building CXX object src/main/cpp/audioapi/CMakeFiles/react-native-audio-api.dir<worktree>/node_modules/react-native-audio-api/common/cpp/audioapi/utils/CircularAudioArray.cpp.o
C/C++: clang++: warning: -Wl,-Bsymbolic: 'linker' input unused [-Wunused-command-line-argument]
C/C++: [38/50] Building CXX object src/main/cpp/audioapi/CMakeFiles/react-native-audio-api.dir<worktree>/node_modules/react-native-audio-api/common/cpp/audioapi/core/sources/AudioBufferSourceNode.cpp.o
C/C++: clang++: warning: -Wl,-Bsymbolic: 'linker' input unused [-Wunused-command-line-argument]
C/C++: [39/50] Building CXX object src/main/cpp/audioapi/CMakeFiles/react-native-audio-api.dir<worktree>/node_modules/react-native-audio-api/common/cpp/audioapi/utils/CircularOverflowableAudioArray.cpp.o
C/C++: clang++: warning: -Wl,-Bsymbolic: 'linker' input unused [-Wunused-command-line-argument]
C/C++: [40/50] Building CXX object src/main/cpp/audioapi/CMakeFiles/react-native-audio-api.dir<worktree>/node_modules/react-native-audio-api/common/cpp/audioapi/libs/ffmpeg/FFmpegDecoding.cpp.o
C/C++: clang++: warning: -Wl,-Bsymbolic: 'linker' input unused [-Wunused-command-line-argument]
C/C++: [41/50] Building CXX object src/main/cpp/audioapi/CMakeFiles/react-native-audio-api.dir<worktree>/node_modules/react-native-audio-api/common/cpp/audioapi/utils/AudioBus.cpp.o
C/C++: clang++: warning: -Wl,-Bsymbolic: 'linker' input unused [-Wunused-command-line-argument]
C/C++: [42/50] Building CXX object src/main/cpp/audioapi/CMakeFiles/react-native-audio-api.dir<worktree>/node_modules/react-native-audio-api/common/cpp/audioapi/jsi/RuntimeLifecycleMonitor.cpp.o
C/C++: clang++: warning: -Wl,-Bsymbolic: 'linker' input unused [-Wunused-command-line-argument]
C/C++: [43/50] Building CXX object src/main/cpp/audioapi/CMakeFiles/react-native-audio-api.dir<worktree>/node_modules/react-native-audio-api/common/cpp/audioapi/core/sources/AudioBufferQueueSourceNode.cpp.o
C/C++: clang++: warning: -Wl,-Bsymbolic: 'linker' input unused [-Wunused-command-line-argument]
C/C++: [44/50] Building CXX object src/main/cpp/audioapi/CMakeFiles/react-native-audio-api.dir/android/OnLoad.cpp.o
C/C++: clang++: warning: -Wl,-Bsymbolic: 'linker' input unused [-Wunused-command-line-argument]
C/C++: [45/50] Building CXX object src/main/cpp/audioapi/CMakeFiles/react-native-audio-api.dir<worktree>/node_modules/react-native-audio-api/common/cpp/audioapi/jsi/JsiHostObject.cpp.o
C/C++: clang++: warning: -Wl,-Bsymbolic: 'linker' input unused [-Wunused-command-line-argument]
C/C++: [46/50] Building CXX object src/main/cpp/audioapi/CMakeFiles/react-native-audio-api.dir<worktree>/node_modules/react-native-audio-api/common/cpp/audioapi/jsi/JsiPromise.cpp.o
C/C++: clang++: warning: -Wl,-Bsymbolic: 'linker' input unused [-Wunused-command-line-argument]
C/C++: [47/50] Building CXX object src/main/cpp/audioapi/CMakeFiles/react-native-audio-api.dir<worktree>/node_modules/react-native-audio-api/common/cpp/audioapi/events/AudioEventHandlerRegistry.cpp.o
C/C++: clang++: warning: -Wl,-Bsymbolic: 'linker' input unused [-Wunused-command-line-argument]
C/C++: [48/50] Building CXX object src/main/cpp/audioapi/CMakeFiles/react-native-audio-api.dir/android/AudioAPIModule.cpp.o
C/C++: clang++: warning: -Wl,-Bsymbolic: 'linker' input unused [-Wunused-command-line-argument]
C/C++: [49/50] Building CXX object src/main/cpp/audioapi/CMakeFiles/react-native-audio-api.dir/android/core/AudioDecoder.cpp.o
C/C++: clang++: warning: -Wl,-Bsymbolic: 'linker' input unused [-Wunused-command-line-argument]
C/C++: In file included from <worktree>/node_modules/react-native-audio-api/android/src/main/cpp/audioapi/android/core/AudioDecoder.cpp:8:
C/C++: <worktree>/node_modules/react-native-audio-api/android/../common/cpp/audioapi/libs/miniaudio/miniaudio.h:78885:23: warning: variable 'metadataBytesRead' set but not used [-Wunused-but-set-variable]
C/C++:  78885 |             ma_uint64 metadataBytesRead;
C/C++:        |                       ^
C/C++: 1 warning generated.

> Task :react-native-audio-api:mergeReleaseJniLibFolders

> Task :more-tech_react-native-libsodium:buildCMakeRelWithDebInfo[x86_64]
C/C++: ninja: Entering directory `<worktree>/node_modules/@more-tech/react-native-libsodium/android/.cxx/RelWithDebInfo/4226j5d2/x86_64'
C/C++: <worktree>/node_modules/@more-tech/react-native-libsodium/cpp/react-native-libsodium.cpp:1135:32: warning: unused variable 'publicKeyArgType' [-Wunused-variable]
C/C++:  1135 |                     JsiArgType publicKeyArgType = validateIsStringOrArrayBuffer(functionName, runtime, arguments[publicKeyArgumentPosition], publicKeyArgumentName, true);
C/C++:       |                                ^~~~~~~~~~~~~~~~
C/C++: <worktree>/node_modules/@more-tech/react-native-libsodium/cpp/react-native-libsodium.cpp:1139:32: warning: unused variable 'privateKeyArgType' [-Wunused-variable]
C/C++:  1139 |                     JsiArgType privateKeyArgType = validateIsStringOrArrayBuffer(functionName, runtime, arguments[privateKeyArgumentPosition], privateKeyArgumentName, true);
C/C++:       |                                ^~~~~~~~~~~~~~~~~
C/C++: 2 warnings generated.

> Task :more-tech_react-native-libsodium:mergeReleaseJniLibFolders
> Task :more-tech_react-native-libsodium:mergeReleaseNativeLibs
> Task :react-native-audio-api:mergeReleaseNativeLibs
> Task :more-tech_react-native-libsodium:copyReleaseJniLibsProjectOnly
> Task :react-native-community_datetimepicker:preReleaseBuild
> Task :react-native-community_datetimepicker:mergeReleaseJniLibFolders
> Task :react-native-community_datetimepicker:mergeReleaseNativeLibs NO-SOURCE
> Task :react-native-community_datetimepicker:copyReleaseJniLibsProjectOnly
> Task :react-native-community_slider:preReleaseBuild
> Task :react-native-community_slider:mergeReleaseJniLibFolders
> Task :react-native-community_slider:mergeReleaseNativeLibs NO-SOURCE
> Task :react-native-community_slider:copyReleaseJniLibsProjectOnly
> Task :react-native-device-info:preReleaseBuild UP-TO-DATE
> Task :react-native-device-info:mergeReleaseJniLibFolders
> Task :react-native-device-info:mergeReleaseNativeLibs NO-SOURCE
> Task :react-native-device-info:copyReleaseJniLibsProjectOnly
> Task :react-native-enriched:preReleaseBuild UP-TO-DATE
> Task :react-native-enriched:mergeReleaseJniLibFolders
> Task :react-native-enriched:mergeReleaseNativeLibs NO-SOURCE
> Task :react-native-enriched:copyReleaseJniLibsProjectOnly
> Task :react-native-gesture-handler:preReleaseBuild
> Task :react-native-audio-api:copyReleaseJniLibsProjectOnly
> Task :react-native-keyboard-controller:preReleaseBuild
> Task :react-native-keyboard-controller:mergeReleaseJniLibFolders
> Task :react-native-keyboard-controller:mergeReleaseNativeLibs NO-SOURCE
> Task :react-native-keyboard-controller:copyReleaseJniLibsProjectOnly
> Task :react-native-localize:preReleaseBuild
> Task :react-native-localize:mergeReleaseJniLibFolders
> Task :react-native-localize:mergeReleaseNativeLibs NO-SOURCE
> Task :react-native-localize:copyReleaseJniLibsProjectOnly
> Task :react-native-masked-view_masked-view:preReleaseBuild UP-TO-DATE
> Task :react-native-masked-view_masked-view:mergeReleaseJniLibFolders
> Task :react-native-masked-view_masked-view:mergeReleaseNativeLibs NO-SOURCE
> Task :react-native-masked-view_masked-view:copyReleaseJniLibsProjectOnly
> Task :react-native-mmkv:preReleaseBuild
> Task :react-native-mmkv:mergeReleaseJniLibFolders
> Task :react-native-mmkv:mergeReleaseNativeLibs NO-SOURCE
> Task :react-native-mmkv:copyReleaseJniLibsProjectOnly
> Task :react-native-nitro-modules:mergeReleaseJniLibFolders
> Task :react-native-nitro-modules:mergeReleaseNativeLibs
> Task :react-native-nitro-modules:copyReleaseJniLibsProjectOnly
> Task :react-native-picker_picker:preReleaseBuild
> Task :react-native-picker_picker:mergeReleaseJniLibFolders
> Task :react-native-picker_picker:mergeReleaseNativeLibs NO-SOURCE
> Task :react-native-picker_picker:copyReleaseJniLibsProjectOnly
> Task :react-native-purchases:preReleaseBuild UP-TO-DATE
> Task :react-native-purchases:mergeReleaseJniLibFolders
> Task :react-native-purchases:mergeReleaseNativeLibs NO-SOURCE
> Task :react-native-purchases:copyReleaseJniLibsProjectOnly
> Task :react-native-purchases-ui:preReleaseBuild
> Task :react-native-purchases-ui:mergeReleaseJniLibFolders
> Task :react-native-purchases-ui:mergeReleaseNativeLibs NO-SOURCE
> Task :react-native-purchases-ui:copyReleaseJniLibsProjectOnly
> Task :react-native-quick-base64:preReleaseBuild
> Task :react-native-gesture-handler:configureCMakeRelWithDebInfo[arm64-v8a]
> Task :react-native-quick-base64:configureCMakeRelWithDebInfo[arm64-v8a]
> Task :react-native-quick-base64:buildCMakeRelWithDebInfo[arm64-v8a]
> Task :react-native-quick-base64:mergeReleaseJniLibFolders
> Task :react-native-quick-base64:mergeReleaseNativeLibs
> Task :react-native-quick-base64:copyReleaseJniLibsProjectOnly
> Task :react-native-reanimated:mergeReleaseJniLibFolders
> Task :react-native-reanimated:mergeReleaseNativeLibs
> Task :react-native-reanimated:copyReleaseJniLibsProjectOnly
> Task :react-native-safe-area-context:preReleaseBuild
> Task :react-native-safe-area-context:mergeReleaseJniLibFolders
> Task :react-native-safe-area-context:mergeReleaseNativeLibs NO-SOURCE
> Task :react-native-safe-area-context:copyReleaseJniLibsProjectOnly
> Task :react-native-screens:preReleaseBuild
> Task :react-native-gesture-handler:buildCMakeRelWithDebInfo[arm64-v8a]
> Task :react-native-gesture-handler:mergeReleaseJniLibFolders
> Task :react-native-gesture-handler:mergeReleaseNativeLibs
> Task :react-native-gesture-handler:copyReleaseJniLibsProjectOnly
> Task :react-native-svg:preReleaseBuild
> Task :react-native-svg:mergeReleaseJniLibFolders
> Task :react-native-svg:mergeReleaseNativeLibs NO-SOURCE
> Task :react-native-svg:copyReleaseJniLibsProjectOnly
> Task :react-native-unistyles:preReleaseBuild
> Task :react-native-screens:configureCMakeRelWithDebInfo[arm64-v8a]
> Task :react-native-unistyles:configureCMakeRelWithDebInfo[arm64-v8a]
> Task :react-native-screens:buildCMakeRelWithDebInfo[arm64-v8a]
> Task :react-native-screens:mergeReleaseJniLibFolders
> Task :react-native-screens:mergeReleaseNativeLibs
> Task :react-native-screens:copyReleaseJniLibsProjectOnly
> Task :react-native-view-shot:preReleaseBuild
> Task :react-native-view-shot:mergeReleaseJniLibFolders
> Task :react-native-view-shot:mergeReleaseNativeLibs NO-SOURCE
> Task :react-native-view-shot:copyReleaseJniLibsProjectOnly
> Task :react-native-vision-camera:mergeReleaseJniLibFolders
> Task :react-native-vision-camera:mergeReleaseNativeLibs
> Task :react-native-vision-camera:copyReleaseJniLibsProjectOnly
> Task :react-native-webview:preReleaseBuild
> Task :react-native-webview:mergeReleaseJniLibFolders
> Task :react-native-webview:mergeReleaseNativeLibs NO-SOURCE
> Task :react-native-webview:copyReleaseJniLibsProjectOnly
> Task :rn-encryption:preReleaseBuild UP-TO-DATE
> Task :rn-encryption:mergeReleaseJniLibFolders
> Task :rn-encryption:mergeReleaseNativeLibs NO-SOURCE
> Task :rn-encryption:copyReleaseJniLibsProjectOnly
> Task :shopify_react-native-skia:mergeReleaseJniLibFolders
> Task :shopify_react-native-skia:mergeReleaseNativeLibs
> Task :shopify_react-native-skia:copyReleaseJniLibsProjectOnly
> Task :expo:checkKotlinGradlePluginConfigurationErrors SKIPPED
> Task :expo:generateReleaseBuildConfig
> Task :expo:generateReleaseResValues
> Task :expo:generateReleaseResources
> Task :expo:packageReleaseResources
> Task :expo:parseReleaseLocalResources
> Task :expo:generateReleaseRFile
> Task :expo-constants:checkKotlinGradlePluginConfigurationErrors SKIPPED
> Task :expo-constants:generateReleaseBuildConfig
> Task :expo-constants:generateReleaseResValues
> Task :expo-constants:generateReleaseResources
> Task :expo-constants:packageReleaseResources
> Task :expo-constants:parseReleaseLocalResources
> Task :expo-constants:generateReleaseRFile
> Task :expo-modules-core:checkKotlinGradlePluginConfigurationErrors SKIPPED
> Task :expo-modules-core:generateReleaseBuildConfig
> Task :expo-modules-core:generateReleaseResValues
> Task :expo-modules-core:generateReleaseResources
> Task :expo-modules-core:packageReleaseResources
> Task :expo-modules-core:parseReleaseLocalResources
> Task :expo-modules-core:generateReleaseRFile
> Task :react-native-worklets:checkKotlinGradlePluginConfigurationErrors SKIPPED
> Task :react-native-worklets:generateReleaseBuildConfig
> Task :react-native-worklets:generateReleaseResValues
> Task :react-native-worklets:generateReleaseResources
> Task :react-native-worklets:packageReleaseResources
> Task :react-native-worklets:parseReleaseLocalResources
> Task :react-native-worklets:generateReleaseRFile
> Task :react-native-unistyles:buildCMakeRelWithDebInfo[arm64-v8a]
> Task :react-native-unistyles:mergeReleaseJniLibFolders
> Task :react-native-unistyles:mergeReleaseNativeLibs
> Task :react-native-unistyles:copyReleaseJniLibsProjectOnly
> Task :react-native-worklets:compileReleaseKotlin
> Task :app:mergeReleaseNativeLibs
> Task :react-native-worklets:javaPreCompileRelease
> Task :react-native-worklets:compileReleaseJavaWithJavac
> Task :react-native-worklets:bundleLibCompileToJarRelease
> Task :app:stripReleaseDebugSymbols
> Task :app:extractReleaseNativeSymbolTables
> Task :app:mergeReleaseNativeDebugMetadata
> Task :expo-modules-core:javaPreCompileRelease
> Task :expo-constants:javaPreCompileRelease
> Task :expo-dev-client:checkKotlinGradlePluginConfigurationErrors SKIPPED
> Task :expo-dev-client:dataBindingMergeDependencyArtifactsRelease
> Task :expo-dev-client:generateReleaseResValues
> Task :expo-dev-client:generateReleaseResources
> Task :expo-dev-client:packageReleaseResources
> Task :expo-dev-client:parseReleaseLocalResources
> Task :expo-dev-client:dataBindingGenBaseClassesRelease
> Task :expo-dev-client:generateReleaseBuildConfig
> Task :expo-dev-client:generateReleaseRFile
> Task :expo-dev-client:javaPreCompileRelease
> Task :expo-dev-launcher:checkKotlinGradlePluginConfigurationErrors SKIPPED
> Task :expo-modules-core:compileReleaseKotlin
> Task :expo-dev-launcher:dataBindingMergeDependencyArtifactsRelease
> Task :expo-dev-launcher:generateReleaseResValues
> Task :expo-dev-launcher:generateReleaseResources
> Task :expo-dev-launcher:packageReleaseResources
> Task :expo-dev-launcher:parseReleaseLocalResources
> Task :expo-dev-launcher:dataBindingGenBaseClassesRelease
> Task :expo-dev-launcher:generateReleaseBuildConfig
> Task :expo-dev-launcher:generateReleaseRFile
> Task :expo-dev-launcher:javaPreCompileRelease
> Task :expo-dev-menu:checkKotlinGradlePluginConfigurationErrors SKIPPED
> Task :expo-dev-menu:generateReleaseBuildConfig
> Task :expo-dev-menu:generateReleaseResValues
> Task :expo-dev-menu:generateReleaseResources
> Task :expo-dev-menu:packageReleaseResources
> Task :expo-dev-menu:parseReleaseLocalResources
> Task :expo-dev-menu:generateReleaseRFile
> Task :expo-dev-menu:javaPreCompileRelease
> Task :expo-dev-menu-interface:checkKotlinGradlePluginConfigurationErrors SKIPPED
> Task :expo-dev-menu-interface:generateReleaseBuildConfig
> Task :expo-dev-menu-interface:generateReleaseResValues
> Task :expo-dev-menu-interface:generateReleaseResources
> Task :expo-dev-menu-interface:packageReleaseResources
> Task :expo-dev-menu-interface:parseReleaseLocalResources
> Task :expo-dev-menu-interface:generateReleaseRFile
> Task :expo-dev-menu-interface:javaPreCompileRelease
> Task :expo-eas-client:checkKotlinGradlePluginConfigurationErrors SKIPPED
> Task :expo-eas-client:generateReleaseBuildConfig
> Task :expo-eas-client:generateReleaseResValues
> Task :expo-eas-client:generateReleaseResources
> Task :expo-eas-client:packageReleaseResources
> Task :expo-eas-client:parseReleaseLocalResources
> Task :expo-eas-client:generateReleaseRFile
> Task :expo-eas-client:javaPreCompileRelease
> Task :expo-http-server:checkKotlinGradlePluginConfigurationErrors SKIPPED
> Task :expo-http-server:generateReleaseBuildConfig
> Task :expo-http-server:generateReleaseResValues
> Task :expo-http-server:generateReleaseResources
> Task :expo-http-server:packageReleaseResources
> Task :expo-http-server:parseReleaseLocalResources
> Task :expo-http-server:generateReleaseRFile
> Task :expo-http-server:javaPreCompileRelease
> Task :expo-json-utils:checkKotlinGradlePluginConfigurationErrors SKIPPED
> Task :expo-json-utils:generateReleaseBuildConfig
> Task :expo-json-utils:generateReleaseResValues
> Task :expo-json-utils:generateReleaseResources
> Task :expo-json-utils:packageReleaseResources
> Task :expo-json-utils:parseReleaseLocalResources
> Task :expo-json-utils:generateReleaseRFile
> Task :expo-json-utils:javaPreCompileRelease
> Task :expo-log-box:checkKotlinGradlePluginConfigurationErrors SKIPPED
> Task :expo-log-box:generateReleaseBuildConfig
> Task :expo-log-box:generateReleaseResValues
> Task :expo-log-box:generateReleaseResources
> Task :expo-log-box:packageReleaseResources
> Task :expo-log-box:parseReleaseLocalResources
> Task :expo-log-box:generateReleaseRFile
> Task :expo-log-box:javaPreCompileRelease
> Task :expo-manifests:checkKotlinGradlePluginConfigurationErrors SKIPPED
> Task :expo-manifests:generateReleaseBuildConfig
> Task :expo-manifests:generateReleaseResValues
> Task :expo-manifests:generateReleaseResources
> Task :expo-manifests:packageReleaseResources
> Task :expo-manifests:parseReleaseLocalResources
> Task :expo-manifests:generateReleaseRFile
> Task :expo-manifests:javaPreCompileRelease
> Task :expo-structured-headers:checkKotlinGradlePluginConfigurationErrors SKIPPED
> Task :expo-structured-headers:generateReleaseBuildConfig
> Task :expo-structured-headers:generateReleaseResValues
> Task :expo-structured-headers:generateReleaseResources
> Task :expo-structured-headers:packageReleaseResources
> Task :expo-structured-headers:parseReleaseLocalResources
> Task :expo-structured-headers:generateReleaseRFile
> Task :expo-structured-headers:javaPreCompileRelease
> Task :expo-updates:checkKotlinGradlePluginConfigurationErrors SKIPPED
> Task :expo-updates:generateReleaseBuildConfig
> Task :expo-updates:generateReleaseResValues
> Task :expo-updates:generateReleaseResources
> Task :expo-updates:packageReleaseResources
> Task :expo-updates:parseReleaseLocalResources
> Task :expo-updates:generateReleaseRFile
> Task :expo-updates-interface:checkKotlinGradlePluginConfigurationErrors SKIPPED
> Task :expo-updates-interface:generateReleaseBuildConfig
> Task :expo-updates-interface:generateReleaseResValues
> Task :expo-updates-interface:generateReleaseResources
> Task :expo-updates-interface:packageReleaseResources
> Task :expo-updates-interface:parseReleaseLocalResources
> Task :expo-updates-interface:generateReleaseRFile
> Task :expo-updates-interface:javaPreCompileRelease

> Task :expo-modules-core:compileReleaseKotlin
w: file://<worktree>/node_modules/expo-modules-core/android/src/main/java/expo/modules/apploader/AppLoaderProvider.kt:34:52 Unchecked cast of 'Class<*>!' to 'Class<out HeadlessAppLoader>'.
w: file://<worktree>/node_modules/expo-modules-core/android/src/main/java/expo/modules/kotlin/AppContext.kt:13:8 'class UIManagerModule : ReactContextBaseJavaModule, OnBatchCompleteListener, LifecycleEventListener, UIManager' is deprecated. Deprecated in Java.
w: file://<worktree>/node_modules/expo-modules-core/android/src/main/java/expo/modules/kotlin/AppContext.kt:21:8 'typealias ErrorManagerModule = JSLoggerModule' is deprecated. Use JSLoggerModule instead.
w: file://<worktree>/node_modules/expo-modules-core/android/src/main/java/expo/modules/kotlin/AppContext.kt:59:13 'val hostingRuntimeContext: MainRuntime' is deprecated. Use AppContext.runtimeContext instead.
w: file://<worktree>/node_modules/expo-modules-core/android/src/main/java/expo/modules/kotlin/AppContext.kt:257:21 'typealias ErrorManagerModule = JSLoggerModule' is deprecated. Use JSLoggerModule instead.
w: file://<worktree>/node_modules/expo-modules-core/android/src/main/java/expo/modules/kotlin/AppContext.kt:366:21 'val DEFAULT: Int' is deprecated. UIManagerType.DEFAULT will be deleted in the next release of React Native. Use [LEGACY] instead.
w: file://<worktree>/node_modules/expo-modules-core/android/src/main/java/expo/modules/kotlin/AppContext.kt:367:10 'class UIManagerModule : ReactContextBaseJavaModule, OnBatchCompleteListener, LifecycleEventListener, UIManager' is deprecated. Deprecated in Java.
w: file://<worktree>/node_modules/expo-modules-core/android/src/main/java/expo/modules/kotlin/defaultmodules/NativeModulesProxyModule.kt:16:5 'fun Constants(legacyConstantsProvider: () -> Map<String, Any?>): Unit' is deprecated. Use `Constant` or `Property` instead.
w: file://<worktree>/node_modules/expo-modules-core/android/src/main/java/expo/modules/kotlin/views/ViewDefinitionBuilder.kt:464:16 'val errorManager: JSLoggerModule?' is deprecated. Use AppContext.jsLogger instead.
w: file://<worktree>/node_modules/expo-modules-core/android/src/main/java/expo/modules/kotlin/views/ViewDefinitionBuilder.kt:464:30 'fun reportExceptionToLogBox(codedException: CodedException): Unit' is deprecated. Use appContext.jsLogger.error(...) instead.
w: file://<worktree>/node_modules/expo-modules-core/android/src/main/java/expo/modules/kotlin/views/ViewManagerDefinition.kt:41:16 'val errorManager: JSLoggerModule?' is deprecated. Use AppContext.jsLogger instead.
w: file://<worktree>/node_modules/expo-modules-core/android/src/main/java/expo/modules/kotlin/views/ViewManagerDefinition.kt:41:30 'fun reportExceptionToLogBox(codedException: CodedException): Unit' is deprecated. Use appContext.jsLogger.error(...) instead.

> Task :expo-modules-core:compileReleaseJavaWithJavac
Note: <worktree>/node_modules/expo-modules-core/android/src/main/java/expo/modules/adapters/react/ModuleRegistryAdapter.java uses or overrides a deprecated API.
Note: Recompile with -Xlint:deprecation for details.

> Task :expo-modules-core:bundleLibCompileToJarRelease
> Task :expo-updates:javaPreCompileRelease
> Task :expo-dev-client:compileReleaseKotlin NO-SOURCE
> Task :expo-dev-client:compileReleaseJavaWithJavac
> Task :expo-dev-client:bundleLibCompileToJarRelease

> Task :expo-constants:compileReleaseKotlin
w: file://<worktree>/node_modules/expo-constants/android/src/main/java/expo/modules/constants/ConstantsModule.kt:13:5 'fun Constants(legacyConstantsProvider: () -> Map<String, Any?>): Unit' is deprecated. Use `Constant` or `Property` instead.

> Task :expo-constants:compileReleaseJavaWithJavac
> Task :expo-constants:bundleLibCompileToJarRelease
> Task :expo-dev-menu:compileReleaseKotlin

> Task :expo-dev-launcher:compileReleaseKotlin
w: file://<worktree>/node_modules/expo-dev-launcher/android/src/main/java/expo/modules/devlauncher/DevLauncherPackage.kt:15:16 This declaration overrides a deprecated member but is not marked as deprecated itself. Add the '@Deprecated' annotation or suppress the diagnostic.

> Task :expo-dev-menu:compileReleaseJavaWithJavac
> Task :expo-dev-menu:bundleLibCompileToJarRelease
> Task :expo-dev-menu-interface:compileReleaseKotlin NO-SOURCE
> Task :expo-dev-menu-interface:compileReleaseJavaWithJavac
> Task :expo-dev-menu-interface:bundleLibCompileToJarRelease
> Task :expo-dev-launcher:compileReleaseJavaWithJavac
> Task :expo-dev-launcher:bundleLibCompileToJarRelease
> Task :expo-eas-client:compileReleaseKotlin
> Task :expo-eas-client:compileReleaseJavaWithJavac
> Task :expo-eas-client:bundleLibCompileToJarRelease
> Task :expo-http-server:compileReleaseKotlin
> Task :expo-json-utils:compileReleaseKotlin
> Task :expo-http-server:compileReleaseJavaWithJavac
> Task :expo-http-server:bundleLibCompileToJarRelease
> Task :expo-json-utils:compileReleaseJavaWithJavac
> Task :expo-json-utils:bundleLibCompileToJarRelease

> Task :expo-manifests:compileReleaseKotlin
w: file://<worktree>/node_modules/expo-manifests/android/src/main/java/expo/modules/manifests/core/EmbeddedManifest.kt:19:16 This declaration overrides a deprecated member but is not marked as deprecated itself. Add the '@Deprecated' annotation or suppress the diagnostic.
w: file://<worktree>/node_modules/expo-manifests/android/src/main/java/expo/modules/manifests/core/EmbeddedManifest.kt:19:86 'fun getLegacyID(): String' is deprecated. Prefer scopeKey or projectId depending on use case.
w: file://<worktree>/node_modules/expo-manifests/android/src/main/java/expo/modules/manifests/core/ExpoUpdatesManifest.kt:16:16 This declaration overrides a deprecated member but is not marked as deprecated itself. Add the '@Deprecated' annotation or suppress the diagnostic.
w: file://<worktree>/node_modules/expo-manifests/android/src/main/java/expo/modules/manifests/core/Manifest.kt:13:3 Deprecations and opt-ins on a method overridden from 'Any' may not be reported.
w: file://<worktree>/node_modules/expo-manifests/android/src/main/java/expo/modules/manifests/core/Manifest.kt:15:12 'fun getRawJson(): JSONObject' is deprecated. Prefer to use specific field getters.

> Task :expo-log-box:compileReleaseKotlin
> Task :expo-manifests:compileReleaseJavaWithJavac
> Task :expo-manifests:bundleLibCompileToJarRelease
> Task :expo-structured-headers:compileReleaseKotlin NO-SOURCE
> Task :expo-log-box:compileReleaseJavaWithJavac
> Task :expo-log-box:bundleLibCompileToJarRelease
> Task :expo-updates-interface:compileReleaseKotlin
> Task :expo-updates-interface:compileReleaseJavaWithJavac
> Task :expo-updates-interface:bundleLibCompileToJarRelease
> Task :livekit-react-native-expo-plugin:checkKotlinGradlePluginConfigurationErrors SKIPPED
> Task :livekit-react-native-expo-plugin:generateReleaseBuildConfig
> Task :livekit-react-native-expo-plugin:generateReleaseResValues
> Task :livekit-react-native-expo-plugin:generateReleaseResources
> Task :livekit-react-native-expo-plugin:packageReleaseResources
> Task :livekit-react-native-expo-plugin:parseReleaseLocalResources
> Task :livekit-react-native-expo-plugin:generateReleaseRFile
> Task :livekit_react-native:checkKotlinGradlePluginConfigurationErrors SKIPPED
> Task :livekit_react-native:generateReleaseBuildConfig
> Task :livekit_react-native:generateReleaseResValues
> Task :livekit_react-native:generateReleaseResources
> Task :livekit_react-native:packageReleaseResources
> Task :livekit_react-native:parseReleaseLocalResources
> Task :livekit_react-native:generateReleaseRFile
> Task :livekit_react-native-webrtc:generateReleaseBuildConfig
> Task :livekit_react-native-webrtc:generateReleaseResValues
> Task :expo-structured-headers:compileReleaseJavaWithJavac
> Task :expo-structured-headers:bundleLibCompileToJarRelease
> Task :livekit_react-native-webrtc:generateReleaseResources
> Task :livekit_react-native-webrtc:packageReleaseResources
> Task :livekit_react-native-webrtc:parseReleaseLocalResources
> Task :livekit_react-native-webrtc:generateReleaseRFile
> Task :livekit_react-native-webrtc:javaPreCompileRelease

> Task :livekit_react-native-webrtc:compileReleaseJavaWithJavac
Note: Some input files use or override a deprecated API.
Note: Recompile with -Xlint:deprecation for details.
Note: <worktree>/node_modules/@livekit/react-native-webrtc/android/src/main/java/com/oney/WebRTCModule/StringUtils.java uses unchecked or unsafe operations.
Note: Recompile with -Xlint:unchecked for details.

> Task :livekit_react-native-webrtc:bundleLibCompileToJarRelease

> Task :livekit_react-native:compileReleaseKotlin
w: file://<worktree>/node_modules/@livekit/react-native/android/src/main/java/com/livekit/reactnative/LivekitReactNativePackage.kt:10:18 This declaration overrides a deprecated member but is not marked as deprecated itself. Add the '@Deprecated' annotation or suppress the diagnostic.
w: file://<worktree>/node_modules/@livekit/react-native/android/src/main/java/com/livekit/reactnative/video/SimulcastVideoEncoderFactoryWrapper.kt:109:101 'val id: Long' is deprecated. Deprecated in Java.

> Task :livekit_react-native:javaPreCompileRelease

> Task :livekit_react-native:compileReleaseJavaWithJavac
Note: <worktree>/node_modules/@livekit/react-native/android/src/main/java/com/livekit/reactnative/audio/AudioSwitchManager.java uses or overrides a deprecated API.
Note: Recompile with -Xlint:deprecation for details.

> Task :livekit_react-native:bundleLibCompileToJarRelease
> Task :livekit-react-native-expo-plugin:compileReleaseKotlin
> Task :livekit-react-native-expo-plugin:javaPreCompileRelease
> Task :livekit-react-native-expo-plugin:compileReleaseJavaWithJavac
> Task :livekit-react-native-expo-plugin:bundleLibCompileToJarRelease
> Task :expo:javaPreCompileRelease
> Task :livekit-react-native-expo-plugin:bundleLibRuntimeToDirRelease
> Task :livekit_react-native:bundleLibRuntimeToDirRelease
> Task :expo-updates:kspReleaseKotlin
> Task :react-native-community_datetimepicker:checkKotlinGradlePluginConfigurationErrors SKIPPED
> Task :react-native-community_datetimepicker:generateReleaseBuildConfig
> Task :react-native-community_datetimepicker:generateReleaseResValues
> Task :react-native-community_datetimepicker:generateReleaseResources
> Task :react-native-community_datetimepicker:packageReleaseResources
> Task :react-native-community_datetimepicker:parseReleaseLocalResources
> Task :react-native-community_datetimepicker:generateReleaseRFile

> Task :react-native-community_datetimepicker:compileReleaseKotlin
w: file://<worktree>/node_modules/@react-native-community/datetimepicker/android/src/main/java/com/reactcommunity/rndatetimepicker/MaterialDatePickerModule.kt:21:20 'val currentActivity: Activity?' is deprecated. Deprecated in 0.80.0. Use getReactApplicationContext().getCurrentActivity() instead.
w: file://<worktree>/node_modules/@react-native-community/datetimepicker/android/src/main/java/com/reactcommunity/rndatetimepicker/MaterialDatePickerModule.kt:21:20 This synthetic property is based on the getter function 'fun getCurrentActivity(): Activity?' from Kotlin. In the future, synthetic properties will be available only if the base getter function came from Java. Consider replacing this property access with a 'getCurrentActivity()' function call.
w: file://<worktree>/node_modules/@react-native-community/datetimepicker/android/src/main/java/com/reactcommunity/rndatetimepicker/MaterialDatePickerModule.kt:26:20 'val currentActivity: Activity?' is deprecated. Deprecated in 0.80.0. Use getReactApplicationContext().getCurrentActivity() instead.
w: file://<worktree>/node_modules/@react-native-community/datetimepicker/android/src/main/java/com/reactcommunity/rndatetimepicker/MaterialDatePickerModule.kt:26:20 This synthetic property is based on the getter function 'fun getCurrentActivity(): Activity?' from Kotlin. In the future, synthetic properties will be available only if the base getter function came from Java. Consider replacing this property access with a 'getCurrentActivity()' function call.
w: file://<worktree>/node_modules/@react-native-community/datetimepicker/android/src/main/java/com/reactcommunity/rndatetimepicker/MaterialTimePickerModule.kt:22:20 'val currentActivity: Activity?' is deprecated. Deprecated in 0.80.0. Use getReactApplicationContext().getCurrentActivity() instead.
w: file://<worktree>/node_modules/@react-native-community/datetimepicker/android/src/main/java/com/reactcommunity/rndatetimepicker/MaterialTimePickerModule.kt:22:20 This synthetic property is based on the getter function 'fun getCurrentActivity(): Activity?' from Kotlin. In the future, synthetic properties will be available only if the base getter function came from Java. Consider replacing this property access with a 'getCurrentActivity()' function call.
w: file://<worktree>/node_modules/@react-native-community/datetimepicker/android/src/main/java/com/reactcommunity/rndatetimepicker/MaterialTimePickerModule.kt:27:20 'val currentActivity: Activity?' is deprecated. Deprecated in 0.80.0. Use getReactApplicationContext().getCurrentActivity() instead.
w: file://<worktree>/node_modules/@react-native-community/datetimepicker/android/src/main/java/com/reactcommunity/rndatetimepicker/MaterialTimePickerModule.kt:27:20 This synthetic property is based on the getter function 'fun getCurrentActivity(): Activity?' from Kotlin. In the future, synthetic properties will be available only if the base getter function came from Java. Consider replacing this property access with a 'getCurrentActivity()' function call.

> Task :react-native-community_datetimepicker:javaPreCompileRelease

> Task :react-native-community_datetimepicker:compileReleaseJavaWithJavac
Note: Some input files use or override a deprecated API.
Note: Recompile with -Xlint:deprecation for details.

> Task :react-native-community_datetimepicker:bundleLibRuntimeToDirRelease
> Task :lottie-react-native:checkKotlinGradlePluginConfigurationErrors SKIPPED
> Task :lottie-react-native:generateReleaseBuildConfig
> Task :lottie-react-native:generateReleaseResValues
> Task :lottie-react-native:generateReleaseResources
> Task :lottie-react-native:packageReleaseResources
> Task :lottie-react-native:parseReleaseLocalResources
> Task :lottie-react-native:generateReleaseRFile

> Task :lottie-react-native:compileReleaseKotlin
w: file://<worktree>/node_modules/lottie-react-native/android/src/main/java/com/airbnb/android/react/lottie/LottieAnimationViewManagerImpl.kt:12:8 'object MapBuilder : Any' is deprecated. Use Kotlin's built-in collections extensions.
w: file://<worktree>/node_modules/lottie-react-native/android/src/main/java/com/airbnb/android/react/lottie/LottieAnimationViewManagerImpl.kt:21:17 'object MapBuilder : Any' is deprecated. Use Kotlin's built-in collections extensions.
w: file://<worktree>/node_modules/lottie-react-native/android/src/main/java/com/airbnb/android/react/lottie/LottieAnimationViewManagerImpl.kt:72:16 'object MapBuilder : Any' is deprecated. Use Kotlin's built-in collections extensions.
w: file://<worktree>/node_modules/lottie-react-native/android/src/main/java/com/airbnb/android/react/lottie/LottieAnimationViewManagerImpl.kt:74:13 'object MapBuilder : Any' is deprecated. Use Kotlin's built-in collections extensions.
w: file://<worktree>/node_modules/lottie-react-native/android/src/main/java/com/airbnb/android/react/lottie/LottieAnimationViewManagerImpl.kt:76:13 'object MapBuilder : Any' is deprecated. Use Kotlin's built-in collections extensions.
w: file://<worktree>/node_modules/lottie-react-native/android/src/main/java/com/airbnb/android/react/lottie/LottieAnimationViewManagerImpl.kt:78:13 'object MapBuilder : Any' is deprecated. Use Kotlin's built-in collections extensions.
w: file://<worktree>/node_modules/lottie-react-native/android/src/main/java/com/airbnb/android/react/lottie/LottieAnimationViewManagerImpl.kt:108:28 'static fun isAttachedToWindow(p0: View): Boolean' is deprecated. Deprecated in Java.
w: file://<worktree>/node_modules/lottie-react-native/android/src/main/java/com/airbnb/android/react/lottie/LottieAnimationViewManagerImpl.kt:138:28 'static fun isAttachedToWindow(p0: View): Boolean' is deprecated. Deprecated in Java.
w: file://<worktree>/node_modules/lottie-react-native/android/src/main/java/com/airbnb/android/react/lottie/LottieAnimationViewManagerImpl.kt:148:28 'static fun isAttachedToWindow(p0: View): Boolean' is deprecated. Deprecated in Java.
w: file://<worktree>/node_modules/lottie-react-native/android/src/main/java/com/airbnb/android/react/lottie/LottieAnimationViewManagerImpl.kt:157:28 'static fun isAttachedToWindow(p0: View): Boolean' is deprecated. Deprecated in Java.
w: file://<worktree>/node_modules/lottie-react-native/android/src/main/java/com/airbnb/android/react/lottie/LottieAnimationViewPropertyManager.kt:22:8 'class ReactFontManager : Any' is deprecated. This class is deprecated and will be deleted in the near future. Please use [com.facebook.react.common.assets.ReactFontManager] instead.
w: file://<worktree>/node_modules/lottie-react-native/android/src/main/java/com/airbnb/android/react/lottie/LottieAnimationViewPropertyManager.kt:76:24 'class ReactFontManager : Any' is deprecated. This class is deprecated and will be deleted in the near future. Please use [com.facebook.react.common.assets.ReactFontManager] instead.
w: file://<worktree>/node_modules/lottie-react-native/android/src/main/java/com/airbnb/android/react/lottie/LottieAnimationViewPropertyManager.kt:90:24 'class ReactFontManager : Any' is deprecated. This class is deprecated and will be deleted in the near future. Please use [com.facebook.react.common.assets.ReactFontManager] instead.
w: file://<worktree>/node_modules/lottie-react-native/android/src/main/java/com/airbnb/android/react/lottie/LottiePackage.kt:11:18 This declaration overrides a deprecated member but is not marked as deprecated itself. Add the '@Deprecated' annotation or suppress the diagnostic.
w: file://<worktree>/node_modules/lottie-react-native/android/src/newarch/com/airbnb/android/react/lottie/LottieAnimationViewManager.kt:107:18 'fun receiveCommand(view: LottieAnimationView, commandName: String, args: ReadableArray?): Unit' is deprecated. args is not nullable, please update your method signature.

> Task :lottie-react-native:javaPreCompileRelease
> Task :lottie-react-native:compileReleaseJavaWithJavac
> Task :lottie-react-native:bundleLibRuntimeToDirRelease
> Task :react-native-audio-api:checkKotlinGradlePluginConfigurationErrors SKIPPED
> Task :react-native-audio-api:generateReleaseBuildConfig
> Task :react-native-audio-api:generateReleaseResValues
> Task :react-native-audio-api:generateReleaseResources
> Task :react-native-audio-api:packageReleaseResources
> Task :react-native-audio-api:parseReleaseLocalResources
> Task :react-native-audio-api:generateReleaseRFile

> Task :react-native-audio-api:compileReleaseKotlin
w: file://<worktree>/node_modules/react-native-audio-api/android/src/main/java/com/swmansion/audioapi/system/AudioFocusListener.kt:72:27 'fun requestAudioFocus(p0: AudioManager.OnAudioFocusChangeListener!, p1: Int, p2: Int): Int' is deprecated. Deprecated in Java.
w: file://<worktree>/node_modules/react-native-audio-api/android/src/main/java/com/swmansion/audioapi/system/AudioFocusListener.kt:80:27 'fun abandonAudioFocus(p0: AudioManager.OnAudioFocusChangeListener!): Int' is deprecated. Deprecated in Java.
w: file://<worktree>/node_modules/react-native-audio-api/android/src/main/java/com/swmansion/audioapi/system/LockScreenManager.kt:252:84 'val instance: ResourceDrawableIdHelper' is deprecated. Use object methods instead, this API is for backward compat.
w: file://<worktree>/node_modules/react-native-audio-api/android/src/main/java/com/swmansion/audioapi/system/MediaReceiver.kt:37:29 'fun <T : Parcelable!> getParcelableExtra(p0: String!): T?' is deprecated. Deprecated in Java.

> Task :react-native-audio-api:javaPreCompileRelease
> Task :react-native-audio-api:compileReleaseJavaWithJavac
> Task :react-native-audio-api:bundleLibRuntimeToDirRelease
> Task :react-native-enriched:checkKotlinGradlePluginConfigurationErrors SKIPPED
> Task :react-native-enriched:generateReleaseBuildConfig
> Task :react-native-enriched:generateReleaseResValues
> Task :react-native-enriched:generateReleaseResources
> Task :react-native-enriched:packageReleaseResources
> Task :react-native-enriched:parseReleaseLocalResources
> Task :react-native-enriched:generateReleaseRFile

> Task :react-native-enriched:compileReleaseKotlin
w: file://<worktree>/node_modules/react-native-enriched/android/src/main/java/com/swmansion/enriched/EnrichedTextInputViewPackage.kt:16:16 This declaration overrides a deprecated member but is not marked as deprecated itself. Add the '@Deprecated' annotation or suppress the diagnostic.

> Task :react-native-enriched:javaPreCompileRelease

> Task :react-native-enriched:compileReleaseJavaWithJavac
Note: <worktree>/node_modules/react-native-enriched/android/generated/java/com/facebook/react/viewmanagers/EnrichedTextInputViewManagerDelegate.java uses or overrides a deprecated API.
Note: Recompile with -Xlint:deprecation for details.
Note: <worktree>/node_modules/react-native-enriched/android/src/main/java/com/swmansion/enriched/utils/EnrichedParser.java uses unchecked or unsafe operations.
Note: Recompile with -Xlint:unchecked for details.

> Task :expo-updates:compileReleaseKotlin
w: file://<worktree>/node_modules/expo-updates/android/src/main/java/expo/modules/updates/UpdatesConfiguration.kt:322:13 'fun get(p0: String!): Any?' is deprecated. Deprecated in Java.
w: file://<worktree>/node_modules/expo-updates/android/src/main/java/expo/modules/updates/UpdatesDevLauncherController.kt:209:133 'fun getRawJson(): JSONObject' is deprecated. Prefer to use specific field getters.
w: file://<worktree>/node_modules/expo-updates/android/src/main/java/expo/modules/updates/UpdatesModule.kt:49:5 'fun Constants(legacyConstantsProvider: () -> Map<String, Any?>): Unit' is deprecated. Use `Constant` or `Property` instead.
w: file://<worktree>/node_modules/expo-updates/android/src/main/java/expo/modules/updates/UpdatesModule.kt:98:38 'fun toString(): String' is deprecated. Prefer to use specific field getters.
w: file://<worktree>/node_modules/expo-updates/android/src/main/java/expo/modules/updates/db/Converters.kt:56:30 Java type mismatch: inferred type is 'ByteArray?', but 'ByteArray' was expected.
w: file://<worktree>/node_modules/expo-updates/android/src/main/java/expo/modules/updates/db/DatabaseIntegrityCheck.kt:38:39 Java type mismatch: inferred type is 'String?', but 'String' was expected.
w: file://<worktree>/node_modules/expo-updates/android/src/main/java/expo/modules/updates/db/Reaper.kt:50:41 Java type mismatch: inferred type is 'String?', but 'String' was expected.
w: file://<worktree>/node_modules/expo-updates/android/src/main/java/expo/modules/updates/db/Reaper.kt:68:41 Java type mismatch: inferred type is 'String?', but 'String' was expected.
w: file://<worktree>/node_modules/expo-updates/android/src/main/java/expo/modules/updates/loader/Loader.kt:246:63 Java type mismatch: inferred type is 'String?', but 'String' was expected.
w: file://<worktree>/node_modules/expo-updates/android/src/main/java/expo/modules/updates/loader/LoaderTask.kt:365:101 'fun getRawJson(): JSONObject' is deprecated. Prefer to use specific field getters.
w: file://<worktree>/node_modules/expo-updates/android/src/main/java/expo/modules/updates/manifest/EmbeddedUpdate.kt:33:89 'fun getRawJson(): JSONObject' is deprecated. Prefer to use specific field getters.
w: file://<worktree>/node_modules/expo-updates/android/src/main/java/expo/modules/updates/manifest/ExpoUpdatesUpdate.kt:37:92 'fun getRawJson(): JSONObject' is deprecated. Prefer to use specific field getters.
w: file://<worktree>/node_modules/expo-updates/android/src/main/java/expo/modules/updates/procedures/CheckForUpdateProcedure.kt:141:100 'fun getRawJson(): JSONObject' is deprecated. Prefer to use specific field getters.
w: file://<worktree>/node_modules/expo-updates/android/src/main/java/expo/modules/updates/procedures/CheckForUpdateProcedure.kt:174:100 'fun getRawJson(): JSONObject' is deprecated. Prefer to use specific field getters.
w: file://<worktree>/node_modules/expo-updates/android/src/main/java/expo/modules/updates/procedures/StartupProcedure.kt:161:36 'fun getCurrentState(): UpdatesStateValue' is deprecated. Avoid needing to access current state to know how to transition to next state.
w: file://<worktree>/node_modules/expo-updates/android/src/main/java/expo/modules/updates/procedures/StartupProcedure.kt:195:34 'fun getCurrentState(): UpdatesStateValue' is deprecated. Avoid needing to access current state to know how to transition to next state.
w: file://<worktree>/node_modules/expo-updates/android/src/main/java/expo/modules/updates/procedures/StateMachineSerialExecutorQueue.kt:64:45 'fun getCurrentState(): UpdatesStateValue' is deprecated. Avoid needing to access current state to know how to transition to next state.

> Task :react-native-enriched:bundleLibRuntimeToDirRelease
> Task :react-native-gesture-handler:checkKotlinGradlePluginConfigurationErrors SKIPPED
> Task :react-native-gesture-handler:generateReleaseBuildConfig
> Task :react-native-gesture-handler:generateReleaseResValues
> Task :react-native-gesture-handler:generateReleaseResources
> Task :react-native-gesture-handler:packageReleaseResources
> Task :react-native-gesture-handler:parseReleaseLocalResources
> Task :react-native-gesture-handler:generateReleaseRFile
> Task :react-native-reanimated:checkKotlinGradlePluginConfigurationErrors SKIPPED
> Task :react-native-reanimated:generateReleaseBuildConfig
> Task :react-native-reanimated:generateReleaseResValues
> Task :react-native-reanimated:generateReleaseResources
> Task :react-native-reanimated:packageReleaseResources
> Task :react-native-reanimated:parseReleaseLocalResources
> Task :react-native-reanimated:generateReleaseRFile

> Task :react-native-reanimated:compileReleaseKotlin
w: file://<worktree>/node_modules/react-native-reanimated/android/src/main/java/com/swmansion/reanimated/NodesManager.kt:13:8 'class UIManagerModule : ReactContextBaseJavaModule, OnBatchCompleteListener, LifecycleEventListener, UIManager' is deprecated. Deprecated in Java.
w: file://<worktree>/node_modules/react-native-reanimated/android/src/main/java/com/swmansion/reanimated/NodesManager.kt:58:95 'fun resolveCustomDirectEventName(eventName: String): String?' is deprecated.
w: file://<worktree>/node_modules/react-native-reanimated/android/src/main/java/com/swmansion/reanimated/ReanimatedPackage.kt:5:8 'class ReactInstanceManager : Any' is deprecated. Deprecated in Java.
w: file://<worktree>/node_modules/react-native-reanimated/android/src/main/java/com/swmansion/reanimated/ReanimatedPackage.kt:60:73 'class ReactInstanceManager : Any' is deprecated. Deprecated in Java.
w: file://<worktree>/node_modules/react-native-reanimated/android/src/main/java/com/swmansion/reanimated/ReanimatedPackage.kt:61:63 'val reactNativeHost: ReactNativeHost' is deprecated. You should not use ReactNativeHost directly in the New Architecture. Use ReactHost instead.
w: file://<worktree>/node_modules/react-native-reanimated/android/src/main/java/com/swmansion/reanimated/nativeProxy/EventHandler.kt:7:8 'class UIManagerModule : ReactContextBaseJavaModule, OnBatchCompleteListener, LifecycleEventListener, UIManager' is deprecated. Deprecated in Java.
w: file://<worktree>/node_modules/react-native-reanimated/android/src/main/java/com/swmansion/reanimated/nativeProxy/EventHandler.kt:48:18 This declaration overrides a deprecated member but is not marked as deprecated itself. Add the '@Deprecated' annotation or suppress the diagnostic.
w: file://<worktree>/node_modules/react-native-reanimated/android/src/main/java/com/swmansion/reanimated/nativeProxy/EventHandler.kt:57:18 This declaration overrides a deprecated member but is not marked as deprecated itself. Add the '@Deprecated' annotation or suppress the diagnostic.
w: file://<worktree>/node_modules/react-native-reanimated/android/src/main/java/com/swmansion/reanimated/nativeProxy/NoopEventHandler.kt:29:18 This declaration overrides a deprecated member but is not marked as deprecated itself. Add the '@Deprecated' annotation or suppress the diagnostic.
w: file://<worktree>/node_modules/react-native-reanimated/android/src/main/java/com/swmansion/reanimated/nativeProxy/NoopEventHandler.kt:37:18 This declaration overrides a deprecated member but is not marked as deprecated itself. Add the '@Deprecated' annotation or suppress the diagnostic.
w: file://<worktree>/node_modules/react-native-reanimated/android/src/main/java/com/swmansion/reanimated/sensor/ReanimatedSensor.kt:28:26 'val defaultDisplay: Display!' is deprecated. Deprecated in Java.

> Task :react-native-reanimated:javaPreCompileRelease
> Task :expo-updates:compileReleaseJavaWithJavac
> Task :react-native-reanimated:compileReleaseJavaWithJavac
> Task :react-native-reanimated:bundleLibCompileToJarRelease
> Task :react-native-svg:generateReleaseBuildConfig
> Task :react-native-svg:generateReleaseResValues
> Task :react-native-svg:generateReleaseResources
> Task :react-native-svg:packageReleaseResources
> Task :react-native-svg:parseReleaseLocalResources
> Task :expo-updates:bundleLibCompileToJarRelease
> Task :react-native-svg:generateReleaseRFile
> Task :react-native-svg:javaPreCompileRelease

> Task :react-native-svg:compileReleaseJavaWithJavac
Note: Some input files use or override a deprecated API.
Note: Recompile with -Xlint:deprecation for details.
Note: Some input files use unchecked or unsafe operations.
Note: Recompile with -Xlint:unchecked for details.

> Task :react-native-svg:bundleLibCompileToJarRelease

> Task :expo:compileReleaseKotlin
w: file://<worktree>/node_modules/expo/android/build/generated/expo/src/main/java/expo/modules/ExpoModulesPackageList.kt:33:26 This is a delicate API and its use requires care. Make sure you fully read and understand documentation of the declaration that is marked as a delicate API.
w: file://<worktree>/node_modules/expo/android/build/generated/expo/src/main/java/expo/modules/ExpoModulesPackageList.kt:33:45 This is a delicate API and its use requires care. Make sure you fully read and understand documentation of the declaration that is marked as a delicate API.
w: file://<worktree>/node_modules/expo/android/build/generated/expo/src/main/java/expo/modules/ExpoModulesPackageList.kt:33:50 This is a delicate API and its use requires care. Make sure you fully read and understand documentation of the declaration that is marked as a delicate API.
w: file://<worktree>/node_modules/expo/android/src/main/java/expo/modules/ExpoModulesPackage.kt:34:16 This declaration overrides a deprecated member but is not marked as deprecated itself. Add the '@Deprecated' annotation or suppress the diagnostic.
w: file://<worktree>/node_modules/expo/android/src/main/java/expo/modules/ReactActivityDelegateWrapper.kt:22:8 'class ReactInstanceManager : Any' is deprecated. Deprecated in Java.
w: file://<worktree>/node_modules/expo/android/src/main/java/expo/modules/ReactActivityDelegateWrapper.kt:102:16 This declaration overrides a deprecated member but is not marked as deprecated itself. Add the '@Deprecated' annotation or suppress the diagnostic.
w: file://<worktree>/node_modules/expo/android/src/main/java/expo/modules/ReactActivityDelegateWrapper.kt:102:43 'class ReactInstanceManager : Any' is deprecated. Deprecated in Java.
w: file://<worktree>/node_modules/expo/android/src/main/java/expo/modules/ReactActivityDelegateWrapper.kt:103:21 'val reactInstanceManager: ReactInstanceManager' is deprecated. Deprecated in Java.
w: file://<worktree>/node_modules/expo/android/src/main/java/expo/modules/fetch/ExpoFetchModule.kt:31:39 'constructor(reactContext: ReactContext): ForwardingCookieHandler' is deprecated. Use the default constructor.
w: file://<worktree>/node_modules/expo/android/src/main/java/expo/modules/fetch/NativeResponse.kt:42:16 This declaration overrides a deprecated member but is not marked as deprecated itself. Add the '@Deprecated' annotation or suppress the diagnostic.
w: file://<worktree>/node_modules/expo/android/src/main/java/expo/modules/fetch/NativeResponse.kt:44:11 'fun deallocate(): Unit' is deprecated. Use sharedObjectDidRelease() instead.

> Task :react-native-gesture-handler:compileReleaseKotlin
w: file://<worktree>/node_modules/react-native-gesture-handler/android/src/main/java/com/swmansion/gesturehandler/react/Extensions.kt:8:8 'class UIManagerModule : ReactContextBaseJavaModule, OnBatchCompleteListener, LifecycleEventListener, UIManager' is deprecated. Deprecated in Java.
w: file://<worktree>/node_modules/react-native-gesture-handler/android/src/main/java/com/swmansion/gesturehandler/react/Extensions.kt:13:29 'class UIManagerModule : ReactContextBaseJavaModule, OnBatchCompleteListener, LifecycleEventListener, UIManager' is deprecated. Deprecated in Java.
w: file://<worktree>/node_modules/react-native-gesture-handler/android/src/main/java/com/swmansion/gesturehandler/react/Extensions.kt:14:32 'class UIManagerModule : ReactContextBaseJavaModule, OnBatchCompleteListener, LifecycleEventListener, UIManager' is deprecated. Deprecated in Java.
w: file://<worktree>/node_modules/react-native-gesture-handler/android/src/main/java/com/swmansion/gesturehandler/react/RNGestureHandlerModule.kt:173:53 This synthetic property is based on the getter function 'fun getRootViewTag(): Int' from Kotlin. In the future, synthetic properties will be available only if the base getter function came from Java. Consider replacing this property access with a 'getRootViewTag()' function call.

> Task :react-native-gesture-handler:javaPreCompileRelease
> Task :react-native-gesture-handler:compileReleaseJavaWithJavac
> Task :expo:compileReleaseJavaWithJavac
> Task :expo:bundleLibRuntimeToDirRelease
> Task :react-native-gesture-handler:bundleLibRuntimeToDirRelease
> Task :react-native-keyboard-controller:checkKotlinGradlePluginConfigurationErrors SKIPPED
> Task :react-native-keyboard-controller:generateReleaseBuildConfig
> Task :react-native-keyboard-controller:generateReleaseResValues
> Task :react-native-keyboard-controller:generateReleaseResources
> Task :react-native-keyboard-controller:packageReleaseResources
> Task :react-native-keyboard-controller:parseReleaseLocalResources
> Task :react-native-keyboard-controller:generateReleaseRFile
> Task :react-native-localize:checkKotlinGradlePluginConfigurationErrors SKIPPED
> Task :react-native-localize:generateReleaseBuildConfig
> Task :react-native-localize:generateReleaseResValues
> Task :react-native-localize:generateReleaseResources
> Task :react-native-localize:packageReleaseResources
> Task :react-native-localize:parseReleaseLocalResources
> Task :react-native-localize:generateReleaseRFile

> Task :react-native-localize:compileReleaseKotlin
w: file://<worktree>/node_modules/react-native-localize/android/src/main/java/com/zoontek/rnlocalize/RNLocalizeModuleImpl.kt:85:22 'field locale: Locale!' is deprecated. Deprecated in Java.
w: file://<worktree>/node_modules/react-native-localize/android/src/main/java/com/zoontek/rnlocalize/RNLocalizeModuleImpl.kt:93:21 'field locale: Locale!' is deprecated. Deprecated in Java.
w: file://<worktree>/node_modules/react-native-localize/android/src/main/java/com/zoontek/rnlocalize/RNLocalizePackage.kt:3:8 'class TurboReactPackage : BaseReactPackage' is deprecated. Use BaseReactPackage instead.
w: file://<worktree>/node_modules/react-native-localize/android/src/main/java/com/zoontek/rnlocalize/RNLocalizePackage.kt:9:27 'class TurboReactPackage : BaseReactPackage' is deprecated. Use BaseReactPackage instead.

> Task :react-native-keyboard-controller:javaPreCompileRelease
> Task :react-native-localize:javaPreCompileRelease
> Task :react-native-localize:compileReleaseJavaWithJavac
> Task :react-native-localize:bundleLibRuntimeToDirRelease
> Task :react-native-nitro-modules:checkKotlinGradlePluginConfigurationErrors SKIPPED
> Task :react-native-nitro-modules:generateReleaseBuildConfig
> Task :react-native-nitro-modules:generateReleaseResValues
> Task :react-native-nitro-modules:generateReleaseResources
> Task :react-native-nitro-modules:packageReleaseResources
> Task :react-native-nitro-modules:parseReleaseLocalResources
> Task :react-native-nitro-modules:generateReleaseRFile
> Task :react-native-nitro-modules:compileReleaseKotlin
> Task :react-native-nitro-modules:javaPreCompileRelease

> Task :react-native-keyboard-controller:compileReleaseKotlin
w: file://<worktree>/node_modules/react-native-keyboard-controller/android/src/fabric/java/com/reactnativekeyboardcontroller/OverKeyboardViewManager.kt:3:8 'class LayoutShadowNode : ReactShadowNodeImpl' is deprecated. Deprecated in Java.
w: file://<worktree>/node_modules/react-native-keyboard-controller/android/src/fabric/java/com/reactnativekeyboardcontroller/OverKeyboardViewManager.kt:29:44 'class LayoutShadowNode : ReactShadowNodeImpl' is deprecated. Deprecated in Java.
w: file://<worktree>/node_modules/react-native-keyboard-controller/android/src/fabric/java/com/reactnativekeyboardcontroller/OverKeyboardViewManager.kt:31:48 'class LayoutShadowNode : ReactShadowNodeImpl' is deprecated. Deprecated in Java.
w: file://<worktree>/node_modules/react-native-keyboard-controller/android/src/main/java/com/reactnativekeyboardcontroller/extensions/EditText.kt:69:42 Unchecked cast of 'ArrayList<*>' to 'ArrayList<TextWatcher>'.
w: file://<worktree>/node_modules/react-native-keyboard-controller/android/src/main/java/com/reactnativekeyboardcontroller/extensions/ReactContext.kt:12:109 'val DEFAULT: Int' is deprecated. UIManagerType.DEFAULT will be deleted in the next release of React Native. Use [LEGACY] instead.
w: file://<worktree>/node_modules/react-native-keyboard-controller/android/src/main/java/com/reactnativekeyboardcontroller/interactive/KeyboardAnimationController.kt:89:16 'static fun getWindowInsetsController(p0: View): WindowInsetsControllerCompat?' is deprecated. Deprecated in Java.
w: file://<worktree>/node_modules/react-native-keyboard-controller/android/src/main/java/com/reactnativekeyboardcontroller/managers/KeyboardControllerViewManagerImpl.kt:4:8 'object MapBuilder : Any' is deprecated. Use Kotlin's built-in collections extensions.
w: file://<worktree>/node_modules/react-native-keyboard-controller/android/src/main/java/com/reactnativekeyboardcontroller/managers/KeyboardControllerViewManagerImpl.kt:73:7 'object MapBuilder : Any' is deprecated. Use Kotlin's built-in collections extensions.
w: file://<worktree>/node_modules/react-native-keyboard-controller/android/src/main/java/com/reactnativekeyboardcontroller/managers/KeyboardControllerViewManagerImpl.kt:75:9 'object MapBuilder : Any' is deprecated. Use Kotlin's built-in collections extensions.
w: file://<worktree>/node_modules/react-native-keyboard-controller/android/src/main/java/com/reactnativekeyboardcontroller/managers/KeyboardControllerViewManagerImpl.kt:77:9 'object MapBuilder : Any' is deprecated. Use Kotlin's built-in collections extensions.
w: file://<worktree>/node_modules/react-native-keyboard-controller/android/src/main/java/com/reactnativekeyboardcontroller/managers/KeyboardControllerViewManagerImpl.kt:79:9 'object MapBuilder : Any' is deprecated. Use Kotlin's built-in collections extensions.
w: file://<worktree>/node_modules/react-native-keyboard-controller/android/src/main/java/com/reactnativekeyboardcontroller/managers/KeyboardControllerViewManagerImpl.kt:81:9 'object MapBuilder : Any' is deprecated. Use Kotlin's built-in collections extensions.
w: file://<worktree>/node_modules/react-native-keyboard-controller/android/src/main/java/com/reactnativekeyboardcontroller/managers/KeyboardControllerViewManagerImpl.kt:83:9 'object MapBuilder : Any' is deprecated. Use Kotlin's built-in collections extensions.
w: file://<worktree>/node_modules/react-native-keyboard-controller/android/src/main/java/com/reactnativekeyboardcontroller/managers/KeyboardControllerViewManagerImpl.kt:85:9 'object MapBuilder : Any' is deprecated. Use Kotlin's built-in collections extensions.
w: file://<worktree>/node_modules/react-native-keyboard-controller/android/src/main/java/com/reactnativekeyboardcontroller/managers/KeyboardControllerViewManagerImpl.kt:87:9 'object MapBuilder : Any' is deprecated. Use Kotlin's built-in collections extensions.
w: file://<worktree>/node_modules/react-native-keyboard-controller/android/src/main/java/com/reactnativekeyboardcontroller/modules/statusbar/StatusBarManagerCompatModuleImpl.kt:70:38 'var statusBarColor: Int' is deprecated. Deprecated in Java.
w: file://<worktree>/node_modules/react-native-keyboard-controller/android/src/main/java/com/reactnativekeyboardcontroller/modules/statusbar/StatusBarManagerCompatModuleImpl.kt:73:20 'var statusBarColor: Int' is deprecated. Deprecated in Java.
w: file://<worktree>/node_modules/react-native-keyboard-controller/android/src/main/java/com/reactnativekeyboardcontroller/modules/statusbar/StatusBarManagerCompatModuleImpl.kt:78:18 'var statusBarColor: Int' is deprecated. Deprecated in Java.
w: file://<worktree>/node_modules/react-native-keyboard-controller/android/src/main/java/com/reactnativekeyboardcontroller/views/EdgeToEdgeReactViewGroup.kt:115:58 'static field SOFT_INPUT_ADJUST_RESIZE: Int' is deprecated. Deprecated in Java.
w: file://<worktree>/node_modules/react-native-keyboard-controller/android/src/main/java/com/reactnativekeyboardcontroller/views/EdgeToEdgeReactViewGroup.kt:150:81 'static field FLAG_FULLSCREEN: Int' is deprecated. Deprecated in Java.
w: file://<worktree>/node_modules/react-native-keyboard-controller/android/src/main/java/com/reactnativekeyboardcontroller/views/overlay/OverKeyboardHostShadowNode.kt:3:8 'class LayoutShadowNode : ReactShadowNodeImpl' is deprecated. Deprecated in Java.
w: file://<worktree>/node_modules/react-native-keyboard-controller/android/src/main/java/com/reactnativekeyboardcontroller/views/overlay/OverKeyboardHostShadowNode.kt:4:8 'class ReactShadowNodeImpl : Any, ReactShadowNode<ReactShadowNodeImpl!>' is deprecated. Deprecated in Java.
w: file://<worktree>/node_modules/react-native-keyboard-controller/android/src/main/java/com/reactnativekeyboardcontroller/views/overlay/OverKeyboardHostShadowNode.kt:15:45 'class LayoutShadowNode : ReactShadowNodeImpl' is deprecated. Deprecated in Java.
w: file://<worktree>/node_modules/react-native-keyboard-controller/android/src/main/java/com/reactnativekeyboardcontroller/views/overlay/OverKeyboardHostShadowNode.kt:22:12 'class ReactShadowNodeImpl : Any, ReactShadowNode<ReactShadowNodeImpl!>' is deprecated. Deprecated in Java.
w: file://<worktree>/node_modules/react-native-keyboard-controller/android/src/main/java/com/reactnativekeyboardcontroller/views/overlay/OverKeyboardViewGroup.kt:13:8 'object ReactFeatureFlags : Any' is deprecated. Use com.facebook.react.internal.featureflags.ReactNativeFeatureFlags instead.
w: file://<worktree>/node_modules/react-native-keyboard-controller/android/src/main/java/com/reactnativekeyboardcontroller/views/overlay/OverKeyboardViewGroup.kt:79:5 The corresponding parameter in the supertype 'ReactViewGroup' is named 'left'. This may cause problems when calling this function with named arguments.
w: file://<worktree>/node_modules/react-native-keyboard-controller/android/src/main/java/com/reactnativekeyboardcontroller/views/overlay/OverKeyboardViewGroup.kt:80:5 The corresponding parameter in the supertype 'ReactViewGroup' is named 'top'. This may cause problems when calling this function with named arguments.
w: file://<worktree>/node_modules/react-native-keyboard-controller/android/src/main/java/com/reactnativekeyboardcontroller/views/overlay/OverKeyboardViewGroup.kt:81:5 The corresponding parameter in the supertype 'ReactViewGroup' is named 'right'. This may cause problems when calling this function with named arguments.
w: file://<worktree>/node_modules/react-native-keyboard-controller/android/src/main/java/com/reactnativekeyboardcontroller/views/overlay/OverKeyboardViewGroup.kt:82:5 The corresponding parameter in the supertype 'ReactViewGroup' is named 'bottom'. This may cause problems when calling this function with named arguments.
w: file://<worktree>/node_modules/react-native-keyboard-controller/android/src/main/java/com/reactnativekeyboardcontroller/views/overlay/OverKeyboardViewGroup.kt:132:9 'object ReactFeatureFlags : Any' is deprecated. Use com.facebook.react.internal.featureflags.ReactNativeFeatureFlags instead.
w: file://<worktree>/node_modules/react-native-keyboard-controller/android/src/main/java/com/reactnativekeyboardcontroller/views/overlay/OverKeyboardViewGroup.kt:152:5 The corresponding parameter in the supertype 'ReactViewGroup' is named 'w'. This may cause problems when calling this function with named arguments.
w: file://<worktree>/node_modules/react-native-keyboard-controller/android/src/main/java/com/reactnativekeyboardcontroller/views/overlay/OverKeyboardViewGroup.kt:153:5 The corresponding parameter in the supertype 'ReactViewGroup' is named 'h'. This may cause problems when calling this function with named arguments.
w: file://<worktree>/node_modules/react-native-keyboard-controller/android/src/main/java/com/reactnativekeyboardcontroller/views/overlay/OverKeyboardViewGroup.kt:154:5 The corresponding parameter in the supertype 'ReactViewGroup' is named 'oldw'. This may cause problems when calling this function with named arguments.
w: file://<worktree>/node_modules/react-native-keyboard-controller/android/src/main/java/com/reactnativekeyboardcontroller/views/overlay/OverKeyboardViewGroup.kt:155:5 The corresponding parameter in the supertype 'ReactViewGroup' is named 'oldh'. This may cause problems when calling this function with named arguments.

> Task :react-native-nitro-modules:compileReleaseJavaWithJavac
> Task :react-native-nitro-modules:bundleLibCompileToJarRelease
> Task :react-native-unistyles:checkKotlinGradlePluginConfigurationErrors SKIPPED
> Task :react-native-unistyles:generateReleaseBuildConfig
> Task :react-native-unistyles:generateReleaseResValues
> Task :react-native-unistyles:generateReleaseResources
> Task :react-native-unistyles:packageReleaseResources
> Task :react-native-unistyles:parseReleaseLocalResources
> Task :react-native-unistyles:generateReleaseRFile
> Task :react-native-keyboard-controller:compileReleaseJavaWithJavac
> Task :react-native-keyboard-controller:bundleLibRuntimeToDirRelease

> Task :react-native-unistyles:compileReleaseKotlin
w: file://<worktree>/node_modules/react-native-unistyles/android/src/main/java/com/unistyles/NativePlatform+android.kt:160:101 'static field LAYOUT_DIRECTION_RTL: Int' is deprecated. Deprecated in Java.

> Task :react-native-unistyles:javaPreCompileRelease
> Task :react-native-unistyles:compileReleaseJavaWithJavac
> Task :react-native-nitro-modules:bundleLibRuntimeToDirRelease
> Task :react-native-unistyles:bundleLibRuntimeToDirRelease
> Task :react-native-purchases-ui:checkKotlinGradlePluginConfigurationErrors SKIPPED
> Task :react-native-purchases-ui:generateReleaseBuildConfig
> Task :react-native-purchases-ui:generateReleaseResValues
> Task :react-native-purchases-ui:generateReleaseResources
> Task :react-native-purchases-ui:packageReleaseResources
> Task :react-native-purchases-ui:parseReleaseLocalResources
> Task :react-native-purchases-ui:generateReleaseRFile
> Task :react-native-quick-base64:checkKotlinGradlePluginConfigurationErrors SKIPPED
> Task :react-native-quick-base64:generateReleaseBuildConfig
> Task :react-native-quick-base64:generateReleaseResValues
> Task :react-native-quick-base64:generateReleaseResources
> Task :react-native-quick-base64:packageReleaseResources
> Task :react-native-quick-base64:parseReleaseLocalResources
> Task :react-native-quick-base64:generateReleaseRFile
> Task :react-native-quick-base64:compileReleaseKotlin NO-SOURCE
> Task :react-native-quick-base64:javaPreCompileRelease

> Task :react-native-quick-base64:compileReleaseJavaWithJavac
Note: <worktree>/node_modules/react-native-quick-base64/android/src/main/java/com/reactnativequickbase64/QuickBase64Package.java uses or overrides a deprecated API.
Note: Recompile with -Xlint:deprecation for details.

> Task :react-native-quick-base64:bundleLibRuntimeToDirRelease
> Task :react-native-reanimated:bundleLibRuntimeToDirRelease
> Task :react-native-purchases-ui:javaPreCompileRelease
> Task :react-native-safe-area-context:checkKotlinGradlePluginConfigurationErrors SKIPPED
> Task :react-native-safe-area-context:generateReleaseBuildConfig
> Task :react-native-safe-area-context:generateReleaseResValues
> Task :react-native-safe-area-context:generateReleaseResources
> Task :react-native-safe-area-context:packageReleaseResources
> Task :react-native-safe-area-context:parseReleaseLocalResources
> Task :react-native-safe-area-context:generateReleaseRFile

> Task :react-native-purchases-ui:compileReleaseKotlin
w: file://<worktree>/node_modules/react-native-purchases-ui/android/src/main/java/com/revenuecat/purchases/react/ui/BasePaywallViewManager.kt:8:8 'object MapBuilder : Any' is deprecated. Use Kotlin's built-in collections extensions.
w: file://<worktree>/node_modules/react-native-purchases-ui/android/src/main/java/com/revenuecat/purchases/react/ui/BasePaywallViewManager.kt:60:16 'object MapBuilder : Any' is deprecated. Use Kotlin's built-in collections extensions.
w: file://<worktree>/node_modules/react-native-purchases-ui/android/src/main/java/com/revenuecat/purchases/react/ui/BasePaywallViewManager.kt:300:32 'object MapBuilder : Any' is deprecated. Use Kotlin's built-in collections extensions.
w: file://<worktree>/node_modules/react-native-purchases-ui/android/src/main/java/com/revenuecat/purchases/react/ui/CustomerCenterViewManager.kt:9:8 'object MapBuilder : Any' is deprecated. Use Kotlin's built-in collections extensions.
w: file://<worktree>/node_modules/react-native-purchases-ui/android/src/main/java/com/revenuecat/purchases/react/ui/CustomerCenterViewManager.kt:12:8 'interface RCTEventEmitter : JavaScriptModule' is deprecated. Use [RCTModernEventEmitter] instead.
w: file://<worktree>/node_modules/react-native-purchases-ui/android/src/main/java/com/revenuecat/purchases/react/ui/CustomerCenterViewManager.kt:29:16 'object MapBuilder : Any' is deprecated. Use Kotlin's built-in collections extensions.
w: file://<worktree>/node_modules/react-native-purchases-ui/android/src/main/java/com/revenuecat/purchases/react/ui/CustomerCenterViewManager.kt:65:32 'object MapBuilder : Any' is deprecated. Use Kotlin's built-in collections extensions.
w: file://<worktree>/node_modules/react-native-purchases-ui/android/src/main/java/com/revenuecat/purchases/react/ui/CustomerCenterViewManager.kt:213:26 'interface RCTEventEmitter : JavaScriptModule' is deprecated. Use [RCTModernEventEmitter] instead.
w: file://<worktree>/node_modules/react-native-purchases-ui/android/src/main/java/com/revenuecat/purchases/react/ui/CustomerCenterViewManager.kt:214:14 'fun receiveEvent(targetTag: Int, eventName: String, params: WritableMap?): Unit' is deprecated. Use [RCTModernEventEmitter.receiveEvent] instead.
w: file://<worktree>/node_modules/react-native-purchases-ui/android/src/main/java/com/revenuecat/purchases/react/ui/PaywallViewShadowNode.kt:4:8 'class LayoutShadowNode : ReactShadowNodeImpl' is deprecated. Deprecated in Java.
w: file://<worktree>/node_modules/react-native-purchases-ui/android/src/main/java/com/revenuecat/purchases/react/ui/PaywallViewShadowNode.kt:10:39 'class LayoutShadowNode : ReactShadowNodeImpl' is deprecated. Deprecated in Java.
w: file://<worktree>/node_modules/react-native-purchases-ui/android/src/main/java/com/revenuecat/purchases/react/ui/PaywallViewShadowNode.kt:16:9 The corresponding parameter in the supertype 'YogaMeasureFunction' is named 'node'. This may cause problems when calling this function with named arguments.
w: file://<worktree>/node_modules/react-native-purchases-ui/android/src/main/java/com/revenuecat/purchases/react/ui/PaywallViewShadowNode.kt:18:9 The corresponding parameter in the supertype 'YogaMeasureFunction' is named 'widthMode'. This may cause problems when calling this function with named arguments.
w: file://<worktree>/node_modules/react-native-purchases-ui/android/src/main/java/com/revenuecat/purchases/react/ui/PaywallViewShadowNode.kt:20:9 The corresponding parameter in the supertype 'YogaMeasureFunction' is named 'heightMode'. This may cause problems when calling this function with named arguments.
w: file://<worktree>/node_modules/react-native-purchases-ui/android/src/main/java/com/revenuecat/purchases/react/ui/RevenueCatUIPackage.kt:10:18 This declaration overrides a deprecated member but is not marked as deprecated itself. Add the '@Deprecated' annotation or suppress the diagnostic.
w: file://<worktree>/node_modules/react-native-purchases-ui/android/src/main/java/com/revenuecat/purchases/react/ui/customercenter/events/CustomerCenterEvent.kt:7:8 'interface RCTEventEmitter : JavaScriptModule' is deprecated. Use [RCTModernEventEmitter] instead.
w: file://<worktree>/node_modules/react-native-purchases-ui/android/src/main/java/com/revenuecat/purchases/react/ui/views/WrappedPaywallComposeView.kt:8:8 'interface PurchaseLogic : PaywallPurchaseLogic' is deprecated. Use PaywallPurchaseLogic instead for product change and offer support.
w: file://<worktree>/node_modules/react-native-purchases-ui/android/src/main/java/com/revenuecat/purchases/react/ui/views/WrappedPaywallComposeView.kt:42:41 'interface PurchaseLogic : PaywallPurchaseLogic' is deprecated. Use PaywallPurchaseLogic instead for product change and offer support.
w: file://<worktree>/node_modules/react-native-purchases-ui/android/src/main/java/com/revenuecat/purchases/react/ui/views/WrappedPaywallFooterComposeView.kt:21:26 'fun setOfferingId(offeringId: String?): Unit' is deprecated. You should set the offering on the constructor instead.

> Task :react-native-safe-area-context:compileReleaseKotlin
w: file://<worktree>/node_modules/react-native-safe-area-context/android/src/main/java/com/th3rdwave/safeareacontext/SafeAreaView.kt:9:8 'class UIManagerModule : ReactContextBaseJavaModule, OnBatchCompleteListener, LifecycleEventListener, UIManager' is deprecated. Deprecated in Java.
w: file://<worktree>/node_modules/react-native-safe-area-context/android/src/main/java/com/th3rdwave/safeareacontext/SafeAreaView.kt:50:54 'class UIManagerModule : ReactContextBaseJavaModule, OnBatchCompleteListener, LifecycleEventListener, UIManager' is deprecated. Deprecated in Java.
w: file://<worktree>/node_modules/react-native-safe-area-context/android/src/main/java/com/th3rdwave/safeareacontext/SafeAreaView.kt:59:23 'val uiImplementation: UIImplementation!' is deprecated. Deprecated in Java.
w: file://<worktree>/node_modules/react-native-safe-area-context/android/src/main/java/com/th3rdwave/safeareacontext/SafeAreaViewShadowNode.kt:9:32 'class LayoutShadowNode : ReactShadowNodeImpl' is deprecated. Deprecated in Java.
w: file://<worktree>/node_modules/react-native-safe-area-context/android/src/main/java/com/th3rdwave/safeareacontext/SafeAreaViewShadowNode.kt:110:61 'class NativeViewHierarchyOptimizer : Any' is deprecated. Deprecated in Java.

> Task :react-native-safe-area-context:javaPreCompileRelease
> Task :react-native-safe-area-context:compileReleaseJavaWithJavac
> Task :react-native-safe-area-context:bundleLibRuntimeToDirRelease
> Task :react-native-screens:checkKotlinGradlePluginConfigurationErrors SKIPPED
> Task :react-native-screens:generateReleaseBuildConfig
> Task :react-native-screens:generateReleaseResValues
> Task :react-native-screens:generateReleaseResources
> Task :react-native-screens:packageReleaseResources
> Task :react-native-screens:parseReleaseLocalResources
> Task :react-native-screens:generateReleaseRFile
> Task :react-native-purchases-ui:compileReleaseJavaWithJavac
> Task :react-native-purchases-ui:bundleLibRuntimeToDirRelease
> Task :react-native-screens:javaPreCompileRelease
> Task :react-native-vision-camera:checkKotlinGradlePluginConfigurationErrors SKIPPED
> Task :react-native-vision-camera:generateReleaseBuildConfig
> Task :react-native-vision-camera:generateReleaseResValues
> Task :react-native-vision-camera:generateReleaseResources
> Task :react-native-vision-camera:packageReleaseResources
> Task :react-native-vision-camera:parseReleaseLocalResources
> Task :react-native-vision-camera:generateReleaseRFile

> Task :react-native-screens:compileReleaseKotlin
w: file://<worktree>/node_modules/react-native-screens/android/src/main/java/com/swmansion/rnscreens/RNScreensPackage.kt:62:9 The corresponding parameter in the supertype 'BaseReactPackage' is named 'name'. This may cause problems when calling this function with named arguments.
w: file://<worktree>/node_modules/react-native-screens/android/src/main/java/com/swmansion/rnscreens/RNScreensPackage.kt:63:9 The corresponding parameter in the supertype 'BaseReactPackage' is named 'reactContext'. This may cause problems when calling this function with named arguments.
w: file://<worktree>/node_modules/react-native-screens/android/src/main/java/com/swmansion/rnscreens/RNScreensPackage.kt:76:17 'constructor(name: String, className: String, canOverrideExistingModule: Boolean, needsEagerInit: Boolean, hasConstants: Boolean, isCxxModule: Boolean, isTurboModule: Boolean): ReactModuleInfo' is deprecated. This constructor is deprecated and will be removed in the future. Use ReactModuleInfo(String, String, boolean, boolean, boolean, boolean)].
w: file://<worktree>/node_modules/react-native-screens/android/src/main/java/com/swmansion/rnscreens/Screen.kt:24:8 'class UIManagerModule : ReactContextBaseJavaModule, OnBatchCompleteListener, LifecycleEventListener, UIManager' is deprecated. Deprecated in Java.
w: file://<worktree>/node_modules/react-native-screens/android/src/main/java/com/swmansion/rnscreens/Screen.kt:54:77 Unchecked cast of '(CoordinatorLayout.Behavior<View!>?..CoordinatorLayout.Behavior<*>?)' to 'BottomSheetBehavior<Screen>'.
w: file://<worktree>/node_modules/react-native-screens/android/src/main/java/com/swmansion/rnscreens/Screen.kt:426:42 'class UIManagerModule : ReactContextBaseJavaModule, OnBatchCompleteListener, LifecycleEventListener, UIManager' is deprecated. Deprecated in Java.
w: file://<worktree>/node_modules/react-native-screens/android/src/main/java/com/swmansion/rnscreens/ScreenContainerViewManager.kt:6:8 'class LayoutShadowNode : ReactShadowNodeImpl' is deprecated. Deprecated in Java.
w: file://<worktree>/node_modules/react-native-screens/android/src/main/java/com/swmansion/rnscreens/ScreenContainerViewManager.kt:56:78 'class LayoutShadowNode : ReactShadowNodeImpl' is deprecated. Deprecated in Java.
w: file://<worktree>/node_modules/react-native-screens/android/src/main/java/com/swmansion/rnscreens/ScreenStackFragment.kt:222:31 'var targetElevation: Float' is deprecated. Deprecated in Java.
w: file://<worktree>/node_modules/react-native-screens/android/src/main/java/com/swmansion/rnscreens/ScreenStackFragment.kt:225:13 'fun setHasOptionsMenu(p0: Boolean): Unit' is deprecated. Deprecated in Java.
w: file://<worktree>/node_modules/react-native-screens/android/src/main/java/com/swmansion/rnscreens/ScreenStackFragment.kt:404:18 This declaration overrides a deprecated member but is not marked as deprecated itself. Add the '@Deprecated' annotation or suppress the diagnostic.
w: file://<worktree>/node_modules/react-native-screens/android/src/main/java/com/swmansion/rnscreens/ScreenStackFragment.kt:411:22 'fun onPrepareOptionsMenu(p0: Menu): Unit' is deprecated. Deprecated in Java.
w: file://<worktree>/node_modules/react-native-screens/android/src/main/java/com/swmansion/rnscreens/ScreenStackFragment.kt:414:18 This declaration overrides a deprecated member but is not marked as deprecated itself. Add the '@Deprecated' annotation or suppress the diagnostic.
w: file://<worktree>/node_modules/react-native-screens/android/src/main/java/com/swmansion/rnscreens/ScreenStackFragment.kt:419:22 'fun onCreateOptionsMenu(p0: Menu, p1: MenuInflater): Unit' is deprecated. Deprecated in Java.
w: file://<worktree>/node_modules/react-native-screens/android/src/main/java/com/swmansion/rnscreens/ScreenStackHeaderConfig.kt:441:22 'val reactNativeHost: ReactNativeHost' is deprecated. You should not use ReactNativeHost directly in the New Architecture. Use ReactHost instead.
w: file://<worktree>/node_modules/react-native-screens/android/src/main/java/com/swmansion/rnscreens/ScreenStackHeaderConfigShadowNode.kt:4:8 'class LayoutShadowNode : ReactShadowNodeImpl' is deprecated. Deprecated in Java.
w: file://<worktree>/node_modules/react-native-screens/android/src/main/java/com/swmansion/rnscreens/ScreenStackHeaderConfigShadowNode.kt:10:5 'class LayoutShadowNode : ReactShadowNodeImpl' is deprecated. Deprecated in Java.
w: file://<worktree>/node_modules/react-native-screens/android/src/main/java/com/swmansion/rnscreens/ScreenStackHeaderConfigViewManager.kt:9:8 'class LayoutShadowNode : ReactShadowNodeImpl' is deprecated. Deprecated in Java.
w: file://<worktree>/node_modules/react-native-screens/android/src/main/java/com/swmansion/rnscreens/ScreenStackHeaderConfigViewManager.kt:37:78 'class LayoutShadowNode : ReactShadowNodeImpl' is deprecated. Deprecated in Java.
w: file://<worktree>/node_modules/react-native-screens/android/src/main/java/com/swmansion/rnscreens/ScreenStackViewManager.kt:6:8 'class LayoutShadowNode : ReactShadowNodeImpl' is deprecated. Deprecated in Java.
w: file://<worktree>/node_modules/react-native-screens/android/src/main/java/com/swmansion/rnscreens/ScreenStackViewManager.kt:65:78 'class LayoutShadowNode : ReactShadowNodeImpl' is deprecated. Deprecated in Java.
w: file://<worktree>/node_modules/react-native-screens/android/src/main/java/com/swmansion/rnscreens/ScreenWindowTraits.kt:48:42 'fun replaceSystemWindowInsets(p0: Int, p1: Int, p2: Int, p3: Int): WindowInsetsCompat' is deprecated. Deprecated in Java.
w: file://<worktree>/node_modules/react-native-screens/android/src/main/java/com/swmansion/rnscreens/ScreenWindowTraits.kt:49:39 'val systemWindowInsetLeft: Int' is deprecated. Deprecated in Java.
w: file://<worktree>/node_modules/react-native-screens/android/src/main/java/com/swmansion/rnscreens/ScreenWindowTraits.kt:51:39 'val systemWindowInsetRight: Int' is deprecated. Deprecated in Java.
w: file://<worktree>/node_modules/react-native-screens/android/src/main/java/com/swmansion/rnscreens/ScreenWindowTraits.kt:52:39 'val systemWindowInsetBottom: Int' is deprecated. Deprecated in Java.
w: file://<worktree>/node_modules/react-native-screens/android/src/main/java/com/swmansion/rnscreens/ScreensShadowNode.kt:4:8 'class LayoutShadowNode : ReactShadowNodeImpl' is deprecated. Deprecated in Java.
w: file://<worktree>/node_modules/react-native-screens/android/src/main/java/com/swmansion/rnscreens/ScreensShadowNode.kt:5:8 'class NativeViewHierarchyManager : Any' is deprecated. Deprecated in Java.
w: file://<worktree>/node_modules/react-native-screens/android/src/main/java/com/swmansion/rnscreens/ScreensShadowNode.kt:6:8 'class NativeViewHierarchyOptimizer : Any' is deprecated. Deprecated in Java.
w: file://<worktree>/node_modules/react-native-screens/android/src/main/java/com/swmansion/rnscreens/ScreensShadowNode.kt:7:8 'class UIManagerModule : ReactContextBaseJavaModule, OnBatchCompleteListener, LifecycleEventListener, UIManager' is deprecated. Deprecated in Java.
w: file://<worktree>/node_modules/react-native-screens/android/src/main/java/com/swmansion/rnscreens/ScreensShadowNode.kt:11:5 'class LayoutShadowNode : ReactShadowNodeImpl' is deprecated. Deprecated in Java.
w: file://<worktree>/node_modules/react-native-screens/android/src/main/java/com/swmansion/rnscreens/ScreensShadowNode.kt:12:63 'class NativeViewHierarchyOptimizer : Any' is deprecated. Deprecated in Java.
w: file://<worktree>/node_modules/react-native-screens/android/src/main/java/com/swmansion/rnscreens/ScreensShadowNode.kt:14:34 'class UIManagerModule : ReactContextBaseJavaModule, OnBatchCompleteListener, LifecycleEventListener, UIManager' is deprecated. Deprecated in Java.
w: file://<worktree>/node_modules/react-native-screens/android/src/main/java/com/swmansion/rnscreens/ScreensShadowNode.kt:14:106 'class NativeViewHierarchyManager : Any' is deprecated. Deprecated in Java.
w: file://<worktree>/node_modules/react-native-screens/android/src/main/java/com/swmansion/rnscreens/bottomsheet/BottomSheetDialogRootView.kt:7:8 'object ReactFeatureFlags : Any' is deprecated. Use com.facebook.react.internal.featureflags.ReactNativeFeatureFlags instead.
w: file://<worktree>/node_modules/react-native-screens/android/src/main/java/com/swmansion/rnscreens/bottomsheet/BottomSheetDialogRootView.kt:25:13 'object ReactFeatureFlags : Any' is deprecated. Use com.facebook.react.internal.featureflags.ReactNativeFeatureFlags instead.
w: file://<worktree>/node_modules/react-native-screens/android/src/main/java/com/swmansion/rnscreens/bottomsheet/BottomSheetDialogRootView.kt:32:9 The corresponding parameter in the supertype 'ReactViewGroup' is named 'left'. This may cause problems when calling this function with named arguments.
w: file://<worktree>/node_modules/react-native-screens/android/src/main/java/com/swmansion/rnscreens/bottomsheet/BottomSheetDialogRootView.kt:33:9 The corresponding parameter in the supertype 'ReactViewGroup' is named 'top'. This may cause problems when calling this function with named arguments.
w: file://<worktree>/node_modules/react-native-screens/android/src/main/java/com/swmansion/rnscreens/bottomsheet/BottomSheetDialogRootView.kt:34:9 The corresponding parameter in the supertype 'ReactViewGroup' is named 'right'. This may cause problems when calling this function with named arguments.
w: file://<worktree>/node_modules/react-native-screens/android/src/main/java/com/swmansion/rnscreens/bottomsheet/BottomSheetDialogRootView.kt:35:9 The corresponding parameter in the supertype 'ReactViewGroup' is named 'bottom'. This may cause problems when calling this function with named arguments.
w: file://<worktree>/node_modules/react-native-screens/android/src/main/java/com/swmansion/rnscreens/bottomsheet/BottomSheetDialogRootView.kt:71:9 The corresponding parameter in the supertype 'RootView' is named 'childView'. This may cause problems when calling this function with named arguments.
w: file://<worktree>/node_modules/react-native-screens/android/src/main/java/com/swmansion/rnscreens/bottomsheet/BottomSheetDialogRootView.kt:72:9 The corresponding parameter in the supertype 'RootView' is named 'ev'. This may cause problems when calling this function with named arguments.
w: file://<worktree>/node_modules/react-native-screens/android/src/main/java/com/swmansion/rnscreens/bottomsheet/BottomSheetDialogRootView.kt:79:46 The corresponding parameter in the supertype 'RootView' is named 'ev'. This may cause problems when calling this function with named arguments.
w: file://<worktree>/node_modules/react-native-screens/android/src/main/java/com/swmansion/rnscreens/bottomsheet/BottomSheetDialogRootView.kt:83:9 The corresponding parameter in the supertype 'RootView' is named 'childView'. This may cause problems when calling this function with named arguments.
w: file://<worktree>/node_modules/react-native-screens/android/src/main/java/com/swmansion/rnscreens/bottomsheet/BottomSheetDialogRootView.kt:84:9 The corresponding parameter in the supertype 'RootView' is named 'ev'. This may cause problems when calling this function with named arguments.
w: file://<worktree>/node_modules/react-native-screens/android/src/main/java/com/swmansion/rnscreens/bottomsheet/BottomSheetDialogRootView.kt:95:34 The corresponding parameter in the supertype 'RootView' is named 't'. This may cause problems when calling this function with named arguments.
w: file://<worktree>/node_modules/react-native-screens/android/src/main/java/com/swmansion/rnscreens/bottomsheet/DimmingView.kt:63:9 The corresponding parameter in the supertype 'ReactCompoundView' is named 'touchX'. This may cause problems when calling this function with named arguments.
w: file://<worktree>/node_modules/react-native-screens/android/src/main/java/com/swmansion/rnscreens/bottomsheet/DimmingView.kt:64:9 The corresponding parameter in the supertype 'ReactCompoundView' is named 'touchY'. This may cause problems when calling this function with named arguments.
w: file://<worktree>/node_modules/react-native-screens/android/src/main/java/com/swmansion/rnscreens/bottomsheet/DimmingView.kt:68:9 The corresponding parameter in the supertype 'ReactCompoundViewGroup' is named 'touchX'. This may cause problems when calling this function with named arguments.
w: file://<worktree>/node_modules/react-native-screens/android/src/main/java/com/swmansion/rnscreens/bottomsheet/DimmingView.kt:69:9 The corresponding parameter in the supertype 'ReactCompoundViewGroup' is named 'touchY'. This may cause problems when calling this function with named arguments.
w: file://<worktree>/node_modules/react-native-screens/android/src/main/java/com/swmansion/rnscreens/gamma/tabs/TabsHostViewManager.kt:37:9 The corresponding parameter in the supertype 'TabsHostViewManager' is named 'view'. This may cause problems when calling this function with named arguments.
w: file://<worktree>/node_modules/react-native-screens/android/src/main/java/com/swmansion/rnscreens/safearea/SafeAreaView.kt:19:8 'class UIManagerModule : ReactContextBaseJavaModule, OnBatchCompleteListener, LifecycleEventListener, UIManager' is deprecated. Deprecated in Java.
w: file://<worktree>/node_modules/react-native-screens/android/src/main/java/com/swmansion/rnscreens/safearea/SafeAreaView.kt:153:45 'fun consumeDisplayCutout(): WindowInsetsCompat' is deprecated. Deprecated in Java.
w: file://<worktree>/node_modules/react-native-screens/android/src/main/java/com/swmansion/rnscreens/safearea/SafeAreaView.kt:194:58 'class UIManagerModule : ReactContextBaseJavaModule, OnBatchCompleteListener, LifecycleEventListener, UIManager' is deprecated. Deprecated in Java.
w: file://<worktree>/node_modules/react-native-screens/android/src/main/java/com/swmansion/rnscreens/safearea/SafeAreaView.kt:201:31 'val uiImplementation: UIImplementation!' is deprecated. Deprecated in Java.
w: file://<worktree>/node_modules/react-native-screens/android/src/main/java/com/swmansion/rnscreens/safearea/paper/SafeAreaViewShadowNode.kt:7:8 'class LayoutShadowNode : ReactShadowNodeImpl' is deprecated. Deprecated in Java.
w: file://<worktree>/node_modules/react-native-screens/android/src/main/java/com/swmansion/rnscreens/safearea/paper/SafeAreaViewShadowNode.kt:8:8 'class NativeViewHierarchyOptimizer : Any' is deprecated. Deprecated in Java.
w: file://<worktree>/node_modules/react-native-screens/android/src/main/java/com/swmansion/rnscreens/safearea/paper/SafeAreaViewShadowNode.kt:14:32 'class LayoutShadowNode : ReactShadowNodeImpl' is deprecated. Deprecated in Java.
w: file://<worktree>/node_modules/react-native-screens/android/src/main/java/com/swmansion/rnscreens/safearea/paper/SafeAreaViewShadowNode.kt:83:63 'class NativeViewHierarchyOptimizer : Any' is deprecated. Deprecated in Java.

> Task :react-native-screens:compileReleaseJavaWithJavac

> Task :react-native-vision-camera:compileReleaseKotlin
w: file://<worktree>/node_modules/react-native-vision-camera/android/src/main/java/com/mrousavy/camera/core/MetadataProvider.kt:44:25 'fun requestSingleUpdate(p0: String, p1: LocationListener, p2: Looper?): Unit' is deprecated. Deprecated in Java.
w: file://<worktree>/node_modules/react-native-vision-camera/android/src/main/java/com/mrousavy/camera/core/utils/CamcorderProfileUtils.kt:71:42 'static fun get(p0: Int, p1: Int): CamcorderProfile!' is deprecated. Deprecated in Java.
w: file://<worktree>/node_modules/react-native-vision-camera/android/src/main/java/com/mrousavy/camera/core/utils/CamcorderProfileUtils.kt:96:42 'static fun get(p0: Int, p1: Int): CamcorderProfile!' is deprecated. Deprecated in Java.
w: file://<worktree>/node_modules/react-native-vision-camera/android/src/main/java/com/mrousavy/camera/core/utils/CamcorderProfileUtils.kt:121:42 'static fun get(p0: Int, p1: Int): CamcorderProfile!' is deprecated. Deprecated in Java.
w: file://<worktree>/node_modules/react-native-vision-camera/android/src/main/java/com/mrousavy/camera/frameprocessors/VisionCameraProxy.kt:33:56 'val jsCallInvokerHolder: CallInvokerHolder' is deprecated. Use ReactContext.getJSCallInvokerHolder instead.
w: file://<worktree>/node_modules/react-native-vision-camera/android/src/main/java/com/mrousavy/camera/react/CameraPackage.kt:9:16 This declaration overrides a deprecated member but is not marked as deprecated itself. Add the '@Deprecated' annotation or suppress the diagnostic.
w: file://<worktree>/node_modules/react-native-vision-camera/android/src/main/java/com/mrousavy/camera/react/CameraViewManager.kt:4:8 'object MapBuilder : Any' is deprecated. Use Kotlin's built-in collections extensions.
w: file://<worktree>/node_modules/react-native-vision-camera/android/src/main/java/com/mrousavy/camera/react/CameraViewManager.kt:31:5 'object MapBuilder : Any' is deprecated. Use Kotlin's built-in collections extensions.
w: file://<worktree>/node_modules/react-native-vision-camera/android/src/main/java/com/mrousavy/camera/react/CameraViewManager.kt:32:45 'object MapBuilder : Any' is deprecated. Use Kotlin's built-in collections extensions.
w: file://<worktree>/node_modules/react-native-vision-camera/android/src/main/java/com/mrousavy/camera/react/CameraViewManager.kt:33:47 'object MapBuilder : Any' is deprecated. Use Kotlin's built-in collections extensions.
w: file://<worktree>/node_modules/react-native-vision-camera/android/src/main/java/com/mrousavy/camera/react/CameraViewManager.kt:34:43 'object MapBuilder : Any' is deprecated. Use Kotlin's built-in collections extensions.
w: file://<worktree>/node_modules/react-native-vision-camera/android/src/main/java/com/mrousavy/camera/react/CameraViewManager.kt:35:43 'object MapBuilder : Any' is deprecated. Use Kotlin's built-in collections extensions.
w: file://<worktree>/node_modules/react-native-vision-camera/android/src/main/java/com/mrousavy/camera/react/CameraViewManager.kt:36:43 'object MapBuilder : Any' is deprecated. Use Kotlin's built-in collections extensions.
w: file://<worktree>/node_modules/react-native-vision-camera/android/src/main/java/com/mrousavy/camera/react/CameraViewManager.kt:37:41 'object MapBuilder : Any' is deprecated. Use Kotlin's built-in collections extensions.
w: file://<worktree>/node_modules/react-native-vision-camera/android/src/main/java/com/mrousavy/camera/react/CameraViewManager.kt:38:47 'object MapBuilder : Any' is deprecated. Use Kotlin's built-in collections extensions.
w: file://<worktree>/node_modules/react-native-vision-camera/android/src/main/java/com/mrousavy/camera/react/CameraViewManager.kt:39:50 'object MapBuilder : Any' is deprecated. Use Kotlin's built-in collections extensions.
w: file://<worktree>/node_modules/react-native-vision-camera/android/src/main/java/com/mrousavy/camera/react/CameraViewManager.kt:40:50 'object MapBuilder : Any' is deprecated. Use Kotlin's built-in collections extensions.
w: file://<worktree>/node_modules/react-native-vision-camera/android/src/main/java/com/mrousavy/camera/react/CameraViewManager.kt:41:60 'object MapBuilder : Any' is deprecated. Use Kotlin's built-in collections extensions.
w: file://<worktree>/node_modules/react-native-vision-camera/android/src/main/java/com/mrousavy/camera/react/CameraViewManager.kt:42:61 'object MapBuilder : Any' is deprecated. Use Kotlin's built-in collections extensions.
w: file://<worktree>/node_modules/react-native-vision-camera/android/src/main/java/com/mrousavy/camera/react/CameraViewManager.kt:43:47 'object MapBuilder : Any' is deprecated. Use Kotlin's built-in collections extensions.
w: file://<worktree>/node_modules/react-native-vision-camera/android/src/main/java/com/mrousavy/camera/react/CameraViewModule.kt:72:112 'val DEFAULT: Int' is deprecated. UIManagerType.DEFAULT will be deleted in the next release of React Native. Use [LEGACY] instead.

> Task :react-native-screens:bundleLibRuntimeToDirRelease
> Task :react-native-vision-camera:javaPreCompileRelease
> Task :react-native-webview:checkKotlinGradlePluginConfigurationErrors SKIPPED
> Task :react-native-webview:generateReleaseBuildConfig
> Task :react-native-webview:generateReleaseResValues
> Task :react-native-webview:generateReleaseResources
> Task :react-native-webview:packageReleaseResources
> Task :react-native-webview:parseReleaseLocalResources
> Task :react-native-webview:generateReleaseRFile
> Task :react-native-vision-camera:compileReleaseJavaWithJavac
> Task :react-native-vision-camera:bundleLibRuntimeToDirRelease

> Task :react-native-webview:compileReleaseKotlin
w: file://<worktree>/node_modules/react-native-webview/android/src/main/java/com/reactnativecommunity/webview/RNCWebViewManagerImpl.kt:22:8 'object MapBuilder : Any' is deprecated. Use Kotlin's built-in collections extensions.
w: file://<worktree>/node_modules/react-native-webview/android/src/main/java/com/reactnativecommunity/webview/RNCWebViewManagerImpl.kt:82:18 'var allowFileAccessFromFileURLs: Boolean' is deprecated. Deprecated in Java.
w: file://<worktree>/node_modules/react-native-webview/android/src/main/java/com/reactnativecommunity/webview/RNCWebViewManagerImpl.kt:83:18 'var allowUniversalAccessFromFileURLs: Boolean' is deprecated. Deprecated in Java.
w: file://<worktree>/node_modules/react-native-webview/android/src/main/java/com/reactnativecommunity/webview/RNCWebViewManagerImpl.kt:125:21 'fun allowScanningByMediaScanner(): Unit' is deprecated. Deprecated in Java.
w: file://<worktree>/node_modules/react-native-webview/android/src/main/java/com/reactnativecommunity/webview/RNCWebViewManagerImpl.kt:162:36 'var systemUiVisibility: Int' is deprecated. Deprecated in Java.
w: file://<worktree>/node_modules/react-native-webview/android/src/main/java/com/reactnativecommunity/webview/RNCWebViewManagerImpl.kt:301:14 'object MapBuilder : Any' is deprecated. Use Kotlin's built-in collections extensions.
w: file://<worktree>/node_modules/react-native-webview/android/src/main/java/com/reactnativecommunity/webview/RNCWebViewManagerImpl.kt:351:34 Condition is always 'true'.
w: file://<worktree>/node_modules/react-native-webview/android/src/main/java/com/reactnativecommunity/webview/RNCWebViewManagerImpl.kt:370:38 'var allowUniversalAccessFromFileURLs: Boolean' is deprecated. Deprecated in Java.
w: file://<worktree>/node_modules/react-native-webview/android/src/main/java/com/reactnativecommunity/webview/RNCWebViewManagerImpl.kt:431:51 Unchecked cast of 'Any?' to 'HashMap<String, String>'.
w: file://<worktree>/node_modules/react-native-webview/android/src/main/java/com/reactnativecommunity/webview/RNCWebViewManagerImpl.kt:487:23 'var savePassword: Boolean' is deprecated. Deprecated in Java.
w: file://<worktree>/node_modules/react-native-webview/android/src/main/java/com/reactnativecommunity/webview/RNCWebViewManagerImpl.kt:488:23 'var saveFormData: Boolean' is deprecated. Deprecated in Java.
w: file://<worktree>/node_modules/react-native-webview/android/src/main/java/com/reactnativecommunity/webview/RNCWebViewManagerImpl.kt:558:23 'var allowFileAccessFromFileURLs: Boolean' is deprecated. Deprecated in Java.
w: file://<worktree>/node_modules/react-native-webview/android/src/main/java/com/reactnativecommunity/webview/RNCWebViewManagerImpl.kt:603:52 'static field FORCE_DARK_ON: Int' is deprecated. Deprecated in Java.
w: file://<worktree>/node_modules/react-native-webview/android/src/main/java/com/reactnativecommunity/webview/RNCWebViewManagerImpl.kt:603:89 'static field FORCE_DARK_OFF: Int' is deprecated. Deprecated in Java.
w: file://<worktree>/node_modules/react-native-webview/android/src/main/java/com/reactnativecommunity/webview/RNCWebViewManagerImpl.kt:604:35 'static fun setForceDark(p0: @NonNull() WebSettings, p1: Int): Unit' is deprecated. Deprecated in Java.
w: file://<worktree>/node_modules/react-native-webview/android/src/main/java/com/reactnativecommunity/webview/RNCWebViewManagerImpl.kt:613:35 'static fun setForceDarkStrategy(p0: @NonNull() WebSettings, p1: Int): Unit' is deprecated. Deprecated in Java.
w: file://<worktree>/node_modules/react-native-webview/android/src/main/java/com/reactnativecommunity/webview/RNCWebViewManagerImpl.kt:615:39 'static field DARK_STRATEGY_PREFER_WEB_THEME_OVER_USER_AGENT_DARKENING: Int' is deprecated. Deprecated in Java.
w: file://<worktree>/node_modules/react-native-webview/android/src/main/java/com/reactnativecommunity/webview/RNCWebViewManagerImpl.kt:659:65 Unchecked cast of 'ArrayList<Any?>' to 'List<Map<String, String>>'.
w: file://<worktree>/node_modules/react-native-webview/android/src/main/java/com/reactnativecommunity/webview/RNCWebViewManagerImpl.kt:680:23 'var saveFormData: Boolean' is deprecated. Deprecated in Java.
w: file://<worktree>/node_modules/react-native-webview/android/src/main/java/com/reactnativecommunity/webview/events/TopCustomMenuSelectionEvent.kt:5:8 'interface RCTEventEmitter : JavaScriptModule' is deprecated. Use [RCTModernEventEmitter] instead.
w: file://<worktree>/node_modules/react-native-webview/android/src/main/java/com/reactnativecommunity/webview/events/TopCustomMenuSelectionEvent.kt:11:3 'constructor<T : Event<T>>(viewTag: Int): Event<T>' is deprecated. Use constructor with explicit surfaceId instead.
w: file://<worktree>/node_modules/react-native-webview/android/src/main/java/com/reactnativecommunity/webview/events/TopCustomMenuSelectionEvent.kt:22:16 This declaration overrides a deprecated member but is not marked as deprecated itself. Add the '@Deprecated' annotation or suppress the diagnostic.
w: file://<worktree>/node_modules/react-native-webview/android/src/main/java/com/reactnativecommunity/webview/events/TopCustomMenuSelectionEvent.kt:22:42 'interface RCTEventEmitter : JavaScriptModule' is deprecated. Use [RCTModernEventEmitter] instead.
w: file://<worktree>/node_modules/react-native-webview/android/src/main/java/com/reactnativecommunity/webview/events/TopCustomMenuSelectionEvent.kt:23:21 'fun receiveEvent(targetTag: Int, eventName: String, params: WritableMap?): Unit' is deprecated. Use [RCTModernEventEmitter.receiveEvent] instead.
w: file://<worktree>/node_modules/react-native-webview/android/src/main/java/com/reactnativecommunity/webview/events/TopHttpErrorEvent.kt:5:8 'interface RCTEventEmitter : JavaScriptModule' is deprecated. Use [RCTModernEventEmitter] instead.
w: file://<worktree>/node_modules/react-native-webview/android/src/main/java/com/reactnativecommunity/webview/events/TopHttpErrorEvent.kt:11:3 'constructor<T : Event<T>>(viewTag: Int): Event<T>' is deprecated. Use constructor with explicit surfaceId instead.
w: file://<worktree>/node_modules/react-native-webview/android/src/main/java/com/reactnativecommunity/webview/events/TopHttpErrorEvent.kt:22:16 This declaration overrides a deprecated member but is not marked as deprecated itself. Add the '@Deprecated' annotation or suppress the diagnostic.
w: file://<worktree>/node_modules/react-native-webview/android/src/main/java/com/reactnativecommunity/webview/events/TopHttpErrorEvent.kt:22:42 'interface RCTEventEmitter : JavaScriptModule' is deprecated. Use [RCTModernEventEmitter] instead.
w: file://<worktree>/node_modules/react-native-webview/android/src/main/java/com/reactnativecommunity/webview/events/TopHttpErrorEvent.kt:23:21 'fun receiveEvent(targetTag: Int, eventName: String, params: WritableMap?): Unit' is deprecated. Use [RCTModernEventEmitter.receiveEvent] instead.
w: file://<worktree>/node_modules/react-native-webview/android/src/main/java/com/reactnativecommunity/webview/events/TopLoadingErrorEvent.kt:5:8 'interface RCTEventEmitter : JavaScriptModule' is deprecated. Use [RCTModernEventEmitter] instead.
w: file://<worktree>/node_modules/react-native-webview/android/src/main/java/com/reactnativecommunity/webview/events/TopLoadingErrorEvent.kt:11:3 'constructor<T : Event<T>>(viewTag: Int): Event<T>' is deprecated. Use constructor with explicit surfaceId instead.
w: file://<worktree>/node_modules/react-native-webview/android/src/main/java/com/reactnativecommunity/webview/events/TopLoadingErrorEvent.kt:22:16 This declaration overrides a deprecated member but is not marked as deprecated itself. Add the '@Deprecated' annotation or suppress the diagnostic.
w: file://<worktree>/node_modules/react-native-webview/android/src/main/java/com/reactnativecommunity/webview/events/TopLoadingErrorEvent.kt:22:42 'interface RCTEventEmitter : JavaScriptModule' is deprecated. Use [RCTModernEventEmitter] instead.
w: file://<worktree>/node_modules/react-native-webview/android/src/main/java/com/reactnativecommunity/webview/events/TopLoadingErrorEvent.kt:23:21 'fun receiveEvent(targetTag: Int, eventName: String, params: WritableMap?): Unit' is deprecated. Use [RCTModernEventEmitter.receiveEvent] instead.
w: file://<worktree>/node_modules/react-native-webview/android/src/main/java/com/reactnativecommunity/webview/events/TopLoadingFinishEvent.kt:5:8 'interface RCTEventEmitter : JavaScriptModule' is deprecated. Use [RCTModernEventEmitter] instead.
w: file://<worktree>/node_modules/react-native-webview/android/src/main/java/com/reactnativecommunity/webview/events/TopLoadingFinishEvent.kt:11:3 'constructor<T : Event<T>>(viewTag: Int): Event<T>' is deprecated. Use constructor with explicit surfaceId instead.
w: file://<worktree>/node_modules/react-native-webview/android/src/main/java/com/reactnativecommunity/webview/events/TopLoadingFinishEvent.kt:22:16 This declaration overrides a deprecated member but is not marked as deprecated itself. Add the '@Deprecated' annotation or suppress the diagnostic.
w: file://<worktree>/node_modules/react-native-webview/android/src/main/java/com/reactnativecommunity/webview/events/TopLoadingFinishEvent.kt:22:42 'interface RCTEventEmitter : JavaScriptModule' is deprecated. Use [RCTModernEventEmitter] instead.
w: file://<worktree>/node_modules/react-native-webview/android/src/main/java/com/reactnativecommunity/webview/events/TopLoadingFinishEvent.kt:23:21 'fun receiveEvent(targetTag: Int, eventName: String, params: WritableMap?): Unit' is deprecated. Use [RCTModernEventEmitter.receiveEvent] instead.
w: file://<worktree>/node_modules/react-native-webview/android/src/main/java/com/reactnativecommunity/webview/events/TopLoadingProgressEvent.kt:5:8 'interface RCTEventEmitter : JavaScriptModule' is deprecated. Use [RCTModernEventEmitter] instead.
w: file://<worktree>/node_modules/react-native-webview/android/src/main/java/com/reactnativecommunity/webview/events/TopLoadingProgressEvent.kt:11:3 'constructor<T : Event<T>>(viewTag: Int): Event<T>' is deprecated. Use constructor with explicit surfaceId instead.
w: file://<worktree>/node_modules/react-native-webview/android/src/main/java/com/reactnativecommunity/webview/events/TopLoadingProgressEvent.kt:22:16 This declaration overrides a deprecated member but is not marked as deprecated itself. Add the '@Deprecated' annotation or suppress the diagnostic.
w: file://<worktree>/node_modules/react-native-webview/android/src/main/java/com/reactnativecommunity/webview/events/TopLoadingProgressEvent.kt:22:42 'interface RCTEventEmitter : JavaScriptModule' is deprecated. Use [RCTModernEventEmitter] instead.
w: file://<worktree>/node_modules/react-native-webview/android/src/main/java/com/reactnativecommunity/webview/events/TopLoadingProgressEvent.kt:23:21 'fun receiveEvent(targetTag: Int, eventName: String, params: WritableMap?): Unit' is deprecated. Use [RCTModernEventEmitter.receiveEvent] instead.
w: file://<worktree>/node_modules/react-native-webview/android/src/main/java/com/reactnativecommunity/webview/events/TopLoadingStartEvent.kt:5:8 'interface RCTEventEmitter : JavaScriptModule' is deprecated. Use [RCTModernEventEmitter] instead.
w: file://<worktree>/node_modules/react-native-webview/android/src/main/java/com/reactnativecommunity/webview/events/TopLoadingStartEvent.kt:11:3 'constructor<T : Event<T>>(viewTag: Int): Event<T>' is deprecated. Use constructor with explicit surfaceId instead.
w: file://<worktree>/node_modules/react-native-webview/android/src/main/java/com/reactnativecommunity/webview/events/TopLoadingStartEvent.kt:22:16 This declaration overrides a deprecated member but is not marked as deprecated itself. Add the '@Deprecated' annotation or suppress the diagnostic.
w: file://<worktree>/node_modules/react-native-webview/android/src/main/java/com/reactnativecommunity/webview/events/TopLoadingStartEvent.kt:22:42 'interface RCTEventEmitter : JavaScriptModule' is deprecated. Use [RCTModernEventEmitter] instead.
w: file://<worktree>/node_modules/react-native-webview/android/src/main/java/com/reactnativecommunity/webview/events/TopLoadingStartEvent.kt:23:21 'fun receiveEvent(targetTag: Int, eventName: String, params: WritableMap?): Unit' is deprecated. Use [RCTModernEventEmitter.receiveEvent] instead.
w: file://<worktree>/node_modules/react-native-webview/android/src/main/java/com/reactnativecommunity/webview/events/TopMessageEvent.kt:5:8 'interface RCTEventEmitter : JavaScriptModule' is deprecated. Use [RCTModernEventEmitter] instead.
w: file://<worktree>/node_modules/react-native-webview/android/src/main/java/com/reactnativecommunity/webview/events/TopMessageEvent.kt:10:75 'constructor<T : Event<T>>(viewTag: Int): Event<T>' is deprecated. Use constructor with explicit surfaceId instead.
w: file://<worktree>/node_modules/react-native-webview/android/src/main/java/com/reactnativecommunity/webview/events/TopMessageEvent.kt:21:16 This declaration overrides a deprecated member but is not marked as deprecated itself. Add the '@Deprecated' annotation or suppress the diagnostic.
w: file://<worktree>/node_modules/react-native-webview/android/src/main/java/com/reactnativecommunity/webview/events/TopMessageEvent.kt:21:42 'interface RCTEventEmitter : JavaScriptModule' is deprecated. Use [RCTModernEventEmitter] instead.
w: file://<worktree>/node_modules/react-native-webview/android/src/main/java/com/reactnativecommunity/webview/events/TopMessageEvent.kt:22:21 'fun receiveEvent(targetTag: Int, eventName: String, params: WritableMap?): Unit' is deprecated. Use [RCTModernEventEmitter.receiveEvent] instead.
w: file://<worktree>/node_modules/react-native-webview/android/src/main/java/com/reactnativecommunity/webview/events/TopNewWindowEvent.kt:5:8 'interface RCTEventEmitter : JavaScriptModule' is deprecated. Use [RCTModernEventEmitter] instead.
w: file://<worktree>/node_modules/react-native-webview/android/src/main/java/com/reactnativecommunity/webview/events/TopNewWindowEvent.kt:11:3 'constructor<T : Event<T>>(viewTag: Int): Event<T>' is deprecated. Use constructor with explicit surfaceId instead.
w: file://<worktree>/node_modules/react-native-webview/android/src/main/java/com/reactnativecommunity/webview/events/TopNewWindowEvent.kt:22:16 This declaration overrides a deprecated member but is not marked as deprecated itself. Add the '@Deprecated' annotation or suppress the diagnostic.
w: file://<worktree>/node_modules/react-native-webview/android/src/main/java/com/reactnativecommunity/webview/events/TopNewWindowEvent.kt:22:42 'interface RCTEventEmitter : JavaScriptModule' is deprecated. Use [RCTModernEventEmitter] instead.
w: file://<worktree>/node_modules/react-native-webview/android/src/main/java/com/reactnativecommunity/webview/events/TopNewWindowEvent.kt:23:21 'fun receiveEvent(targetTag: Int, eventName: String, params: WritableMap?): Unit' is deprecated. Use [RCTModernEventEmitter.receiveEvent] instead.
w: file://<worktree>/node_modules/react-native-webview/android/src/main/java/com/reactnativecommunity/webview/events/TopRenderProcessGoneEvent.kt:5:8 'interface RCTEventEmitter : JavaScriptModule' is deprecated. Use [RCTModernEventEmitter] instead.
w: file://<worktree>/node_modules/react-native-webview/android/src/main/java/com/reactnativecommunity/webview/events/TopRenderProcessGoneEvent.kt:12:3 'constructor<T : Event<T>>(viewTag: Int): Event<T>' is deprecated. Use constructor with explicit surfaceId instead.
w: file://<worktree>/node_modules/react-native-webview/android/src/main/java/com/reactnativecommunity/webview/events/TopRenderProcessGoneEvent.kt:23:16 This declaration overrides a deprecated member but is not marked as deprecated itself. Add the '@Deprecated' annotation or suppress the diagnostic.
w: file://<worktree>/node_modules/react-native-webview/android/src/main/java/com/reactnativecommunity/webview/events/TopRenderProcessGoneEvent.kt:23:42 'interface RCTEventEmitter : JavaScriptModule' is deprecated. Use [RCTModernEventEmitter] instead.
w: file://<worktree>/node_modules/react-native-webview/android/src/main/java/com/reactnativecommunity/webview/events/TopRenderProcessGoneEvent.kt:24:21 'fun receiveEvent(targetTag: Int, eventName: String, params: WritableMap?): Unit' is deprecated. Use [RCTModernEventEmitter.receiveEvent] instead.
w: file://<worktree>/node_modules/react-native-webview/android/src/main/java/com/reactnativecommunity/webview/events/TopShouldStartLoadWithRequestEvent.kt:5:8 'interface RCTEventEmitter : JavaScriptModule' is deprecated. Use [RCTModernEventEmitter] instead.
w: file://<worktree>/node_modules/react-native-webview/android/src/main/java/com/reactnativecommunity/webview/events/TopShouldStartLoadWithRequestEvent.kt:10:89 'constructor<T : Event<T>>(viewTag: Int): Event<T>' is deprecated. Use constructor with explicit surfaceId instead.
w: file://<worktree>/node_modules/react-native-webview/android/src/main/java/com/reactnativecommunity/webview/events/TopShouldStartLoadWithRequestEvent.kt:27:16 This declaration overrides a deprecated member but is not marked as deprecated itself. Add the '@Deprecated' annotation or suppress the diagnostic.
w: file://<worktree>/node_modules/react-native-webview/android/src/main/java/com/reactnativecommunity/webview/events/TopShouldStartLoadWithRequestEvent.kt:27:42 'interface RCTEventEmitter : JavaScriptModule' is deprecated. Use [RCTModernEventEmitter] instead.
w: file://<worktree>/node_modules/react-native-webview/android/src/main/java/com/reactnativecommunity/webview/events/TopShouldStartLoadWithRequestEvent.kt:28:21 'fun receiveEvent(targetTag: Int, eventName: String, params: WritableMap?): Unit' is deprecated. Use [RCTModernEventEmitter.receiveEvent] instead.

> Task :react-native-webview:javaPreCompileRelease
> Task :expo-http-server:bundleLibRuntimeToDirRelease

> Task :react-native-webview:compileReleaseJavaWithJavac
Note: Some input files use or override a deprecated API.
Note: Recompile with -Xlint:deprecation for details.

> Task :react-native-webview:bundleLibRuntimeToDirRelease
> Task :react-native-worklets:bundleLibRuntimeToDirRelease
> Task :rn-encryption:checkKotlinGradlePluginConfigurationErrors SKIPPED
> Task :rn-encryption:generateReleaseBuildConfig
> Task :rn-encryption:generateReleaseResValues
> Task :rn-encryption:generateReleaseResources
> Task :rn-encryption:packageReleaseResources
> Task :rn-encryption:parseReleaseLocalResources
> Task :rn-encryption:generateReleaseRFile

> Task :rn-encryption:compileReleaseKotlin
w: file://<worktree>/node_modules/rn-encryption/android/src/main/java/com/encryption/EncryptionPackage.kt:22:44 'constructor(name: String, className: String, canOverrideExistingModule: Boolean, needsEagerInit: Boolean, hasConstants: Boolean, isCxxModule: Boolean, isTurboModule: Boolean): ReactModuleInfo' is deprecated. This constructor is deprecated and will be removed in the future. Use ReactModuleInfo(String, String, boolean, boolean, boolean, boolean)].

> Task :rn-encryption:javaPreCompileRelease
> Task :rn-encryption:compileReleaseJavaWithJavac
> Task :rn-encryption:bundleLibRuntimeToDirRelease
> Task :expo-modules-core:bundleLibRuntimeToDirRelease
> Task :livekit_react-native-webrtc:bundleLibRuntimeToDirRelease
> Task :more-tech_react-native-libsodium:generateReleaseBuildConfig
> Task :more-tech_react-native-libsodium:generateReleaseResValues
> Task :more-tech_react-native-libsodium:generateReleaseResources
> Task :more-tech_react-native-libsodium:packageReleaseResources
> Task :more-tech_react-native-libsodium:parseReleaseLocalResources
> Task :more-tech_react-native-libsodium:generateReleaseRFile
> Task :more-tech_react-native-libsodium:javaPreCompileRelease

> Task :more-tech_react-native-libsodium:compileReleaseJavaWithJavac
Note: <worktree>/node_modules/@more-tech/react-native-libsodium/android/src/main/java/com/libsodium/LibsodiumPackage.java uses or overrides a deprecated API.
Note: Recompile with -Xlint:deprecation for details.

> Task :more-tech_react-native-libsodium:bundleLibRuntimeToDirRelease
> Task :react-native-async-storage_async-storage:generateReleaseBuildConfig
> Task :react-native-async-storage_async-storage:generateReleaseResValues
> Task :react-native-async-storage_async-storage:generateReleaseResources
> Task :react-native-async-storage_async-storage:packageReleaseResources
> Task :react-native-async-storage_async-storage:parseReleaseLocalResources
> Task :react-native-async-storage_async-storage:generateReleaseRFile
> Task :react-native-async-storage_async-storage:javaPreCompileRelease

> Task :react-native-async-storage_async-storage:compileReleaseJavaWithJavac
Note: Some input files use or override a deprecated API.
Note: Recompile with -Xlint:deprecation for details.
Note: <worktree>/node_modules/@react-native-async-storage/async-storage/android/src/javaPackage/java/com/reactnativecommunity/asyncstorage/AsyncStoragePackage.java uses unchecked or unsafe operations.
Note: Recompile with -Xlint:unchecked for details.

> Task :react-native-async-storage_async-storage:bundleLibRuntimeToDirRelease
> Task :react-native-community_slider:generateReleaseBuildConfig
> Task :react-native-community_slider:generateReleaseResValues
> Task :react-native-community_slider:generateReleaseResources
> Task :react-native-community_slider:packageReleaseResources
> Task :react-native-community_slider:parseReleaseLocalResources
> Task :react-native-community_slider:generateReleaseRFile
> Task :react-native-community_slider:javaPreCompileRelease

> Task :react-native-community_slider:compileReleaseJavaWithJavac
Note: Some input files use or override a deprecated API.
Note: Recompile with -Xlint:deprecation for details.

> Task :react-native-community_slider:bundleLibRuntimeToDirRelease
> Task :react-native-masked-view_masked-view:generateReleaseBuildConfig
> Task :react-native-masked-view_masked-view:generateReleaseResValues
> Task :react-native-masked-view_masked-view:generateReleaseResources
> Task :react-native-masked-view_masked-view:packageReleaseResources
> Task :react-native-masked-view_masked-view:parseReleaseLocalResources
> Task :react-native-picker_picker:generateReleaseBuildConfig
> Task :react-native-masked-view_masked-view:generateReleaseRFile
> Task :react-native-masked-view_masked-view:javaPreCompileRelease
> Task :react-native-picker_picker:generateReleaseResValues
> Task :react-native-picker_picker:generateReleaseResources
> Task :react-native-picker_picker:packageReleaseResources
> Task :react-native-picker_picker:parseReleaseLocalResources
> Task :react-native-picker_picker:generateReleaseRFile
> Task :react-native-picker_picker:javaPreCompileRelease

> Task :react-native-masked-view_masked-view:compileReleaseJavaWithJavac
Note: <worktree>/node_modules/@react-native-masked-view/masked-view/android/src/main/java/org/reactnative/maskedview/RNCMaskedViewPackage.java uses or overrides a deprecated API.
Note: Recompile with -Xlint:deprecation for details.

> Task :react-native-masked-view_masked-view:bundleLibRuntimeToDirRelease
> Task :shopify_react-native-skia:generateReleaseBuildConfig
> Task :shopify_react-native-skia:generateReleaseResValues
> Task :shopify_react-native-skia:generateReleaseResources
> Task :shopify_react-native-skia:packageReleaseResources
> Task :shopify_react-native-skia:parseReleaseLocalResources
> Task :shopify_react-native-skia:generateReleaseRFile
> Task :shopify_react-native-skia:javaPreCompileRelease

> Task :react-native-picker_picker:compileReleaseJavaWithJavac
Note: Some input files use or override a deprecated API.
Note: Recompile with -Xlint:deprecation for details.

> Task :react-native-picker_picker:bundleLibRuntimeToDirRelease
> Task :react-native-device-info:generateReleaseBuildConfig
> Task :react-native-device-info:generateReleaseResValues
> Task :react-native-device-info:generateReleaseResources
> Task :react-native-device-info:packageReleaseResources
> Task :react-native-device-info:parseReleaseLocalResources
> Task :react-native-device-info:generateReleaseRFile
> Task :react-native-device-info:javaPreCompileRelease

> Task :shopify_react-native-skia:compileReleaseJavaWithJavac
Note: Some input files use or override a deprecated API.
Note: Recompile with -Xlint:deprecation for details.
Note: Some input files use unchecked or unsafe operations.
Note: Recompile with -Xlint:unchecked for details.

> Task :shopify_react-native-skia:bundleLibRuntimeToDirRelease
> Task :react-native-mmkv:generateReleaseBuildConfig
> Task :react-native-mmkv:generateReleaseResValues
> Task :react-native-mmkv:generateReleaseResources
> Task :react-native-mmkv:packageReleaseResources
> Task :react-native-mmkv:parseReleaseLocalResources
> Task :react-native-mmkv:generateReleaseRFile
> Task :react-native-mmkv:javaPreCompileRelease

> Task :react-native-mmkv:compileReleaseJavaWithJavac
Note: <worktree>/node_modules/react-native-mmkv/android/src/main/java/com/mrousavy/mmkv/MmkvPackage.java uses or overrides a deprecated API.
Note: Recompile with -Xlint:deprecation for details.

> Task :react-native-mmkv:bundleLibRuntimeToDirRelease
> Task :react-native-purchases:checkKotlinGradlePluginConfigurationErrors SKIPPED
> Task :react-native-purchases:generateReleaseBuildConfig
> Task :react-native-purchases:generateReleaseResValues
> Task :react-native-purchases:generateReleaseResources
> Task :react-native-purchases:packageReleaseResources
> Task :react-native-purchases:parseReleaseLocalResources
> Task :react-native-purchases:generateReleaseRFile

> Task :react-native-device-info:compileReleaseJavaWithJavac
Note: Some input files use or override a deprecated API.
Note: Recompile with -Xlint:deprecation for details.

> Task :react-native-device-info:bundleLibRuntimeToDirRelease
> Task :react-native-svg:bundleLibRuntimeToDirRelease
> Task :react-native-purchases:javaPreCompileRelease
> Task :react-native-purchases:compileReleaseKotlin

> Task :react-native-purchases:compileReleaseJavaWithJavac
<worktree>/node_modules/react-native-purchases/android/src/main/java/com/revenuecat/purchases/react/RNPurchasesModule.java:70: warning: [removal] onCatalystInstanceDestroy() in NativeModule has been deprecated and marked for removal
    public void onCatalystInstanceDestroy() {
                ^
Note: Some input files use or override a deprecated API.
Note: Recompile with -Xlint:deprecation for details.
Note: <worktree>/node_modules/react-native-purchases/android/src/main/java/com/revenuecat/purchases/react/RNPurchasesModule.java uses unchecked or unsafe operations.
Note: Recompile with -Xlint:unchecked for details.
1 warning

> Task :react-native-purchases:bundleLibRuntimeToDirRelease
> Task :react-native-view-shot:generateReleaseBuildConfig
> Task :react-native-view-shot:generateReleaseResValues
> Task :react-native-view-shot:generateReleaseResources
> Task :react-native-view-shot:packageReleaseResources
> Task :react-native-view-shot:parseReleaseLocalResources
> Task :react-native-view-shot:generateReleaseRFile
> Task :react-native-view-shot:javaPreCompileRelease
> Task :expo-log-box:bundleLibRuntimeToDirRelease
> Task :expo-dev-launcher:bundleLibRuntimeToDirRelease

> Task :react-native-view-shot:compileReleaseJavaWithJavac
Note: Some input files use or override a deprecated API.
Note: Recompile with -Xlint:deprecation for details.

> Task :expo-dev-menu-interface:bundleLibRuntimeToDirRelease
> Task :react-native-view-shot:bundleLibRuntimeToDirRelease
> Task :expo-constants:bundleLibRuntimeToDirRelease
> Task :expo-dev-client:bundleLibRuntimeToDirRelease
> Task :expo-dev-menu:bundleLibRuntimeToDirRelease
> Task :expo-eas-client:bundleLibRuntimeToDirRelease
> Task :expo-manifests:bundleLibRuntimeToDirRelease
> Task :expo-json-utils:bundleLibRuntimeToDirRelease
> Task :expo-structured-headers:bundleLibRuntimeToDirRelease
> Task :expo-updates:bundleLibRuntimeToDirRelease
> Task :expo-updates-interface:bundleLibRuntimeToDirRelease
> Task :expo:writeReleaseAarMetadata
> Task :expo-constants:writeReleaseAarMetadata
> Task :expo-dev-client:writeReleaseAarMetadata
> Task :app:buildKotlinToolingMetadata
> Task :app:checkKotlinGradlePluginConfigurationErrors SKIPPED
> Task :app:generateReleaseBuildConfig
> Task :expo-dev-launcher:writeReleaseAarMetadata
> Task :expo-dev-menu:writeReleaseAarMetadata
> Task :expo-dev-menu-interface:writeReleaseAarMetadata
> Task :expo-eas-client:writeReleaseAarMetadata
> Task :app:checkReleaseDuplicateClasses
> Task :expo-http-server:writeReleaseAarMetadata
> Task :expo-json-utils:writeReleaseAarMetadata
> Task :expo-manifests:writeReleaseAarMetadata
> Task :expo-log-box:writeReleaseAarMetadata
> Task :expo-structured-headers:writeReleaseAarMetadata
> Task :expo-modules-core:writeReleaseAarMetadata
> Task :expo-updates:writeReleaseAarMetadata
> Task :expo-updates-interface:writeReleaseAarMetadata
> Task :livekit-react-native-expo-plugin:writeReleaseAarMetadata
> Task :livekit_react-native:writeReleaseAarMetadata
> Task :livekit_react-native-webrtc:writeReleaseAarMetadata
> Task :lottie-react-native:writeReleaseAarMetadata
> Task :react-native-async-storage_async-storage:writeReleaseAarMetadata
> Task :more-tech_react-native-libsodium:writeReleaseAarMetadata
> Task :react-native-audio-api:writeReleaseAarMetadata
> Task :react-native-community_datetimepicker:writeReleaseAarMetadata
> Task :react-native-device-info:writeReleaseAarMetadata
> Task :react-native-community_slider:writeReleaseAarMetadata
> Task :react-native-gesture-handler:writeReleaseAarMetadata
> Task :react-native-enriched:writeReleaseAarMetadata
> Task :react-native-keyboard-controller:writeReleaseAarMetadata
> Task :react-native-localize:writeReleaseAarMetadata
> Task :react-native-masked-view_masked-view:writeReleaseAarMetadata
> Task :react-native-mmkv:writeReleaseAarMetadata
> Task :react-native-picker_picker:writeReleaseAarMetadata
> Task :react-native-nitro-modules:writeReleaseAarMetadata
> Task :react-native-purchases:writeReleaseAarMetadata
> Task :react-native-purchases-ui:writeReleaseAarMetadata
> Task :react-native-reanimated:writeReleaseAarMetadata
> Task :react-native-quick-base64:writeReleaseAarMetadata
> Task :react-native-safe-area-context:writeReleaseAarMetadata
> Task :react-native-screens:writeReleaseAarMetadata
> Task :react-native-svg:writeReleaseAarMetadata
> Task :react-native-unistyles:writeReleaseAarMetadata
> Task :react-native-vision-camera:writeReleaseAarMetadata
> Task :react-native-view-shot:writeReleaseAarMetadata
> Task :react-native-webview:writeReleaseAarMetadata
> Task :react-native-worklets:writeReleaseAarMetadata
> Task :shopify_react-native-skia:writeReleaseAarMetadata
> Task :rn-encryption:writeReleaseAarMetadata
> Task :expo:extractDeepLinksRelease
> Task :expo:processReleaseManifest
> Task :expo-constants:extractDeepLinksRelease
> Task :expo-constants:processReleaseManifest
> Task :app:checkReleaseAarMetadata
> Task :expo-dev-client:extractDeepLinksRelease
> Task :expo-dev-client:processReleaseManifest
> Task :expo-dev-launcher:extractDeepLinksRelease
> Task :expo-dev-launcher:processReleaseManifest
> Task :expo-dev-menu:extractDeepLinksRelease
> Task :expo-dev-menu:processReleaseManifest
> Task :expo-dev-menu-interface:extractDeepLinksRelease
> Task :expo-dev-menu-interface:processReleaseManifest
> Task :expo-eas-client:extractDeepLinksRelease
> Task :expo-eas-client:processReleaseManifest
> Task :expo-http-server:extractDeepLinksRelease
> Task :expo-http-server:processReleaseManifest
> Task :expo-json-utils:extractDeepLinksRelease
> Task :expo-json-utils:processReleaseManifest
> Task :expo-log-box:extractDeepLinksRelease
> Task :expo-log-box:processReleaseManifest
> Task :expo-manifests:extractDeepLinksRelease
> Task :expo-manifests:processReleaseManifest
> Task :expo-modules-core:extractDeepLinksRelease

> Task :expo-modules-core:processReleaseManifest
<worktree>/node_modules/expo-modules-core/android/src/main/AndroidManifest.xml:8:9-11:45 Warning:
	meta-data#com.facebook.soloader.enabled@android:value was tagged at AndroidManifest.xml:8 to replace other declarations but no other declaration present

> Task :expo-structured-headers:extractDeepLinksRelease
> Task :expo-structured-headers:processReleaseManifest
> Task :expo-updates:extractDeepLinksRelease
> Task :expo-updates:processReleaseManifest
> Task :expo-updates-interface:extractDeepLinksRelease
> Task :expo-updates-interface:processReleaseManifest
> Task :livekit-react-native-expo-plugin:extractDeepLinksRelease
> Task :livekit-react-native-expo-plugin:processReleaseManifest
> Task :livekit_react-native:extractDeepLinksRelease

> Task :livekit_react-native:processReleaseManifest
package="com.livekit.reactnative" found in source AndroidManifest.xml: <worktree>/node_modules/@livekit/react-native/android/src/main/AndroidManifest.xml.
Setting the namespace via the package attribute in the source AndroidManifest.xml is no longer supported, and the value is ignored.
Recommendation: remove package="com.livekit.reactnative" from the source AndroidManifest.xml: <worktree>/node_modules/@livekit/react-native/android/src/main/AndroidManifest.xml.

> Task :livekit_react-native-webrtc:extractDeepLinksRelease

> Task :livekit_react-native-webrtc:processReleaseManifest
package="com.oney.WebRTCModule" found in source AndroidManifest.xml: <worktree>/node_modules/@livekit/react-native-webrtc/android/src/main/AndroidManifest.xml.
Setting the namespace via the package attribute in the source AndroidManifest.xml is no longer supported, and the value is ignored.
Recommendation: remove package="com.oney.WebRTCModule" from the source AndroidManifest.xml: <worktree>/node_modules/@livekit/react-native-webrtc/android/src/main/AndroidManifest.xml.

> Task :lottie-react-native:extractDeepLinksRelease
> Task :lottie-react-native:processReleaseManifest
> Task :more-tech_react-native-libsodium:extractDeepLinksRelease

> Task :more-tech_react-native-libsodium:processReleaseManifest
package="com.libsodium" found in source AndroidManifest.xml: <worktree>/node_modules/@more-tech/react-native-libsodium/android/src/main/AndroidManifest.xml.
Setting the namespace via the package attribute in the source AndroidManifest.xml is no longer supported, and the value is ignored.
Recommendation: remove package="com.libsodium" from the source AndroidManifest.xml: <worktree>/node_modules/@more-tech/react-native-libsodium/android/src/main/AndroidManifest.xml.

> Task :react-native-async-storage_async-storage:extractDeepLinksRelease

> Task :react-native-async-storage_async-storage:processReleaseManifest
package="com.reactnativecommunity.asyncstorage" found in source AndroidManifest.xml: <worktree>/node_modules/@react-native-async-storage/async-storage/android/src/main/AndroidManifest.xml.
Setting the namespace via the package attribute in the source AndroidManifest.xml is no longer supported, and the value is ignored.
Recommendation: remove package="com.reactnativecommunity.asyncstorage" from the source AndroidManifest.xml: <worktree>/node_modules/@react-native-async-storage/async-storage/android/src/main/AndroidManifest.xml.

> Task :react-native-audio-api:extractDeepLinksRelease
> Task :react-native-audio-api:processReleaseManifest
> Task :react-native-community_datetimepicker:extractDeepLinksRelease
> Task :react-native-community_datetimepicker:processReleaseManifest
> Task :react-native-community_slider:extractDeepLinksRelease

> Task :react-native-community_slider:processReleaseManifest
package="com.reactnativecommunity.slider" found in source AndroidManifest.xml: <worktree>/node_modules/@react-native-community/slider/android/src/main/AndroidManifest.xml.
Setting the namespace via the package attribute in the source AndroidManifest.xml is no longer supported, and the value is ignored.
Recommendation: remove package="com.reactnativecommunity.slider" from the source AndroidManifest.xml: <worktree>/node_modules/@react-native-community/slider/android/src/main/AndroidManifest.xml.

> Task :react-native-device-info:extractDeepLinksRelease

> Task :react-native-device-info:processReleaseManifest
package="com.learnium.RNDeviceInfo" found in source AndroidManifest.xml: <worktree>/node_modules/react-native-device-info/android/src/main/AndroidManifest.xml.
Setting the namespace via the package attribute in the source AndroidManifest.xml is no longer supported, and the value is ignored.
Recommendation: remove package="com.learnium.RNDeviceInfo" from the source AndroidManifest.xml: <worktree>/node_modules/react-native-device-info/android/src/main/AndroidManifest.xml.

> Task :react-native-enriched:extractDeepLinksRelease
> Task :react-native-enriched:processReleaseManifest
> Task :react-native-gesture-handler:extractDeepLinksRelease
> Task :react-native-gesture-handler:processReleaseManifest
> Task :react-native-keyboard-controller:extractDeepLinksRelease

> Task :react-native-keyboard-controller:processReleaseManifest
package="com.reactnativekeyboardcontroller" found in source AndroidManifest.xml: <worktree>/node_modules/react-native-keyboard-controller/android/src/main/AndroidManifest.xml.
Setting the namespace via the package attribute in the source AndroidManifest.xml is no longer supported, and the value is ignored.
Recommendation: remove package="com.reactnativekeyboardcontroller" from the source AndroidManifest.xml: <worktree>/node_modules/react-native-keyboard-controller/android/src/main/AndroidManifest.xml.

> Task :react-native-localize:extractDeepLinksRelease
> Task :react-native-localize:processReleaseManifest
> Task :react-native-masked-view_masked-view:extractDeepLinksRelease
> Task :react-native-masked-view_masked-view:processReleaseManifest
> Task :react-native-mmkv:extractDeepLinksRelease
> Task :react-native-mmkv:processReleaseManifest
> Task :react-native-nitro-modules:extractDeepLinksRelease
> Task :react-native-nitro-modules:processReleaseManifest
> Task :react-native-picker_picker:extractDeepLinksRelease

> Task :react-native-picker_picker:processReleaseManifest
package="com.reactnativecommunity.picker" found in source AndroidManifest.xml: <worktree>/node_modules/@react-native-picker/picker/android/src/main/AndroidManifest.xml.
Setting the namespace via the package attribute in the source AndroidManifest.xml is no longer supported, and the value is ignored.
Recommendation: remove package="com.reactnativecommunity.picker" from the source AndroidManifest.xml: <worktree>/node_modules/@react-native-picker/picker/android/src/main/AndroidManifest.xml.

> Task :react-native-purchases:extractDeepLinksRelease

> Task :react-native-purchases:processReleaseManifest
package="com.revenuecat.purchases.react" found in source AndroidManifest.xml: <worktree>/node_modules/react-native-purchases/android/src/main/AndroidManifest.xml.
Setting the namespace via the package attribute in the source AndroidManifest.xml is no longer supported, and the value is ignored.
Recommendation: remove package="com.revenuecat.purchases.react" from the source AndroidManifest.xml: <worktree>/node_modules/react-native-purchases/android/src/main/AndroidManifest.xml.

> Task :react-native-purchases-ui:extractDeepLinksRelease
> Task :react-native-purchases-ui:processReleaseManifest
> Task :react-native-quick-base64:extractDeepLinksRelease
> Task :react-native-quick-base64:processReleaseManifest
> Task :react-native-reanimated:extractDeepLinksRelease
> Task :react-native-reanimated:processReleaseManifest
> Task :react-native-safe-area-context:extractDeepLinksRelease

> Task :react-native-safe-area-context:processReleaseManifest
package="com.th3rdwave.safeareacontext" found in source AndroidManifest.xml: <worktree>/node_modules/react-native-safe-area-context/android/src/main/AndroidManifest.xml.
Setting the namespace via the package attribute in the source AndroidManifest.xml is no longer supported, and the value is ignored.
Recommendation: remove package="com.th3rdwave.safeareacontext" from the source AndroidManifest.xml: <worktree>/node_modules/react-native-safe-area-context/android/src/main/AndroidManifest.xml.

> Task :react-native-screens:extractDeepLinksRelease
> Task :react-native-screens:processReleaseManifest
> Task :react-native-svg:extractDeepLinksRelease
> Task :react-native-svg:processReleaseManifest
> Task :react-native-unistyles:extractDeepLinksRelease
> Task :react-native-unistyles:processReleaseManifest
> Task :react-native-view-shot:extractDeepLinksRelease

> Task :react-native-view-shot:processReleaseManifest
package="fr.greweb.reactnativeviewshot" found in source AndroidManifest.xml: <worktree>/node_modules/react-native-view-shot/android/src/main/AndroidManifest.xml.
Setting the namespace via the package attribute in the source AndroidManifest.xml is no longer supported, and the value is ignored.
Recommendation: remove package="fr.greweb.reactnativeviewshot" from the source AndroidManifest.xml: <worktree>/node_modules/react-native-view-shot/android/src/main/AndroidManifest.xml.

> Task :react-native-vision-camera:extractDeepLinksRelease
> Task :react-native-vision-camera:processReleaseManifest
> Task :react-native-webview:extractDeepLinksRelease
> Task :react-native-webview:processReleaseManifest
> Task :react-native-worklets:extractDeepLinksRelease
> Task :react-native-worklets:processReleaseManifest
> Task :rn-encryption:extractDeepLinksRelease
> Task :rn-encryption:processReleaseManifest
> Task :shopify_react-native-skia:extractDeepLinksRelease

> Task :shopify_react-native-skia:processReleaseManifest
package="com.shopify.reactnative.skia" found in source AndroidManifest.xml: <worktree>/node_modules/@shopify/react-native-skia/android/src/main/AndroidManifest.xml.
Setting the namespace via the package attribute in the source AndroidManifest.xml is no longer supported, and the value is ignored.
Recommendation: remove package="com.shopify.reactnative.skia" from the source AndroidManifest.xml: <worktree>/node_modules/@shopify/react-native-skia/android/src/main/AndroidManifest.xml.

> Task :app:createBundleReleaseJsAndAssets
Expo Autolinking module resolution enabled

> Task :expo:compileReleaseLibraryResources
> Task :expo-constants:compileReleaseLibraryResources
> Task :expo-dev-client:compileReleaseLibraryResources
> Task :expo-dev-launcher:compileReleaseLibraryResources
> Task :expo-dev-menu:compileReleaseLibraryResources
> Task :expo-dev-menu-interface:compileReleaseLibraryResources
> Task :expo-eas-client:compileReleaseLibraryResources
> Task :expo-http-server:compileReleaseLibraryResources
> Task :expo-json-utils:compileReleaseLibraryResources
> Task :expo-log-box:compileReleaseLibraryResources
> Task :expo-manifests:compileReleaseLibraryResources
> Task :expo-modules-core:compileReleaseLibraryResources
> Task :expo-structured-headers:compileReleaseLibraryResources
> Task :expo-updates:compileReleaseLibraryResources
> Task :expo-updates-interface:compileReleaseLibraryResources
> Task :livekit-react-native-expo-plugin:compileReleaseLibraryResources
> Task :livekit_react-native:compileReleaseLibraryResources
> Task :livekit_react-native-webrtc:compileReleaseLibraryResources
> Task :lottie-react-native:compileReleaseLibraryResources
> Task :more-tech_react-native-libsodium:compileReleaseLibraryResources
> Task :react-native-async-storage_async-storage:compileReleaseLibraryResources
> Task :react-native-audio-api:compileReleaseLibraryResources
> Task :react-native-community_datetimepicker:compileReleaseLibraryResources
> Task :react-native-community_slider:compileReleaseLibraryResources
> Task :react-native-device-info:compileReleaseLibraryResources
> Task :react-native-enriched:compileReleaseLibraryResources
> Task :react-native-gesture-handler:compileReleaseLibraryResources
> Task :react-native-keyboard-controller:compileReleaseLibraryResources
> Task :react-native-localize:compileReleaseLibraryResources
> Task :react-native-masked-view_masked-view:compileReleaseLibraryResources
> Task :react-native-mmkv:compileReleaseLibraryResources
> Task :react-native-nitro-modules:compileReleaseLibraryResources
> Task :react-native-picker_picker:compileReleaseLibraryResources
> Task :react-native-purchases:compileReleaseLibraryResources
> Task :react-native-purchases-ui:compileReleaseLibraryResources
> Task :react-native-quick-base64:compileReleaseLibraryResources
> Task :react-native-reanimated:compileReleaseLibraryResources
> Task :react-native-safe-area-context:compileReleaseLibraryResources
> Task :react-native-screens:compileReleaseLibraryResources
> Task :react-native-svg:compileReleaseLibraryResources
> Task :react-native-unistyles:compileReleaseLibraryResources
> Task :react-native-view-shot:compileReleaseLibraryResources
> Task :react-native-vision-camera:compileReleaseLibraryResources
> Task :react-native-webview:compileReleaseLibraryResources
> Task :react-native-worklets:compileReleaseLibraryResources
> Task :rn-encryption:compileReleaseLibraryResources
> Task :shopify_react-native-skia:compileReleaseLibraryResources
> Task :expo:bundleLibCompileToJarRelease
> Task :lottie-react-native:bundleLibCompileToJarRelease
> Task :more-tech_react-native-libsodium:bundleLibCompileToJarRelease
> Task :react-native-async-storage_async-storage:bundleLibCompileToJarRelease
> Task :react-native-audio-api:bundleLibCompileToJarRelease
> Task :react-native-community_datetimepicker:bundleLibCompileToJarRelease
> Task :react-native-community_slider:bundleLibCompileToJarRelease
> Task :react-native-device-info:bundleLibCompileToJarRelease
> Task :react-native-enriched:bundleLibCompileToJarRelease
> Task :react-native-gesture-handler:bundleLibCompileToJarRelease
> Task :react-native-keyboard-controller:bundleLibCompileToJarRelease
> Task :react-native-localize:bundleLibCompileToJarRelease

> Task :app:createBundleReleaseJsAndAssets
Starting Metro Bundler


> Task :react-native-masked-view_masked-view:bundleLibCompileToJarRelease
> Task :react-native-mmkv:bundleLibCompileToJarRelease
> Task :react-native-picker_picker:bundleLibCompileToJarRelease
> Task :react-native-purchases:bundleLibCompileToJarRelease
> Task :react-native-purchases-ui:bundleLibCompileToJarRelease
> Task :react-native-quick-base64:bundleLibCompileToJarRelease
> Task :react-native-safe-area-context:bundleLibCompileToJarRelease
> Task :react-native-screens:bundleLibCompileToJarRelease
> Task :react-native-unistyles:bundleLibCompileToJarRelease
> Task :react-native-view-shot:bundleLibCompileToJarRelease
> Task :react-native-vision-camera:bundleLibCompileToJarRelease
> Task :react-native-webview:bundleLibCompileToJarRelease
> Task :rn-encryption:bundleLibCompileToJarRelease
> Task :shopify_react-native-skia:bundleLibCompileToJarRelease
> Task :expo:prepareReleaseArtProfile
> Task :expo-constants:prepareReleaseArtProfile
> Task :expo-dev-client:prepareReleaseArtProfile
> Task :expo-dev-launcher:prepareReleaseArtProfile
> Task :expo-dev-menu:prepareReleaseArtProfile
> Task :expo-dev-menu-interface:prepareReleaseArtProfile
> Task :expo-eas-client:prepareReleaseArtProfile
> Task :expo-http-server:prepareReleaseArtProfile
> Task :expo-json-utils:prepareReleaseArtProfile
> Task :expo-log-box:prepareReleaseArtProfile
> Task :expo-manifests:prepareReleaseArtProfile
> Task :expo-modules-core:prepareReleaseArtProfile
> Task :expo-structured-headers:prepareReleaseArtProfile
> Task :expo-updates:prepareReleaseArtProfile
> Task :expo-updates-interface:prepareReleaseArtProfile
> Task :livekit-react-native-expo-plugin:prepareReleaseArtProfile
> Task :livekit_react-native:prepareReleaseArtProfile
> Task :livekit_react-native-webrtc:prepareReleaseArtProfile
> Task :lottie-react-native:prepareReleaseArtProfile
> Task :more-tech_react-native-libsodium:prepareReleaseArtProfile
> Task :react-native-async-storage_async-storage:prepareReleaseArtProfile
> Task :react-native-audio-api:prepareReleaseArtProfile
> Task :react-native-community_datetimepicker:prepareReleaseArtProfile
> Task :react-native-community_slider:prepareReleaseArtProfile
> Task :react-native-device-info:prepareReleaseArtProfile
> Task :react-native-enriched:prepareReleaseArtProfile
> Task :react-native-gesture-handler:prepareReleaseArtProfile
> Task :react-native-keyboard-controller:prepareReleaseArtProfile
> Task :react-native-localize:prepareReleaseArtProfile
> Task :react-native-masked-view_masked-view:prepareReleaseArtProfile
> Task :react-native-mmkv:prepareReleaseArtProfile
> Task :react-native-nitro-modules:prepareReleaseArtProfile
> Task :react-native-picker_picker:prepareReleaseArtProfile
> Task :react-native-purchases:prepareReleaseArtProfile
> Task :react-native-purchases-ui:prepareReleaseArtProfile
> Task :react-native-quick-base64:prepareReleaseArtProfile
> Task :react-native-reanimated:prepareReleaseArtProfile
> Task :react-native-safe-area-context:prepareReleaseArtProfile
> Task :react-native-screens:prepareReleaseArtProfile
> Task :react-native-svg:prepareReleaseArtProfile
> Task :react-native-unistyles:prepareReleaseArtProfile
> Task :react-native-view-shot:prepareReleaseArtProfile
> Task :react-native-vision-camera:prepareReleaseArtProfile
> Task :react-native-webview:prepareReleaseArtProfile
> Task :react-native-worklets:prepareReleaseArtProfile
> Task :rn-encryption:prepareReleaseArtProfile
> Task :shopify_react-native-skia:prepareReleaseArtProfile
> Task :expo:bundleLibRuntimeToJarRelease
> Task :livekit-react-native-expo-plugin:bundleLibRuntimeToJarRelease
> Task :livekit_react-native:bundleLibRuntimeToJarRelease
> Task :react-native-community_datetimepicker:bundleLibRuntimeToJarRelease
> Task :lottie-react-native:bundleLibRuntimeToJarRelease

> Task :app:createBundleReleaseJsAndAssets
Android packages/lyntty-app/index.ts ░░░░░░░░░░░░░░░░  0.0% (0/1)

> Task :react-native-audio-api:bundleLibRuntimeToJarRelease
> Task :react-native-enriched:bundleLibRuntimeToJarRelease
> Task :react-native-gesture-handler:bundleLibRuntimeToJarRelease
> Task :react-native-keyboard-controller:bundleLibRuntimeToJarRelease
> Task :react-native-localize:bundleLibRuntimeToJarRelease
> Task :react-native-unistyles:bundleLibRuntimeToJarRelease
> Task :react-native-nitro-modules:bundleLibRuntimeToJarRelease
> Task :react-native-purchases-ui:bundleLibRuntimeToJarRelease
> Task :react-native-quick-base64:bundleLibRuntimeToJarRelease
> Task :react-native-reanimated:bundleLibRuntimeToJarRelease
> Task :react-native-safe-area-context:bundleLibRuntimeToJarRelease
> Task :react-native-screens:bundleLibRuntimeToJarRelease
> Task :react-native-vision-camera:bundleLibRuntimeToJarRelease

> Task :app:createBundleReleaseJsAndAssets
Android packages/lyntty-app/index.ts ▓▓▓▓░░░░░░░░░░░░ 29.5% (33/89)

> Task :react-native-webview:bundleLibRuntimeToJarRelease
> Task :expo-http-server:bundleLibRuntimeToJarRelease
> Task :expo-modules-core:bundleLibRuntimeToJarRelease

> Task :app:createBundleReleaseJsAndAssets
Android packages/lyntty-app/index.ts ▓▓▓▓▓░░░░░░░░░░░ 36.7% ( 87/148)

> Task :react-native-worklets:bundleLibRuntimeToJarRelease
> Task :rn-encryption:bundleLibRuntimeToJarRelease
> Task :livekit_react-native-webrtc:bundleLibRuntimeToJarRelease
> Task :more-tech_react-native-libsodium:bundleLibRuntimeToJarRelease
> Task :react-native-async-storage_async-storage:bundleLibRuntimeToJarRelease
> Task :react-native-community_slider:bundleLibRuntimeToJarRelease
> Task :react-native-masked-view_masked-view:bundleLibRuntimeToJarRelease
> Task :react-native-picker_picker:bundleLibRuntimeToJarRelease
> Task :shopify_react-native-skia:bundleLibRuntimeToJarRelease
> Task :react-native-device-info:bundleLibRuntimeToJarRelease
> Task :react-native-mmkv:bundleLibRuntimeToJarRelease

> Task :app:createBundleReleaseJsAndAssets
Android packages/lyntty-app/index.ts ▓▓▓▓▓░░░░░░░░░░░ 36.7% (177/404)

> Task :react-native-purchases:bundleLibRuntimeToJarRelease
> Task :react-native-svg:bundleLibRuntimeToJarRelease
> Task :react-native-view-shot:bundleLibRuntimeToJarRelease
> Task :expo-log-box:bundleLibRuntimeToJarRelease
> Task :expo-dev-launcher:bundleLibRuntimeToJarRelease
> Task :expo-dev-menu-interface:bundleLibRuntimeToJarRelease
> Task :expo-updates:bundleLibRuntimeToJarRelease

> Task :app:createBundleReleaseJsAndAssets
Android packages/lyntty-app/index.ts ▓▓▓▓▓░░░░░░░░░░░ 36.7% (389/704)

> Task :expo-constants:bundleLibRuntimeToJarRelease
> Task :expo-dev-client:bundleLibRuntimeToJarRelease
> Task :expo-dev-menu:bundleLibRuntimeToJarRelease
> Task :expo-eas-client:bundleLibRuntimeToJarRelease
> Task :expo-manifests:bundleLibRuntimeToJarRelease
> Task :expo-json-utils:bundleLibRuntimeToJarRelease
> Task :expo-structured-headers:bundleLibRuntimeToJarRelease
> Task :expo-updates-interface:bundleLibRuntimeToJarRelease
> Task :expo:mergeReleaseShaders
> Task :expo:compileReleaseShaders NO-SOURCE
> Task :expo:generateReleaseAssets UP-TO-DATE
> Task :expo:mergeReleaseAssets
> Task :expo-constants:mergeReleaseShaders
> Task :expo-constants:compileReleaseShaders NO-SOURCE
> Task :expo-constants:generateReleaseAssets UP-TO-DATE
> Task :expo-constants:mergeReleaseAssets
> Task :expo-dev-client:mergeReleaseShaders
> Task :expo-dev-client:compileReleaseShaders NO-SOURCE
> Task :expo-dev-client:generateReleaseAssets UP-TO-DATE
> Task :expo-dev-client:mergeReleaseAssets
> Task :expo-dev-launcher:mergeReleaseShaders
> Task :expo-dev-launcher:compileReleaseShaders NO-SOURCE
> Task :expo-dev-launcher:generateReleaseAssets UP-TO-DATE
> Task :expo-dev-launcher:mergeReleaseAssets
> Task :expo-dev-menu:mergeReleaseShaders
> Task :expo-dev-menu:compileReleaseShaders NO-SOURCE
> Task :expo-dev-menu:generateReleaseAssets UP-TO-DATE
> Task :expo-dev-menu:mergeReleaseAssets
> Task :expo-dev-menu-interface:mergeReleaseShaders
> Task :expo-dev-menu-interface:compileReleaseShaders NO-SOURCE
> Task :expo-dev-menu-interface:generateReleaseAssets UP-TO-DATE
> Task :expo-dev-menu-interface:mergeReleaseAssets
> Task :expo-eas-client:mergeReleaseShaders
> Task :expo-eas-client:compileReleaseShaders NO-SOURCE
> Task :expo-eas-client:generateReleaseAssets UP-TO-DATE
> Task :expo-eas-client:mergeReleaseAssets
> Task :expo-http-server:mergeReleaseShaders
> Task :expo-http-server:compileReleaseShaders NO-SOURCE
> Task :expo-http-server:generateReleaseAssets UP-TO-DATE
> Task :expo-http-server:mergeReleaseAssets
> Task :expo-json-utils:mergeReleaseShaders
> Task :expo-json-utils:compileReleaseShaders NO-SOURCE
> Task :expo-json-utils:generateReleaseAssets UP-TO-DATE
> Task :expo-json-utils:mergeReleaseAssets
> Task :expo-log-box:mergeReleaseShaders
> Task :expo-log-box:compileReleaseShaders NO-SOURCE
> Task :expo-log-box:generateReleaseAssets UP-TO-DATE
> Task :expo-log-box:mergeReleaseAssets
> Task :expo-manifests:mergeReleaseShaders
> Task :expo-manifests:compileReleaseShaders NO-SOURCE
> Task :expo-manifests:generateReleaseAssets UP-TO-DATE
> Task :expo-manifests:mergeReleaseAssets
> Task :expo-modules-core:mergeReleaseShaders
> Task :expo-modules-core:compileReleaseShaders NO-SOURCE
> Task :expo-modules-core:generateReleaseAssets UP-TO-DATE
> Task :expo-modules-core:mergeReleaseAssets
> Task :expo-structured-headers:mergeReleaseShaders
> Task :expo-structured-headers:compileReleaseShaders NO-SOURCE
> Task :expo-structured-headers:generateReleaseAssets UP-TO-DATE
> Task :expo-structured-headers:mergeReleaseAssets
> Task :expo-updates:mergeReleaseShaders
> Task :expo-updates:compileReleaseShaders NO-SOURCE
> Task :expo-updates:generateReleaseAssets UP-TO-DATE
> Task :expo-updates:mergeReleaseAssets
> Task :expo-updates-interface:mergeReleaseShaders
> Task :expo-updates-interface:compileReleaseShaders NO-SOURCE
> Task :expo-updates-interface:generateReleaseAssets UP-TO-DATE
> Task :expo-updates-interface:mergeReleaseAssets
> Task :livekit-react-native-expo-plugin:mergeReleaseShaders
> Task :livekit-react-native-expo-plugin:compileReleaseShaders NO-SOURCE
> Task :livekit-react-native-expo-plugin:generateReleaseAssets UP-TO-DATE
> Task :livekit-react-native-expo-plugin:mergeReleaseAssets
> Task :livekit_react-native:mergeReleaseShaders
> Task :livekit_react-native:compileReleaseShaders NO-SOURCE
> Task :livekit_react-native:generateReleaseAssets UP-TO-DATE
> Task :livekit_react-native:mergeReleaseAssets
> Task :livekit_react-native-webrtc:mergeReleaseShaders
> Task :livekit_react-native-webrtc:compileReleaseShaders NO-SOURCE
> Task :livekit_react-native-webrtc:generateReleaseAssets UP-TO-DATE
> Task :livekit_react-native-webrtc:mergeReleaseAssets
> Task :lottie-react-native:mergeReleaseShaders
> Task :lottie-react-native:compileReleaseShaders NO-SOURCE
> Task :lottie-react-native:generateReleaseAssets UP-TO-DATE
> Task :lottie-react-native:mergeReleaseAssets
> Task :more-tech_react-native-libsodium:mergeReleaseShaders
> Task :more-tech_react-native-libsodium:compileReleaseShaders NO-SOURCE
> Task :more-tech_react-native-libsodium:generateReleaseAssets UP-TO-DATE
> Task :more-tech_react-native-libsodium:mergeReleaseAssets
> Task :react-native-async-storage_async-storage:mergeReleaseShaders
> Task :react-native-async-storage_async-storage:compileReleaseShaders NO-SOURCE
> Task :react-native-async-storage_async-storage:generateReleaseAssets UP-TO-DATE
> Task :react-native-async-storage_async-storage:mergeReleaseAssets
> Task :react-native-audio-api:mergeReleaseShaders
> Task :react-native-audio-api:compileReleaseShaders NO-SOURCE
> Task :react-native-audio-api:generateReleaseAssets UP-TO-DATE
> Task :react-native-audio-api:mergeReleaseAssets
> Task :react-native-community_datetimepicker:mergeReleaseShaders
> Task :react-native-community_datetimepicker:compileReleaseShaders NO-SOURCE
> Task :react-native-community_datetimepicker:generateReleaseAssets UP-TO-DATE
> Task :react-native-community_datetimepicker:mergeReleaseAssets
> Task :react-native-community_slider:mergeReleaseShaders
> Task :react-native-community_slider:compileReleaseShaders NO-SOURCE
> Task :react-native-community_slider:generateReleaseAssets UP-TO-DATE
> Task :react-native-community_slider:mergeReleaseAssets
> Task :react-native-device-info:mergeReleaseShaders
> Task :react-native-device-info:compileReleaseShaders NO-SOURCE
> Task :react-native-device-info:generateReleaseAssets UP-TO-DATE
> Task :react-native-device-info:mergeReleaseAssets
> Task :react-native-enriched:mergeReleaseShaders
> Task :react-native-enriched:compileReleaseShaders NO-SOURCE
> Task :react-native-enriched:generateReleaseAssets UP-TO-DATE
> Task :react-native-enriched:mergeReleaseAssets
> Task :react-native-gesture-handler:mergeReleaseShaders
> Task :react-native-gesture-handler:compileReleaseShaders NO-SOURCE
> Task :react-native-gesture-handler:generateReleaseAssets UP-TO-DATE
> Task :react-native-gesture-handler:mergeReleaseAssets
> Task :react-native-keyboard-controller:mergeReleaseShaders
> Task :react-native-keyboard-controller:compileReleaseShaders NO-SOURCE
> Task :react-native-keyboard-controller:generateReleaseAssets UP-TO-DATE
> Task :react-native-keyboard-controller:mergeReleaseAssets
> Task :react-native-localize:mergeReleaseShaders
> Task :react-native-localize:compileReleaseShaders NO-SOURCE
> Task :react-native-localize:generateReleaseAssets UP-TO-DATE
> Task :react-native-localize:mergeReleaseAssets
> Task :react-native-masked-view_masked-view:mergeReleaseShaders
> Task :react-native-masked-view_masked-view:compileReleaseShaders NO-SOURCE
> Task :react-native-masked-view_masked-view:generateReleaseAssets UP-TO-DATE
> Task :react-native-masked-view_masked-view:mergeReleaseAssets
> Task :react-native-mmkv:mergeReleaseShaders
> Task :react-native-mmkv:compileReleaseShaders NO-SOURCE
> Task :react-native-mmkv:generateReleaseAssets UP-TO-DATE
> Task :react-native-mmkv:mergeReleaseAssets
> Task :react-native-nitro-modules:mergeReleaseShaders
> Task :react-native-nitro-modules:compileReleaseShaders NO-SOURCE
> Task :react-native-nitro-modules:generateReleaseAssets UP-TO-DATE
> Task :react-native-nitro-modules:mergeReleaseAssets
> Task :react-native-picker_picker:mergeReleaseShaders
> Task :react-native-picker_picker:compileReleaseShaders NO-SOURCE
> Task :react-native-picker_picker:generateReleaseAssets UP-TO-DATE
> Task :react-native-picker_picker:mergeReleaseAssets
> Task :react-native-purchases:mergeReleaseShaders
> Task :react-native-purchases:compileReleaseShaders NO-SOURCE
> Task :react-native-purchases:generateReleaseAssets UP-TO-DATE
> Task :react-native-purchases:mergeReleaseAssets
> Task :react-native-purchases-ui:mergeReleaseShaders
> Task :react-native-purchases-ui:compileReleaseShaders NO-SOURCE
> Task :react-native-purchases-ui:generateReleaseAssets UP-TO-DATE
> Task :react-native-purchases-ui:mergeReleaseAssets
> Task :react-native-quick-base64:mergeReleaseShaders
> Task :react-native-quick-base64:compileReleaseShaders NO-SOURCE
> Task :react-native-quick-base64:generateReleaseAssets UP-TO-DATE
> Task :react-native-quick-base64:mergeReleaseAssets
> Task :react-native-reanimated:mergeReleaseShaders
> Task :react-native-reanimated:compileReleaseShaders NO-SOURCE
> Task :react-native-reanimated:generateReleaseAssets UP-TO-DATE
> Task :react-native-reanimated:mergeReleaseAssets
> Task :react-native-safe-area-context:mergeReleaseShaders
> Task :react-native-safe-area-context:compileReleaseShaders NO-SOURCE
> Task :react-native-safe-area-context:generateReleaseAssets UP-TO-DATE
> Task :react-native-safe-area-context:mergeReleaseAssets
> Task :react-native-screens:mergeReleaseShaders
> Task :react-native-screens:compileReleaseShaders NO-SOURCE
> Task :react-native-screens:generateReleaseAssets UP-TO-DATE
> Task :react-native-screens:mergeReleaseAssets
> Task :react-native-svg:mergeReleaseShaders
> Task :react-native-svg:compileReleaseShaders NO-SOURCE
> Task :react-native-svg:generateReleaseAssets UP-TO-DATE
> Task :react-native-svg:mergeReleaseAssets
> Task :react-native-unistyles:mergeReleaseShaders
> Task :react-native-unistyles:compileReleaseShaders NO-SOURCE
> Task :react-native-unistyles:generateReleaseAssets UP-TO-DATE
> Task :react-native-unistyles:mergeReleaseAssets
> Task :react-native-view-shot:mergeReleaseShaders
> Task :react-native-view-shot:compileReleaseShaders NO-SOURCE
> Task :react-native-view-shot:generateReleaseAssets UP-TO-DATE
> Task :react-native-view-shot:mergeReleaseAssets
> Task :react-native-vision-camera:mergeReleaseShaders
> Task :react-native-vision-camera:compileReleaseShaders NO-SOURCE
> Task :react-native-vision-camera:generateReleaseAssets UP-TO-DATE
> Task :react-native-vision-camera:mergeReleaseAssets
> Task :react-native-webview:mergeReleaseShaders
> Task :react-native-webview:compileReleaseShaders NO-SOURCE
> Task :react-native-webview:generateReleaseAssets UP-TO-DATE
> Task :react-native-webview:mergeReleaseAssets
> Task :react-native-worklets:mergeReleaseShaders
> Task :react-native-worklets:compileReleaseShaders NO-SOURCE
> Task :react-native-worklets:generateReleaseAssets UP-TO-DATE
> Task :react-native-worklets:mergeReleaseAssets
> Task :rn-encryption:mergeReleaseShaders
> Task :rn-encryption:compileReleaseShaders NO-SOURCE
> Task :rn-encryption:generateReleaseAssets UP-TO-DATE
> Task :rn-encryption:mergeReleaseAssets
> Task :shopify_react-native-skia:mergeReleaseShaders
> Task :shopify_react-native-skia:compileReleaseShaders NO-SOURCE
> Task :shopify_react-native-skia:generateReleaseAssets UP-TO-DATE
> Task :shopify_react-native-skia:mergeReleaseAssets
> Task :expo:processReleaseJavaRes
> Task :expo:createFullJarRelease
> Task :expo:extractProguardFiles
> Task :expo-constants:processReleaseJavaRes
> Task :expo-constants:createFullJarRelease
> Task :expo-constants:extractProguardFiles
> Task :expo-modules-core:processReleaseJavaRes
> Task :expo-modules-core:createFullJarRelease
> Task :expo-modules-core:extractProguardFiles
> Task :react-native-worklets:processReleaseJavaRes
> Task :react-native-worklets:createFullJarRelease
> Task :react-native-worklets:extractProguardFiles

> Task :app:createBundleReleaseJsAndAssets
Android packages/lyntty-app/index.ts ▓▓▓▓▓▓░░░░░░░░░░ 40.2% ( 739/1240)
Android packages/lyntty-app/index.ts ▓▓▓▓▓▓▓░░░░░░░░░ 47.2% ( 998/1456)
Android packages/lyntty-app/index.ts ▓▓▓▓▓▓▓░░░░░░░░░ 47.2% (1206/2121)
Android packages/lyntty-app/index.ts ▓▓▓▓▓▓▓░░░░░░░░░ 47.2% (1464/2352)

> Task :react-native-worklets:generateReleaseLintModel
> Task :react-native-worklets:prepareLintJarForPublish

> Task :app:createBundleReleaseJsAndAssets
Android packages/lyntty-app/index.ts ▓▓▓▓▓▓▓▓▓░░░░░░░ 57.2% (1814/2399)

> Task :expo-modules-core:generateReleaseLintModel
> Task :expo-modules-core:prepareLintJarForPublish
> Task :expo-constants:generateReleaseLintModel
> Task :expo-constants:prepareLintJarForPublish
> Task :expo-dev-client:processReleaseJavaRes NO-SOURCE
> Task :expo-dev-client:createFullJarRelease
> Task :expo-dev-client:extractProguardFiles
> Task :expo-dev-client:generateReleaseLintModel
> Task :expo-dev-client:prepareLintJarForPublish
> Task :expo-dev-launcher:processReleaseJavaRes
> Task :expo-dev-launcher:createFullJarRelease
> Task :expo-dev-launcher:extractProguardFiles

> Task :app:createBundleReleaseJsAndAssets
Android packages/lyntty-app/index.ts ▓▓▓▓▓▓▓▓▓▓░░░░░░ 67.4% (2179/2663)

> Task :expo-dev-launcher:generateReleaseLintModel
> Task :expo-dev-launcher:prepareLintJarForPublish
> Task :expo-dev-menu:processReleaseJavaRes
> Task :expo-dev-menu:createFullJarRelease
> Task :expo-dev-menu:extractProguardFiles
> Task :expo-dev-menu:generateReleaseLintModel
> Task :expo-dev-menu:prepareLintJarForPublish
> Task :expo-dev-menu-interface:processReleaseJavaRes NO-SOURCE
> Task :expo-dev-menu-interface:createFullJarRelease
> Task :expo-dev-menu-interface:extractProguardFiles
> Task :expo-dev-menu-interface:generateReleaseLintModel
> Task :expo-dev-menu-interface:prepareLintJarForPublish
> Task :expo-eas-client:processReleaseJavaRes
> Task :expo-eas-client:createFullJarRelease
> Task :expo-eas-client:extractProguardFiles
> Task :expo-eas-client:generateReleaseLintModel
> Task :expo-eas-client:prepareLintJarForPublish
> Task :expo-http-server:processReleaseJavaRes
> Task :expo-http-server:createFullJarRelease
> Task :expo-http-server:extractProguardFiles
> Task :expo-http-server:generateReleaseLintModel
> Task :expo-http-server:prepareLintJarForPublish
> Task :expo-json-utils:processReleaseJavaRes
> Task :expo-json-utils:createFullJarRelease
> Task :expo-json-utils:extractProguardFiles
> Task :expo-json-utils:generateReleaseLintModel
> Task :expo-json-utils:prepareLintJarForPublish
> Task :expo-log-box:processReleaseJavaRes
> Task :expo-log-box:createFullJarRelease
> Task :expo-log-box:extractProguardFiles

> Task :app:createBundleReleaseJsAndAssets
Android packages/lyntty-app/index.ts ▓▓▓▓▓▓▓▓▓▓▓░░░░░ 74.5% (2386/2765)

> Task :expo-log-box:generateReleaseLintModel
> Task :expo-log-box:prepareLintJarForPublish
> Task :expo-manifests:processReleaseJavaRes
> Task :expo-manifests:createFullJarRelease
> Task :expo-manifests:extractProguardFiles
> Task :expo-manifests:generateReleaseLintModel
> Task :expo-manifests:prepareLintJarForPublish
> Task :expo-structured-headers:processReleaseJavaRes NO-SOURCE
> Task :expo-structured-headers:createFullJarRelease
> Task :expo-structured-headers:extractProguardFiles
> Task :expo-structured-headers:generateReleaseLintModel
> Task :expo-structured-headers:prepareLintJarForPublish
> Task :expo-updates:processReleaseJavaRes
> Task :expo-updates:createFullJarRelease
> Task :expo-updates:extractProguardFiles
> Task :expo-updates-interface:processReleaseJavaRes
> Task :expo-updates-interface:createFullJarRelease
> Task :expo-updates-interface:extractProguardFiles
> Task :expo-updates-interface:generateReleaseLintModel
> Task :expo-updates-interface:prepareLintJarForPublish

> Task :app:createBundleReleaseJsAndAssets
Android packages/lyntty-app/index.ts ▓▓▓▓▓▓▓▓▓▓▓▓░░░░ 76.4% (2694/3082)

> Task :expo-updates:generateReleaseLintModel
> Task :expo-updates:prepareLintJarForPublish
> Task :livekit-react-native-expo-plugin:processReleaseJavaRes
> Task :livekit-react-native-expo-plugin:createFullJarRelease
> Task :livekit-react-native-expo-plugin:extractProguardFiles
> Task :livekit_react-native:processReleaseJavaRes
> Task :livekit_react-native:createFullJarRelease
> Task :livekit_react-native:extractProguardFiles
> Task :livekit_react-native-webrtc:processReleaseJavaRes NO-SOURCE
> Task :livekit_react-native-webrtc:createFullJarRelease
> Task :livekit_react-native-webrtc:extractProguardFiles

> Task :app:createBundleReleaseJsAndAssets
Android packages/lyntty-app/index.ts ▓▓▓▓▓▓▓▓▓▓▓▓▓░░░ 82.9% (3058/3667)

> Task :livekit_react-native-webrtc:generateReleaseLintModel
> Task :livekit_react-native-webrtc:prepareLintJarForPublish
> Task :livekit_react-native:generateReleaseLintModel
> Task :livekit_react-native:prepareLintJarForPublish
> Task :livekit-react-native-expo-plugin:generateReleaseLintModel
> Task :livekit-react-native-expo-plugin:prepareLintJarForPublish

> Task :app:createBundleReleaseJsAndAssets
Android packages/lyntty-app/index.ts ▓▓▓▓▓▓▓▓▓▓▓▓▓▓░░ 89.5% (3587/3800)
[33m[7m[1m WARN [22m[27m[39m Attempted to import the module "<worktree>/node_modules/@paralleldrive/cuid2/node_modules/@noble/hashes/crypto.js" which is not listed in the "exports" of "<worktree>/node_modules/@paralleldrive/cuid2/node_modules/@noble/hashes" under the requested subpath "./crypto.js". Falling back to file-based resolution. Consider updating the call site or asking the package maintainer(s) to expose this API.

> Task :expo:generateReleaseLintModel
> Task :expo:prepareLintJarForPublish
> Task :lottie-react-native:processReleaseJavaRes
> Task :lottie-react-native:createFullJarRelease
> Task :lottie-react-native:extractProguardFiles
> Task :lottie-react-native:generateReleaseLintModel
> Task :lottie-react-native:prepareLintJarForPublish
> Task :more-tech_react-native-libsodium:processReleaseJavaRes NO-SOURCE
> Task :more-tech_react-native-libsodium:createFullJarRelease
> Task :more-tech_react-native-libsodium:extractProguardFiles
> Task :more-tech_react-native-libsodium:generateReleaseLintModel
> Task :more-tech_react-native-libsodium:prepareLintJarForPublish
> Task :react-native-async-storage_async-storage:processReleaseJavaRes NO-SOURCE

> Task :app:createBundleReleaseJsAndAssets
Android packages/lyntty-app/index.ts ▓▓▓▓▓▓▓▓▓▓▓▓▓▓▓░ 97.7% (3955/4001)

> Task :react-native-async-storage_async-storage:createFullJarRelease
> Task :react-native-async-storage_async-storage:extractProguardFiles
> Task :react-native-async-storage_async-storage:generateReleaseLintModel
> Task :react-native-async-storage_async-storage:prepareLintJarForPublish
> Task :react-native-audio-api:processReleaseJavaRes
> Task :react-native-audio-api:createFullJarRelease
> Task :react-native-audio-api:extractProguardFiles
> Task :react-native-audio-api:generateReleaseLintModel
> Task :react-native-audio-api:prepareLintJarForPublish
> Task :react-native-community_datetimepicker:processReleaseJavaRes
> Task :react-native-community_datetimepicker:createFullJarRelease
> Task :react-native-community_datetimepicker:extractProguardFiles
> Task :react-native-community_datetimepicker:generateReleaseLintModel
> Task :react-native-community_datetimepicker:prepareLintJarForPublish
> Task :react-native-community_slider:processReleaseJavaRes NO-SOURCE
> Task :react-native-community_slider:createFullJarRelease
> Task :react-native-community_slider:extractProguardFiles
> Task :react-native-community_slider:generateReleaseLintModel
> Task :react-native-community_slider:prepareLintJarForPublish
> Task :react-native-device-info:processReleaseJavaRes NO-SOURCE
> Task :react-native-device-info:createFullJarRelease
> Task :react-native-device-info:extractProguardFiles
> Task :react-native-device-info:generateReleaseLintModel
> Task :react-native-device-info:prepareLintJarForPublish
> Task :react-native-enriched:processReleaseJavaRes
> Task :react-native-enriched:createFullJarRelease
> Task :react-native-enriched:extractProguardFiles
> Task :react-native-enriched:generateReleaseLintModel
> Task :react-native-enriched:prepareLintJarForPublish
> Task :react-native-gesture-handler:processReleaseJavaRes
> Task :react-native-gesture-handler:createFullJarRelease
> Task :react-native-gesture-handler:extractProguardFiles
> Task :react-native-reanimated:processReleaseJavaRes
> Task :react-native-reanimated:createFullJarRelease
> Task :react-native-reanimated:extractProguardFiles
> Task :react-native-reanimated:generateReleaseLintModel
> Task :react-native-reanimated:prepareLintJarForPublish
> Task :react-native-svg:processReleaseJavaRes NO-SOURCE
> Task :react-native-svg:createFullJarRelease
> Task :react-native-svg:extractProguardFiles
> Task :react-native-svg:generateReleaseLintModel
> Task :react-native-svg:prepareLintJarForPublish
> Task :react-native-gesture-handler:generateReleaseLintModel
> Task :react-native-gesture-handler:prepareLintJarForPublish
> Task :react-native-keyboard-controller:processReleaseJavaRes
> Task :react-native-keyboard-controller:createFullJarRelease
> Task :react-native-keyboard-controller:extractProguardFiles
> Task :react-native-keyboard-controller:generateReleaseLintModel
> Task :react-native-keyboard-controller:prepareLintJarForPublish
> Task :react-native-localize:processReleaseJavaRes
> Task :react-native-localize:createFullJarRelease
> Task :react-native-localize:extractProguardFiles
> Task :react-native-localize:generateReleaseLintModel
> Task :react-native-localize:prepareLintJarForPublish
> Task :react-native-masked-view_masked-view:processReleaseJavaRes NO-SOURCE
> Task :react-native-masked-view_masked-view:createFullJarRelease
> Task :react-native-masked-view_masked-view:extractProguardFiles
> Task :react-native-masked-view_masked-view:generateReleaseLintModel
> Task :react-native-masked-view_masked-view:prepareLintJarForPublish
> Task :react-native-mmkv:processReleaseJavaRes NO-SOURCE
> Task :react-native-mmkv:createFullJarRelease
> Task :react-native-mmkv:extractProguardFiles
> Task :react-native-mmkv:generateReleaseLintModel
> Task :react-native-mmkv:prepareLintJarForPublish
> Task :react-native-nitro-modules:processReleaseJavaRes
> Task :react-native-nitro-modules:createFullJarRelease
> Task :react-native-nitro-modules:extractProguardFiles
> Task :react-native-nitro-modules:generateReleaseLintModel
> Task :react-native-nitro-modules:prepareLintJarForPublish
> Task :react-native-picker_picker:processReleaseJavaRes NO-SOURCE
> Task :react-native-picker_picker:createFullJarRelease
> Task :react-native-picker_picker:extractProguardFiles
> Task :react-native-picker_picker:generateReleaseLintModel
> Task :react-native-picker_picker:prepareLintJarForPublish
> Task :react-native-purchases:processReleaseJavaRes
> Task :react-native-purchases:createFullJarRelease
> Task :react-native-purchases:extractProguardFiles

> Task :app:createBundleReleaseJsAndAssets
Android packages/lyntty-app/index.ts ▓▓▓▓▓▓▓▓▓▓▓▓▓▓▓░ 99.9% (4030/4030)
Android Bundled 59861ms packages/lyntty-app/index.ts (4030 modules)
Writing bundle output to: <worktree>/packages/lyntty-app/android/app/build/generated/assets/react/release/index.android.bundle
Writing sourcemap output to: <worktree>/packages/lyntty-app/android/app/build/intermediates/sourcemaps/react/release/index.android.bundle.packager.map
Done writing bundle output
Done writing sourcemap output
Copying 504 asset files

> Task :react-native-purchases:generateReleaseLintModel
> Task :react-native-purchases:prepareLintJarForPublish
> Task :react-native-purchases-ui:processReleaseJavaRes
> Task :react-native-purchases-ui:createFullJarRelease
> Task :react-native-purchases-ui:extractProguardFiles
> Task :react-native-purchases-ui:generateReleaseLintModel
> Task :react-native-purchases-ui:prepareLintJarForPublish
> Task :react-native-quick-base64:processReleaseJavaRes NO-SOURCE
> Task :react-native-quick-base64:createFullJarRelease
> Task :react-native-quick-base64:extractProguardFiles
> Task :react-native-quick-base64:generateReleaseLintModel
> Task :react-native-quick-base64:prepareLintJarForPublish
> Task :react-native-safe-area-context:processReleaseJavaRes
> Task :react-native-safe-area-context:createFullJarRelease
> Task :react-native-safe-area-context:extractProguardFiles
> Task :react-native-safe-area-context:generateReleaseLintModel
> Task :react-native-safe-area-context:prepareLintJarForPublish
> Task :react-native-screens:processReleaseJavaRes
> Task :react-native-screens:createFullJarRelease
> Task :react-native-screens:extractProguardFiles
> Task :react-native-screens:generateReleaseLintModel
> Task :react-native-screens:prepareLintJarForPublish
> Task :react-native-unistyles:processReleaseJavaRes
> Task :react-native-unistyles:createFullJarRelease
> Task :react-native-unistyles:extractProguardFiles
> Task :react-native-unistyles:generateReleaseLintModel
> Task :react-native-unistyles:prepareLintJarForPublish
> Task :react-native-view-shot:processReleaseJavaRes NO-SOURCE
> Task :react-native-view-shot:createFullJarRelease
> Task :react-native-view-shot:extractProguardFiles
> Task :react-native-view-shot:generateReleaseLintModel
> Task :react-native-view-shot:prepareLintJarForPublish
> Task :react-native-vision-camera:processReleaseJavaRes
> Task :react-native-vision-camera:createFullJarRelease
> Task :react-native-vision-camera:extractProguardFiles
> Task :react-native-vision-camera:generateReleaseLintModel
> Task :react-native-vision-camera:prepareLintJarForPublish
> Task :react-native-webview:processReleaseJavaRes
> Task :react-native-webview:createFullJarRelease
> Task :react-native-webview:extractProguardFiles
> Task :react-native-webview:generateReleaseLintModel
> Task :react-native-webview:prepareLintJarForPublish
> Task :rn-encryption:processReleaseJavaRes
> Task :rn-encryption:createFullJarRelease
> Task :rn-encryption:extractProguardFiles
> Task :rn-encryption:generateReleaseLintModel
> Task :rn-encryption:prepareLintJarForPublish
> Task :shopify_react-native-skia:processReleaseJavaRes NO-SOURCE
> Task :shopify_react-native-skia:createFullJarRelease
> Task :shopify_react-native-skia:extractProguardFiles
> Task :shopify_react-native-skia:generateReleaseLintModel
> Task :shopify_react-native-skia:prepareLintJarForPublish
> Task :expo:stripReleaseDebugSymbols NO-SOURCE
> Task :expo:copyReleaseJniLibsProjectAndLocalJars
> Task :expo:extractDeepLinksForAarRelease
> Task :app:generateReleaseResValues
> Task :app:mapReleaseSourceSetPaths
> Task :app:generateReleaseResources
> Task :app:mergeReleaseResources
> Task :app:packageReleaseResources
> Task :app:parseReleaseLocalResources
> Task :app:createReleaseCompatibleScreenManifests
> Task :app:extractDeepLinksRelease

> Task :app:processReleaseMainManifest
<worktree>/packages/lyntty-app/android/app/src/main/AndroidManifest.xml:97:5-182 Warning:
	Element service#com.swmansion.audioapi.system.MediaNotificationManager$AudioForegroundService at AndroidManifest.xml:97:5-182 duplicated with element declared at AndroidManifest.xml:96:5-182
<worktree>/packages/lyntty-app/android/app/src/main/AndroidManifest.xml:98:5-182 Warning:
	Element service#com.swmansion.audioapi.system.MediaNotificationManager$AudioForegroundService at AndroidManifest.xml:98:5-182 duplicated with element declared at AndroidManifest.xml:97:5-182
<worktree>/packages/lyntty-app/android/app/src/main/AndroidManifest.xml:99:5-182 Warning:
	Element service#com.swmansion.audioapi.system.MediaNotificationManager$AudioForegroundService at AndroidManifest.xml:99:5-182 duplicated with element declared at AndroidManifest.xml:98:5-182
<worktree>/packages/lyntty-app/android/app/src/main/AndroidManifest.xml:16:3-92 Warning:
	uses-permission#android.permission.READ_MEDIA_VIDEO was tagged at AndroidManifest.xml:16 to remove other declarations but no other declaration present
<worktree>/packages/lyntty-app/android/app/src/main/AndroidManifest.xml Warning:
	provider#expo.modules.filesystem.FileSystemFileProvider@android:authorities was tagged at AndroidManifest.xml:0 to replace other declarations but no other declaration present
<worktree>/packages/lyntty-app/android/app/src/main/AndroidManifest.xml Warning:
	activity#expo.modules.imagepicker.ExpoCropImageActivity@android:exported was tagged at AndroidManifest.xml:0 to replace other declarations but no other declaration present

> Task :app:expoReleaseOverrideMaxSdkConflicts
[33m---------- Expo Max Sdk Override Plugin ----------[0m
[33m>>> WARNING: Found 1 permission(s) with conflicting 'android:maxSdkVersion' declarations.[0m
[33m    - android.permission.BLUETOOTH[0m
[33m      > Defined WITH `android:maxSdkVersion` in: <temporary-android-cache>/gradle/caches/9.0.0/transforms/08b842e0261c66490e64d48ad741161f/transformed/audioswitch-89582c47c9a04c62f90aa5e57251af4800a62c9a/AndroidManifest.xml[0m
[33m      > Defined WITHOUT `android:maxSdkVersion` in: <worktree>/packages/lyntty-app/android/app/src/main/AndroidManifest.xml, <worktree>/node_modules/@livekit/react-native/android/build/intermediates/merged_manifest/release/processReleaseManifest/AndroidManifest.xml[0m
[33m>>> Removing 'android:maxSdkVersion' from these permissions in the final manifest to prevent runtime issues.[0m
[33m>>> Removed 'android:maxSdkVersion' from 1 instance(s) in the final manifest.[0m
[33m--------------------------------------------------[0m

> Task :app:processReleaseManifest
> Task :app:processReleaseManifestForPackage
> Task :expo:extractReleaseAnnotations
> Task :expo:mergeReleaseGeneratedProguardFiles
> Task :expo:mergeReleaseConsumerProguardFiles
> Task :expo:mergeReleaseJavaResource
> Task :expo:syncReleaseLibJars
> Task :expo:bundleReleaseLocalLintAar
> Task :livekit-react-native-expo-plugin:stripReleaseDebugSymbols NO-SOURCE
> Task :livekit-react-native-expo-plugin:copyReleaseJniLibsProjectAndLocalJars
> Task :livekit-react-native-expo-plugin:extractDeepLinksForAarRelease
> Task :livekit-react-native-expo-plugin:extractReleaseAnnotations
> Task :livekit-react-native-expo-plugin:mergeReleaseGeneratedProguardFiles
> Task :livekit-react-native-expo-plugin:mergeReleaseConsumerProguardFiles
> Task :livekit-react-native-expo-plugin:mergeReleaseJavaResource
> Task :livekit-react-native-expo-plugin:syncReleaseLibJars
> Task :app:javaPreCompileRelease
> Task :app:desugarReleaseFileDependencies
> Task :app:mergeReleaseStartupProfile
> Task :app:processReleaseResources
> Task :livekit-react-native-expo-plugin:bundleReleaseLocalLintAar
> Task :livekit_react-native:stripReleaseDebugSymbols NO-SOURCE
> Task :livekit_react-native:copyReleaseJniLibsProjectAndLocalJars
> Task :livekit_react-native:extractDeepLinksForAarRelease
> Task :livekit_react-native:extractReleaseAnnotations
> Task :livekit_react-native:mergeReleaseGeneratedProguardFiles
> Task :livekit_react-native:mergeReleaseConsumerProguardFiles
> Task :livekit_react-native:mergeReleaseJavaResource
> Task :livekit_react-native:syncReleaseLibJars
> Task :livekit_react-native:bundleReleaseLocalLintAar
> Task :react-native-community_datetimepicker:stripReleaseDebugSymbols NO-SOURCE
> Task :react-native-community_datetimepicker:copyReleaseJniLibsProjectAndLocalJars
> Task :react-native-community_datetimepicker:extractDeepLinksForAarRelease
> Task :react-native-community_datetimepicker:extractReleaseAnnotations
> Task :react-native-community_datetimepicker:mergeReleaseGeneratedProguardFiles
> Task :react-native-community_datetimepicker:mergeReleaseConsumerProguardFiles
> Task :react-native-community_datetimepicker:mergeReleaseJavaResource
> Task :react-native-community_datetimepicker:syncReleaseLibJars
> Task :react-native-community_datetimepicker:bundleReleaseLocalLintAar
> Task :lottie-react-native:stripReleaseDebugSymbols NO-SOURCE
> Task :lottie-react-native:copyReleaseJniLibsProjectAndLocalJars
> Task :lottie-react-native:extractDeepLinksForAarRelease
> Task :lottie-react-native:extractReleaseAnnotations
> Task :lottie-react-native:mergeReleaseGeneratedProguardFiles
> Task :lottie-react-native:mergeReleaseConsumerProguardFiles
> Task :lottie-react-native:mergeReleaseJavaResource
> Task :lottie-react-native:syncReleaseLibJars
> Task :lottie-react-native:bundleReleaseLocalLintAar
> Task :app:mergeExtDexRelease
> Task :react-native-audio-api:stripReleaseDebugSymbols

> Task :app:mergeExtDexRelease
WARNING: <temporary-android-cache>/gradle/caches/modules-2/files-2.1/com.amazon.device/amazon-appstore-sdk/3.0.5/cb046867a6d127f404780c49287e63177e960304/amazon-appstore-sdk-3.0.5.jar: D8: Expected stack map table for method with non-linear control flow.
WARNING: <temporary-android-cache>/gradle/caches/modules-2/files-2.1/com.amazon.device/amazon-appstore-sdk/3.0.5/cb046867a6d127f404780c49287e63177e960304/amazon-appstore-sdk-3.0.5.jar: D8: Expected stack map table for method with non-linear control flow.
WARNING: <temporary-android-cache>/gradle/caches/modules-2/files-2.1/com.amazon.device/amazon-appstore-sdk/3.0.5/cb046867a6d127f404780c49287e63177e960304/amazon-appstore-sdk-3.0.5.jar: D8: Expected stack map table for method with non-linear control flow.
WARNING: <temporary-android-cache>/gradle/caches/modules-2/files-2.1/com.amazon.device/amazon-appstore-sdk/3.0.5/cb046867a6d127f404780c49287e63177e960304/amazon-appstore-sdk-3.0.5.jar: D8: Expected stack map table for method with non-linear control flow.
WARNING: <temporary-android-cache>/gradle/caches/modules-2/files-2.1/com.amazon.device/amazon-appstore-sdk/3.0.5/cb046867a6d127f404780c49287e63177e960304/amazon-appstore-sdk-3.0.5.jar: D8: Expected stack map table for method with non-linear control flow.
WARNING: <temporary-android-cache>/gradle/caches/modules-2/files-2.1/com.amazon.device/amazon-appstore-sdk/3.0.5/cb046867a6d127f404780c49287e63177e960304/amazon-appstore-sdk-3.0.5.jar: D8: Expected stack map table for method with non-linear control flow.
WARNING: <temporary-android-cache>/gradle/caches/modules-2/files-2.1/com.amazon.device/amazon-appstore-sdk/3.0.5/cb046867a6d127f404780c49287e63177e960304/amazon-appstore-sdk-3.0.5.jar: D8: Expected stack map table for method with non-linear control flow.
WARNING: <temporary-android-cache>/gradle/caches/modules-2/files-2.1/com.amazon.device/amazon-appstore-sdk/3.0.5/cb046867a6d127f404780c49287e63177e960304/amazon-appstore-sdk-3.0.5.jar: D8: Expected stack map table for method with non-linear control flow.
WARNING: <temporary-android-cache>/gradle/caches/modules-2/files-2.1/com.amazon.device/amazon-appstore-sdk/3.0.5/cb046867a6d127f404780c49287e63177e960304/amazon-appstore-sdk-3.0.5.jar: D8: Expected stack map table for method with non-linear control flow.
WARNING: <temporary-android-cache>/gradle/caches/modules-2/files-2.1/com.amazon.device/amazon-appstore-sdk/3.0.5/cb046867a6d127f404780c49287e63177e960304/amazon-appstore-sdk-3.0.5.jar: D8: Expected stack map table for method with non-linear control flow.
WARNING: <temporary-android-cache>/gradle/caches/modules-2/files-2.1/com.amazon.device/amazon-appstore-sdk/3.0.5/cb046867a6d127f404780c49287e63177e960304/amazon-appstore-sdk-3.0.5.jar: D8: Expected stack map table for method with non-linear control flow.
WARNING: <temporary-android-cache>/gradle/caches/modules-2/files-2.1/com.amazon.device/amazon-appstore-sdk/3.0.5/cb046867a6d127f404780c49287e63177e960304/amazon-appstore-sdk-3.0.5.jar: D8: Expected stack map table for method with non-linear control flow.
WARNING: <temporary-android-cache>/gradle/caches/modules-2/files-2.1/com.amazon.device/amazon-appstore-sdk/3.0.5/cb046867a6d127f404780c49287e63177e960304/amazon-appstore-sdk-3.0.5.jar: D8: Expected stack map table for method with non-linear control flow.
WARNING: <temporary-android-cache>/gradle/caches/modules-2/files-2.1/com.amazon.device/amazon-appstore-sdk/3.0.5/cb046867a6d127f404780c49287e63177e960304/amazon-appstore-sdk-3.0.5.jar: D8: Expected stack map table for method with non-linear control flow.
WARNING: <temporary-android-cache>/gradle/caches/modules-2/files-2.1/com.amazon.device/amazon-appstore-sdk/3.0.5/cb046867a6d127f404780c49287e63177e960304/amazon-appstore-sdk-3.0.5.jar: D8: Expected stack map table for method with non-linear control flow.
WARNING: <temporary-android-cache>/gradle/caches/modules-2/files-2.1/com.amazon.device/amazon-appstore-sdk/3.0.5/cb046867a6d127f404780c49287e63177e960304/amazon-appstore-sdk-3.0.5.jar: D8: Expected stack map table for method with non-linear control flow.
WARNING: <temporary-android-cache>/gradle/caches/modules-2/files-2.1/com.amazon.device/amazon-appstore-sdk/3.0.5/cb046867a6d127f404780c49287e63177e960304/amazon-appstore-sdk-3.0.5.jar: D8: Expected stack map table for method with non-linear control flow.
WARNING: <temporary-android-cache>/gradle/caches/modules-2/files-2.1/com.amazon.device/amazon-appstore-sdk/3.0.5/cb046867a6d127f404780c49287e63177e960304/amazon-appstore-sdk-3.0.5.jar: D8: Expected stack map table for method with non-linear control flow.
WARNING: <temporary-android-cache>/gradle/caches/modules-2/files-2.1/com.amazon.device/amazon-appstore-sdk/3.0.5/cb046867a6d127f404780c49287e63177e960304/amazon-appstore-sdk-3.0.5.jar: D8: Expected stack map table for method with non-linear control flow.
WARNING: <temporary-android-cache>/gradle/caches/modules-2/files-2.1/com.amazon.device/amazon-appstore-sdk/3.0.5/cb046867a6d127f404780c49287e63177e960304/amazon-appstore-sdk-3.0.5.jar: D8: Expected stack map table for method with non-linear control flow.
WARNING: <temporary-android-cache>/gradle/caches/modules-2/files-2.1/com.amazon.device/amazon-appstore-sdk/3.0.5/cb046867a6d127f404780c49287e63177e960304/amazon-appstore-sdk-3.0.5.jar: D8: Expected stack map table for method with non-linear control flow.
WARNING: <temporary-android-cache>/gradle/caches/modules-2/files-2.1/com.amazon.device/amazon-appstore-sdk/3.0.5/cb046867a6d127f404780c49287e63177e960304/amazon-appstore-sdk-3.0.5.jar: D8: Expected stack map table for method with non-linear control flow.
WARNING: <temporary-android-cache>/gradle/caches/modules-2/files-2.1/com.amazon.device/amazon-appstore-sdk/3.0.5/cb046867a6d127f404780c49287e63177e960304/amazon-appstore-sdk-3.0.5.jar: D8: Expected stack map table for method with non-linear control flow.
WARNING: <temporary-android-cache>/gradle/caches/modules-2/files-2.1/com.amazon.device/amazon-appstore-sdk/3.0.5/cb046867a6d127f404780c49287e63177e960304/amazon-appstore-sdk-3.0.5.jar: D8: Expected stack map table for method with non-linear control flow.
WARNING: <temporary-android-cache>/gradle/caches/modules-2/files-2.1/com.amazon.device/amazon-appstore-sdk/3.0.5/cb046867a6d127f404780c49287e63177e960304/amazon-appstore-sdk-3.0.5.jar: D8: Expected stack map table for method with non-linear control flow.
WARNING: <temporary-android-cache>/gradle/caches/modules-2/files-2.1/com.amazon.device/amazon-appstore-sdk/3.0.5/cb046867a6d127f404780c49287e63177e960304/amazon-appstore-sdk-3.0.5.jar: D8: Expected stack map table for method with non-linear control flow.
WARNING: <temporary-android-cache>/gradle/caches/modules-2/files-2.1/com.amazon.device/amazon-appstore-sdk/3.0.5/cb046867a6d127f404780c49287e63177e960304/amazon-appstore-sdk-3.0.5.jar: D8: Expected stack map table for method with non-linear control flow.
WARNING: <temporary-android-cache>/gradle/caches/modules-2/files-2.1/com.amazon.device/amazon-appstore-sdk/3.0.5/cb046867a6d127f404780c49287e63177e960304/amazon-appstore-sdk-3.0.5.jar: D8: Expected stack map table for method with non-linear control flow.
WARNING: <temporary-android-cache>/gradle/caches/modules-2/files-2.1/com.amazon.device/amazon-appstore-sdk/3.0.5/cb046867a6d127f404780c49287e63177e960304/amazon-appstore-sdk-3.0.5.jar: D8: Expected stack map table for method with non-linear control flow.
WARNING: <temporary-android-cache>/gradle/caches/modules-2/files-2.1/com.amazon.device/amazon-appstore-sdk/3.0.5/cb046867a6d127f404780c49287e63177e960304/amazon-appstore-sdk-3.0.5.jar: D8: Expected stack map table for method with non-linear control flow.
WARNING: <temporary-android-cache>/gradle/caches/modules-2/files-2.1/com.amazon.device/amazon-appstore-sdk/3.0.5/cb046867a6d127f404780c49287e63177e960304/amazon-appstore-sdk-3.0.5.jar: D8: Expected stack map table for method with non-linear control flow.
WARNING: <temporary-android-cache>/gradle/caches/modules-2/files-2.1/com.amazon.device/amazon-appstore-sdk/3.0.5/cb046867a6d127f404780c49287e63177e960304/amazon-appstore-sdk-3.0.5.jar: D8: Expected stack map table for method with non-linear control flow.
WARNING: <temporary-android-cache>/gradle/caches/modules-2/files-2.1/com.amazon.device/amazon-appstore-sdk/3.0.5/cb046867a6d127f404780c49287e63177e960304/amazon-appstore-sdk-3.0.5.jar: D8: Expected stack map table for method with non-linear control flow.
WARNING: <temporary-android-cache>/gradle/caches/modules-2/files-2.1/com.amazon.device/amazon-appstore-sdk/3.0.5/cb046867a6d127f404780c49287e63177e960304/amazon-appstore-sdk-3.0.5.jar: D8: Expected stack map table for method with non-linear control flow.
WARNING: <temporary-android-cache>/gradle/caches/modules-2/files-2.1/com.amazon.device/amazon-appstore-sdk/3.0.5/cb046867a6d127f404780c49287e63177e960304/amazon-appstore-sdk-3.0.5.jar: D8: Expected stack map table for method with non-linear control flow.
WARNING: <temporary-android-cache>/gradle/caches/modules-2/files-2.1/com.amazon.device/amazon-appstore-sdk/3.0.5/cb046867a6d127f404780c49287e63177e960304/amazon-appstore-sdk-3.0.5.jar: D8: Expected stack map table for method with non-linear control flow.
WARNING: <temporary-android-cache>/gradle/caches/modules-2/files-2.1/com.amazon.device/amazon-appstore-sdk/3.0.5/cb046867a6d127f404780c49287e63177e960304/amazon-appstore-sdk-3.0.5.jar: D8: Expected stack map table for method with non-linear control flow.
WARNING: <temporary-android-cache>/gradle/caches/modules-2/files-2.1/com.amazon.device/amazon-appstore-sdk/3.0.5/cb046867a6d127f404780c49287e63177e960304/amazon-appstore-sdk-3.0.5.jar: D8: Expected stack map table for method with non-linear control flow.
WARNING: <temporary-android-cache>/gradle/caches/modules-2/files-2.1/com.amazon.device/amazon-appstore-sdk/3.0.5/cb046867a6d127f404780c49287e63177e960304/amazon-appstore-sdk-3.0.5.jar: D8: Expected stack map table for method with non-linear control flow.
WARNING: <temporary-android-cache>/gradle/caches/modules-2/files-2.1/com.amazon.device/amazon-appstore-sdk/3.0.5/cb046867a6d127f404780c49287e63177e960304/amazon-appstore-sdk-3.0.5.jar: D8: Expected stack map table for method with non-linear control flow.
WARNING: <temporary-android-cache>/gradle/caches/modules-2/files-2.1/com.amazon.device/amazon-appstore-sdk/3.0.5/cb046867a6d127f404780c49287e63177e960304/amazon-appstore-sdk-3.0.5.jar: D8: Expected stack map table for method with non-linear control flow.
WARNING: <temporary-android-cache>/gradle/caches/modules-2/files-2.1/com.amazon.device/amazon-appstore-sdk/3.0.5/cb046867a6d127f404780c49287e63177e960304/amazon-appstore-sdk-3.0.5.jar: D8: Expected stack map table for method with non-linear control flow.
WARNING: <temporary-android-cache>/gradle/caches/modules-2/files-2.1/com.amazon.device/amazon-appstore-sdk/3.0.5/cb046867a6d127f404780c49287e63177e960304/amazon-appstore-sdk-3.0.5.jar: D8: Expected stack map table for method with non-linear control flow.
WARNING: <temporary-android-cache>/gradle/caches/modules-2/files-2.1/com.amazon.device/amazon-appstore-sdk/3.0.5/cb046867a6d127f404780c49287e63177e960304/amazon-appstore-sdk-3.0.5.jar: D8: Expected stack map table for method with non-linear control flow.
WARNING: <temporary-android-cache>/gradle/caches/modules-2/files-2.1/com.amazon.device/amazon-appstore-sdk/3.0.5/cb046867a6d127f404780c49287e63177e960304/amazon-appstore-sdk-3.0.5.jar: D8: Expected stack map table for method with non-linear control flow.
WARNING: <temporary-android-cache>/gradle/caches/modules-2/files-2.1/com.amazon.device/amazon-appstore-sdk/3.0.5/cb046867a6d127f404780c49287e63177e960304/amazon-appstore-sdk-3.0.5.jar: D8: Expected stack map table for method with non-linear control flow.
WARNING: <temporary-android-cache>/gradle/caches/modules-2/files-2.1/com.amazon.device/amazon-appstore-sdk/3.0.5/cb046867a6d127f404780c49287e63177e960304/amazon-appstore-sdk-3.0.5.jar: D8: Expected stack map table for method with non-linear control flow.
WARNING: <temporary-android-cache>/gradle/caches/modules-2/files-2.1/com.amazon.device/amazon-appstore-sdk/3.0.5/cb046867a6d127f404780c49287e63177e960304/amazon-appstore-sdk-3.0.5.jar: D8: Expected stack map table for method with non-linear control flow.
WARNING: <temporary-android-cache>/gradle/caches/modules-2/files-2.1/com.amazon.device/amazon-appstore-sdk/3.0.5/cb046867a6d127f404780c49287e63177e960304/amazon-appstore-sdk-3.0.5.jar: D8: Expected stack map table for method with non-linear control flow.
WARNING: <temporary-android-cache>/gradle/caches/modules-2/files-2.1/com.amazon.device/amazon-appstore-sdk/3.0.5/cb046867a6d127f404780c49287e63177e960304/amazon-appstore-sdk-3.0.5.jar: D8: Expected stack map table for method with non-linear control flow.
WARNING: <temporary-android-cache>/gradle/caches/modules-2/files-2.1/com.amazon.device/amazon-appstore-sdk/3.0.5/cb046867a6d127f404780c49287e63177e960304/amazon-appstore-sdk-3.0.5.jar: D8: Expected stack map table for method with non-linear control flow.
WARNING: <temporary-android-cache>/gradle/caches/modules-2/files-2.1/com.amazon.device/amazon-appstore-sdk/3.0.5/cb046867a6d127f404780c49287e63177e960304/amazon-appstore-sdk-3.0.5.jar: D8: Expected stack map table for method with non-linear control flow.
WARNING: <temporary-android-cache>/gradle/caches/modules-2/files-2.1/com.amazon.device/amazon-appstore-sdk/3.0.5/cb046867a6d127f404780c49287e63177e960304/amazon-appstore-sdk-3.0.5.jar: D8: Expected stack map table for method with non-linear control flow.
WARNING: <temporary-android-cache>/gradle/caches/modules-2/files-2.1/com.amazon.device/amazon-appstore-sdk/3.0.5/cb046867a6d127f404780c49287e63177e960304/amazon-appstore-sdk-3.0.5.jar: D8: Expected stack map table for method with non-linear control flow.
WARNING: <temporary-android-cache>/gradle/caches/modules-2/files-2.1/com.amazon.device/amazon-appstore-sdk/3.0.5/cb046867a6d127f404780c49287e63177e960304/amazon-appstore-sdk-3.0.5.jar: D8: Expected stack map table for method with non-linear control flow.
WARNING: <temporary-android-cache>/gradle/caches/modules-2/files-2.1/com.amazon.device/amazon-appstore-sdk/3.0.5/cb046867a6d127f404780c49287e63177e960304/amazon-appstore-sdk-3.0.5.jar: D8: Expected stack map table for method with non-linear control flow.
WARNING: <temporary-android-cache>/gradle/caches/modules-2/files-2.1/com.amazon.device/amazon-appstore-sdk/3.0.5/cb046867a6d127f404780c49287e63177e960304/amazon-appstore-sdk-3.0.5.jar: D8: Expected stack map table for method with non-linear control flow.
WARNING: <temporary-android-cache>/gradle/caches/modules-2/files-2.1/com.amazon.device/amazon-appstore-sdk/3.0.5/cb046867a6d127f404780c49287e63177e960304/amazon-appstore-sdk-3.0.5.jar: D8: Expected stack map table for method with non-linear control flow.
WARNING: <temporary-android-cache>/gradle/caches/modules-2/files-2.1/com.amazon.device/amazon-appstore-sdk/3.0.5/cb046867a6d127f404780c49287e63177e960304/amazon-appstore-sdk-3.0.5.jar: D8: Expected stack map table for method with non-linear control flow.
WARNING: <temporary-android-cache>/gradle/caches/modules-2/files-2.1/com.amazon.device/amazon-appstore-sdk/3.0.5/cb046867a6d127f404780c49287e63177e960304/amazon-appstore-sdk-3.0.5.jar: D8: Expected stack map table for method with non-linear control flow.
WARNING: <temporary-android-cache>/gradle/caches/modules-2/files-2.1/com.amazon.device/amazon-appstore-sdk/3.0.5/cb046867a6d127f404780c49287e63177e960304/amazon-appstore-sdk-3.0.5.jar: D8: Expected stack map table for method with non-linear control flow.
WARNING: <temporary-android-cache>/gradle/caches/modules-2/files-2.1/com.amazon.device/amazon-appstore-sdk/3.0.5/cb046867a6d127f404780c49287e63177e960304/amazon-appstore-sdk-3.0.5.jar: D8: Expected stack map table for method with non-linear control flow.
WARNING: <temporary-android-cache>/gradle/caches/modules-2/files-2.1/com.amazon.device/amazon-appstore-sdk/3.0.5/cb046867a6d127f404780c49287e63177e960304/amazon-appstore-sdk-3.0.5.jar: D8: Expected stack map table for method with non-linear control flow.
WARNING: <temporary-android-cache>/gradle/caches/modules-2/files-2.1/com.amazon.device/amazon-appstore-sdk/3.0.5/cb046867a6d127f404780c49287e63177e960304/amazon-appstore-sdk-3.0.5.jar: D8: Expected stack map table for method with non-linear control flow.
WARNING: <temporary-android-cache>/gradle/caches/modules-2/files-2.1/com.amazon.device/amazon-appstore-sdk/3.0.5/cb046867a6d127f404780c49287e63177e960304/amazon-appstore-sdk-3.0.5.jar: D8: Expected stack map table for method with non-linear control flow.
WARNING: <temporary-android-cache>/gradle/caches/modules-2/files-2.1/com.amazon.device/amazon-appstore-sdk/3.0.5/cb046867a6d127f404780c49287e63177e960304/amazon-appstore-sdk-3.0.5.jar: D8: Expected stack map table for method with non-linear control flow.
WARNING: <temporary-android-cache>/gradle/caches/modules-2/files-2.1/com.amazon.device/amazon-appstore-sdk/3.0.5/cb046867a6d127f404780c49287e63177e960304/amazon-appstore-sdk-3.0.5.jar: D8: Expected stack map table for method with non-linear control flow.
WARNING: <temporary-android-cache>/gradle/caches/modules-2/files-2.1/com.amazon.device/amazon-appstore-sdk/3.0.5/cb046867a6d127f404780c49287e63177e960304/amazon-appstore-sdk-3.0.5.jar: D8: Expected stack map table for method with non-linear control flow.
WARNING: <temporary-android-cache>/gradle/caches/modules-2/files-2.1/com.amazon.device/amazon-appstore-sdk/3.0.5/cb046867a6d127f404780c49287e63177e960304/amazon-appstore-sdk-3.0.5.jar: D8: Expected stack map table for method with non-linear control flow.
WARNING: <temporary-android-cache>/gradle/caches/modules-2/files-2.1/com.amazon.device/amazon-appstore-sdk/3.0.5/cb046867a6d127f404780c49287e63177e960304/amazon-appstore-sdk-3.0.5.jar: D8: Expected stack map table for method with non-linear control flow.
WARNING: <temporary-android-cache>/gradle/caches/modules-2/files-2.1/com.amazon.device/amazon-appstore-sdk/3.0.5/cb046867a6d127f404780c49287e63177e960304/amazon-appstore-sdk-3.0.5.jar: D8: Expected stack map table for method with non-linear control flow.
WARNING: <temporary-android-cache>/gradle/caches/modules-2/files-2.1/com.amazon.device/amazon-appstore-sdk/3.0.5/cb046867a6d127f404780c49287e63177e960304/amazon-appstore-sdk-3.0.5.jar: D8: Expected stack map table for method with non-linear control flow.
WARNING: <temporary-android-cache>/gradle/caches/modules-2/files-2.1/com.amazon.device/amazon-appstore-sdk/3.0.5/cb046867a6d127f404780c49287e63177e960304/amazon-appstore-sdk-3.0.5.jar: D8: Expected stack map table for method with non-linear control flow.
WARNING: <temporary-android-cache>/gradle/caches/modules-2/files-2.1/com.amazon.device/amazon-appstore-sdk/3.0.5/cb046867a6d127f404780c49287e63177e960304/amazon-appstore-sdk-3.0.5.jar: D8: Expected stack map table for method with non-linear control flow.
WARNING: <temporary-android-cache>/gradle/caches/modules-2/files-2.1/com.amazon.device/amazon-appstore-sdk/3.0.5/cb046867a6d127f404780c49287e63177e960304/amazon-appstore-sdk-3.0.5.jar: D8: Expected stack map table for method with non-linear control flow.
WARNING: <temporary-android-cache>/gradle/caches/modules-2/files-2.1/com.amazon.device/amazon-appstore-sdk/3.0.5/cb046867a6d127f404780c49287e63177e960304/amazon-appstore-sdk-3.0.5.jar: D8: Expected stack map table for method with non-linear control flow.
WARNING: <temporary-android-cache>/gradle/caches/modules-2/files-2.1/com.amazon.device/amazon-appstore-sdk/3.0.5/cb046867a6d127f404780c49287e63177e960304/amazon-appstore-sdk-3.0.5.jar: D8: Expected stack map table for method with non-linear control flow.
WARNING: <temporary-android-cache>/gradle/caches/modules-2/files-2.1/com.amazon.device/amazon-appstore-sdk/3.0.5/cb046867a6d127f404780c49287e63177e960304/amazon-appstore-sdk-3.0.5.jar: D8: Expected stack map table for method with non-linear control flow.
WARNING: <temporary-android-cache>/gradle/caches/modules-2/files-2.1/com.amazon.device/amazon-appstore-sdk/3.0.5/cb046867a6d127f404780c49287e63177e960304/amazon-appstore-sdk-3.0.5.jar: D8: Expected stack map table for method with non-linear control flow.
WARNING: <temporary-android-cache>/gradle/caches/modules-2/files-2.1/com.amazon.device/amazon-appstore-sdk/3.0.5/cb046867a6d127f404780c49287e63177e960304/amazon-appstore-sdk-3.0.5.jar: D8: Expected stack map table for method with non-linear control flow.
WARNING: <temporary-android-cache>/gradle/caches/modules-2/files-2.1/com.amazon.device/amazon-appstore-sdk/3.0.5/cb046867a6d127f404780c49287e63177e960304/amazon-appstore-sdk-3.0.5.jar: D8: Expected stack map table for method with non-linear control flow.
WARNING: <temporary-android-cache>/gradle/caches/modules-2/files-2.1/com.amazon.device/amazon-appstore-sdk/3.0.5/cb046867a6d127f404780c49287e63177e960304/amazon-appstore-sdk-3.0.5.jar: D8: Expected stack map table for method with non-linear control flow.
WARNING: <temporary-android-cache>/gradle/caches/modules-2/files-2.1/com.amazon.device/amazon-appstore-sdk/3.0.5/cb046867a6d127f404780c49287e63177e960304/amazon-appstore-sdk-3.0.5.jar: D8: Expected stack map table for method with non-linear control flow.
WARNING: <temporary-android-cache>/gradle/caches/modules-2/files-2.1/com.amazon.device/amazon-appstore-sdk/3.0.5/cb046867a6d127f404780c49287e63177e960304/amazon-appstore-sdk-3.0.5.jar: D8: Expected stack map table for method with non-linear control flow.
WARNING: <temporary-android-cache>/gradle/caches/modules-2/files-2.1/com.amazon.device/amazon-appstore-sdk/3.0.5/cb046867a6d127f404780c49287e63177e960304/amazon-appstore-sdk-3.0.5.jar: D8: Expected stack map table for method with non-linear control flow.
WARNING: <temporary-android-cache>/gradle/caches/modules-2/files-2.1/com.amazon.device/amazon-appstore-sdk/3.0.5/cb046867a6d127f404780c49287e63177e960304/amazon-appstore-sdk-3.0.5.jar: D8: Expected stack map table for method with non-linear control flow.
WARNING: <temporary-android-cache>/gradle/caches/modules-2/files-2.1/com.amazon.device/amazon-appstore-sdk/3.0.5/cb046867a6d127f404780c49287e63177e960304/amazon-appstore-sdk-3.0.5.jar: D8: Expected stack map table for method with non-linear control flow.
WARNING: <temporary-android-cache>/gradle/caches/modules-2/files-2.1/com.amazon.device/amazon-appstore-sdk/3.0.5/cb046867a6d127f404780c49287e63177e960304/amazon-appstore-sdk-3.0.5.jar: D8: Expected stack map table for method with non-linear control flow.
WARNING: <temporary-android-cache>/gradle/caches/modules-2/files-2.1/com.amazon.device/amazon-appstore-sdk/3.0.5/cb046867a6d127f404780c49287e63177e960304/amazon-appstore-sdk-3.0.5.jar: D8: Expected stack map table for method with non-linear control flow.
WARNING: <temporary-android-cache>/gradle/caches/modules-2/files-2.1/com.amazon.device/amazon-appstore-sdk/3.0.5/cb046867a6d127f404780c49287e63177e960304/amazon-appstore-sdk-3.0.5.jar: D8: Expected stack map table for method with non-linear control flow.
WARNING: <temporary-android-cache>/gradle/caches/modules-2/files-2.1/com.amazon.device/amazon-appstore-sdk/3.0.5/cb046867a6d127f404780c49287e63177e960304/amazon-appstore-sdk-3.0.5.jar: D8: Expected stack map table for method with non-linear control flow.
WARNING: <temporary-android-cache>/gradle/caches/modules-2/files-2.1/com.amazon.device/amazon-appstore-sdk/3.0.5/cb046867a6d127f404780c49287e63177e960304/amazon-appstore-sdk-3.0.5.jar: D8: Expected stack map table for method with non-linear control flow.
WARNING: <temporary-android-cache>/gradle/caches/modules-2/files-2.1/com.amazon.device/amazon-appstore-sdk/3.0.5/cb046867a6d127f404780c49287e63177e960304/amazon-appstore-sdk-3.0.5.jar: D8: Expected stack map table for method with non-linear control flow.
WARNING: <temporary-android-cache>/gradle/caches/modules-2/files-2.1/com.amazon.device/amazon-appstore-sdk/3.0.5/cb046867a6d127f404780c49287e63177e960304/amazon-appstore-sdk-3.0.5.jar: D8: Expected stack map table for method with non-linear control flow.
WARNING: <temporary-android-cache>/gradle/caches/modules-2/files-2.1/com.amazon.device/amazon-appstore-sdk/3.0.5/cb046867a6d127f404780c49287e63177e960304/amazon-appstore-sdk-3.0.5.jar: D8: Expected stack map table for method with non-linear control flow.
WARNING: <temporary-android-cache>/gradle/caches/modules-2/files-2.1/com.amazon.device/amazon-appstore-sdk/3.0.5/cb046867a6d127f404780c49287e63177e960304/amazon-appstore-sdk-3.0.5.jar: D8: Expected stack map table for method with non-linear control flow.
WARNING: <temporary-android-cache>/gradle/caches/modules-2/files-2.1/com.amazon.device/amazon-appstore-sdk/3.0.5/cb046867a6d127f404780c49287e63177e960304/amazon-appstore-sdk-3.0.5.jar: D8: Expected stack map table for method with non-linear control flow.
WARNING: <temporary-android-cache>/gradle/caches/modules-2/files-2.1/com.amazon.device/amazon-appstore-sdk/3.0.5/cb046867a6d127f404780c49287e63177e960304/amazon-appstore-sdk-3.0.5.jar: D8: Expected stack map table for method with non-linear control flow.
WARNING: <temporary-android-cache>/gradle/caches/modules-2/files-2.1/com.amazon.device/amazon-appstore-sdk/3.0.5/cb046867a6d127f404780c49287e63177e960304/amazon-appstore-sdk-3.0.5.jar: D8: Expected stack map table for method with non-linear control flow.
WARNING: <temporary-android-cache>/gradle/caches/modules-2/files-2.1/com.amazon.device/amazon-appstore-sdk/3.0.5/cb046867a6d127f404780c49287e63177e960304/amazon-appstore-sdk-3.0.5.jar: D8: Expected stack map table for method with non-linear control flow.
WARNING: <temporary-android-cache>/gradle/caches/modules-2/files-2.1/com.amazon.device/amazon-appstore-sdk/3.0.5/cb046867a6d127f404780c49287e63177e960304/amazon-appstore-sdk-3.0.5.jar: D8: Expected stack map table for method with non-linear control flow.
WARNING: <temporary-android-cache>/gradle/caches/modules-2/files-2.1/com.amazon.device/amazon-appstore-sdk/3.0.5/cb046867a6d127f404780c49287e63177e960304/amazon-appstore-sdk-3.0.5.jar: D8: Expected stack map table for method with non-linear control flow.
WARNING: <temporary-android-cache>/gradle/caches/modules-2/files-2.1/com.amazon.device/amazon-appstore-sdk/3.0.5/cb046867a6d127f404780c49287e63177e960304/amazon-appstore-sdk-3.0.5.jar: D8: Expected stack map table for method with non-linear control flow.
WARNING: <temporary-android-cache>/gradle/caches/modules-2/files-2.1/com.amazon.device/amazon-appstore-sdk/3.0.5/cb046867a6d127f404780c49287e63177e960304/amazon-appstore-sdk-3.0.5.jar: D8: Expected stack map table for method with non-linear control flow.
WARNING: <temporary-android-cache>/gradle/caches/modules-2/files-2.1/com.amazon.device/amazon-appstore-sdk/3.0.5/cb046867a6d127f404780c49287e63177e960304/amazon-appstore-sdk-3.0.5.jar: D8: Expected stack map table for method with non-linear control flow.
WARNING: <temporary-android-cache>/gradle/caches/modules-2/files-2.1/com.amazon.device/amazon-appstore-sdk/3.0.5/cb046867a6d127f404780c49287e63177e960304/amazon-appstore-sdk-3.0.5.jar: D8: Expected stack map table for method with non-linear control flow.
WARNING: <temporary-android-cache>/gradle/caches/modules-2/files-2.1/com.amazon.device/amazon-appstore-sdk/3.0.5/cb046867a6d127f404780c49287e63177e960304/amazon-appstore-sdk-3.0.5.jar: D8: Expected stack map table for method with non-linear control flow.
WARNING: <temporary-android-cache>/gradle/caches/modules-2/files-2.1/com.amazon.device/amazon-appstore-sdk/3.0.5/cb046867a6d127f404780c49287e63177e960304/amazon-appstore-sdk-3.0.5.jar: D8: Expected stack map table for method with non-linear control flow.
WARNING: <temporary-android-cache>/gradle/caches/modules-2/files-2.1/com.amazon.device/amazon-appstore-sdk/3.0.5/cb046867a6d127f404780c49287e63177e960304/amazon-appstore-sdk-3.0.5.jar: D8: Expected stack map table for method with non-linear control flow.
WARNING: <temporary-android-cache>/gradle/caches/modules-2/files-2.1/com.amazon.device/amazon-appstore-sdk/3.0.5/cb046867a6d127f404780c49287e63177e960304/amazon-appstore-sdk-3.0.5.jar: D8: Expected stack map table for method with non-linear control flow.
WARNING: <temporary-android-cache>/gradle/caches/modules-2/files-2.1/com.amazon.device/amazon-appstore-sdk/3.0.5/cb046867a6d127f404780c49287e63177e960304/amazon-appstore-sdk-3.0.5.jar: D8: Expected stack map table for method with non-linear control flow.
WARNING: <temporary-android-cache>/gradle/caches/modules-2/files-2.1/com.amazon.device/amazon-appstore-sdk/3.0.5/cb046867a6d127f404780c49287e63177e960304/amazon-appstore-sdk-3.0.5.jar: D8: Expected stack map table for method with non-linear control flow.
WARNING: <temporary-android-cache>/gradle/caches/modules-2/files-2.1/com.amazon.device/amazon-appstore-sdk/3.0.5/cb046867a6d127f404780c49287e63177e960304/amazon-appstore-sdk-3.0.5.jar: D8: Expected stack map table for method with non-linear control flow.
WARNING: <temporary-android-cache>/gradle/caches/modules-2/files-2.1/com.amazon.device/amazon-appstore-sdk/3.0.5/cb046867a6d127f404780c49287e63177e960304/amazon-appstore-sdk-3.0.5.jar: D8: Expected stack map table for method with non-linear control flow.
WARNING: <temporary-android-cache>/gradle/caches/modules-2/files-2.1/com.amazon.device/amazon-appstore-sdk/3.0.5/cb046867a6d127f404780c49287e63177e960304/amazon-appstore-sdk-3.0.5.jar: D8: Expected stack map table for method with non-linear control flow.
WARNING: <temporary-android-cache>/gradle/caches/modules-2/files-2.1/com.amazon.device/amazon-appstore-sdk/3.0.5/cb046867a6d127f404780c49287e63177e960304/amazon-appstore-sdk-3.0.5.jar: D8: Expected stack map table for method with non-linear control flow.
WARNING: <temporary-android-cache>/gradle/caches/modules-2/files-2.1/com.amazon.device/amazon-appstore-sdk/3.0.5/cb046867a6d127f404780c49287e63177e960304/amazon-appstore-sdk-3.0.5.jar: D8: Expected stack map table for method with non-linear control flow.
WARNING: <temporary-android-cache>/gradle/caches/modules-2/files-2.1/com.amazon.device/amazon-appstore-sdk/3.0.5/cb046867a6d127f404780c49287e63177e960304/amazon-appstore-sdk-3.0.5.jar: D8: Expected stack map table for method with non-linear control flow.
WARNING: <temporary-android-cache>/gradle/caches/modules-2/files-2.1/com.amazon.device/amazon-appstore-sdk/3.0.5/cb046867a6d127f404780c49287e63177e960304/amazon-appstore-sdk-3.0.5.jar: D8: Expected stack map table for method with non-linear control flow.
WARNING: <temporary-android-cache>/gradle/caches/modules-2/files-2.1/com.amazon.device/amazon-appstore-sdk/3.0.5/cb046867a6d127f404780c49287e63177e960304/amazon-appstore-sdk-3.0.5.jar: D8: Expected stack map table for method with non-linear control flow.
WARNING: <temporary-android-cache>/gradle/caches/modules-2/files-2.1/com.amazon.device/amazon-appstore-sdk/3.0.5/cb046867a6d127f404780c49287e63177e960304/amazon-appstore-sdk-3.0.5.jar: D8: Expected stack map table for method with non-linear control flow.
WARNING: <temporary-android-cache>/gradle/caches/modules-2/files-2.1/com.amazon.device/amazon-appstore-sdk/3.0.5/cb046867a6d127f404780c49287e63177e960304/amazon-appstore-sdk-3.0.5.jar: D8: Expected stack map table for method with non-linear control flow.
WARNING: <temporary-android-cache>/gradle/caches/modules-2/files-2.1/com.amazon.device/amazon-appstore-sdk/3.0.5/cb046867a6d127f404780c49287e63177e960304/amazon-appstore-sdk-3.0.5.jar: D8: Expected stack map table for method with non-linear control flow.
WARNING: <temporary-android-cache>/gradle/caches/modules-2/files-2.1/com.amazon.device/amazon-appstore-sdk/3.0.5/cb046867a6d127f404780c49287e63177e960304/amazon-appstore-sdk-3.0.5.jar: D8: Expected stack map table for method with non-linear control flow.
WARNING: <temporary-android-cache>/gradle/caches/modules-2/files-2.1/com.amazon.device/amazon-appstore-sdk/3.0.5/cb046867a6d127f404780c49287e63177e960304/amazon-appstore-sdk-3.0.5.jar: D8: Expected stack map table for method with non-linear control flow.
WARNING: <temporary-android-cache>/gradle/caches/modules-2/files-2.1/com.amazon.device/amazon-appstore-sdk/3.0.5/cb046867a6d127f404780c49287e63177e960304/amazon-appstore-sdk-3.0.5.jar: D8: Expected stack map table for method with non-linear control flow.
WARNING: <temporary-android-cache>/gradle/caches/modules-2/files-2.1/com.amazon.device/amazon-appstore-sdk/3.0.5/cb046867a6d127f404780c49287e63177e960304/amazon-appstore-sdk-3.0.5.jar: D8: Expected stack map table for method with non-linear control flow.
WARNING: <temporary-android-cache>/gradle/caches/modules-2/files-2.1/com.amazon.device/amazon-appstore-sdk/3.0.5/cb046867a6d127f404780c49287e63177e960304/amazon-appstore-sdk-3.0.5.jar: D8: Expected stack map table for method with non-linear control flow.
WARNING: <temporary-android-cache>/gradle/caches/modules-2/files-2.1/com.amazon.device/amazon-appstore-sdk/3.0.5/cb046867a6d127f404780c49287e63177e960304/amazon-appstore-sdk-3.0.5.jar: D8: Expected stack map table for method with non-linear control flow.
WARNING: <temporary-android-cache>/gradle/caches/modules-2/files-2.1/com.amazon.device/amazon-appstore-sdk/3.0.5/cb046867a6d127f404780c49287e63177e960304/amazon-appstore-sdk-3.0.5.jar: D8: Expected stack map table for method with non-linear control flow.
WARNING: <temporary-android-cache>/gradle/caches/modules-2/files-2.1/com.amazon.device/amazon-appstore-sdk/3.0.5/cb046867a6d127f404780c49287e63177e960304/amazon-appstore-sdk-3.0.5.jar: D8: Expected stack map table for method with non-linear control flow.
WARNING: <temporary-android-cache>/gradle/caches/modules-2/files-2.1/com.amazon.device/amazon-appstore-sdk/3.0.5/cb046867a6d127f404780c49287e63177e960304/amazon-appstore-sdk-3.0.5.jar: D8: Expected stack map table for method with non-linear control flow.
WARNING: <temporary-android-cache>/gradle/caches/modules-2/files-2.1/com.amazon.device/amazon-appstore-sdk/3.0.5/cb046867a6d127f404780c49287e63177e960304/amazon-appstore-sdk-3.0.5.jar: D8: Expected stack map table for method with non-linear control flow.
WARNING: <temporary-android-cache>/gradle/caches/modules-2/files-2.1/com.amazon.device/amazon-appstore-sdk/3.0.5/cb046867a6d127f404780c49287e63177e960304/amazon-appstore-sdk-3.0.5.jar: D8: Expected stack map table for method with non-linear control flow.
WARNING: <temporary-android-cache>/gradle/caches/modules-2/files-2.1/com.amazon.device/amazon-appstore-sdk/3.0.5/cb046867a6d127f404780c49287e63177e960304/amazon-appstore-sdk-3.0.5.jar: D8: Expected stack map table for method with non-linear control flow.
WARNING: <temporary-android-cache>/gradle/caches/modules-2/files-2.1/com.amazon.device/amazon-appstore-sdk/3.0.5/cb046867a6d127f404780c49287e63177e960304/amazon-appstore-sdk-3.0.5.jar: D8: Expected stack map table for method with non-linear control flow.
WARNING: <temporary-android-cache>/gradle/caches/modules-2/files-2.1/com.amazon.device/amazon-appstore-sdk/3.0.5/cb046867a6d127f404780c49287e63177e960304/amazon-appstore-sdk-3.0.5.jar: D8: Expected stack map table for method with non-linear control flow.
WARNING: <temporary-android-cache>/gradle/caches/modules-2/files-2.1/com.amazon.device/amazon-appstore-sdk/3.0.5/cb046867a6d127f404780c49287e63177e960304/amazon-appstore-sdk-3.0.5.jar: D8: Expected stack map table for method with non-linear control flow.
WARNING: <temporary-android-cache>/gradle/caches/modules-2/files-2.1/com.amazon.device/amazon-appstore-sdk/3.0.5/cb046867a6d127f404780c49287e63177e960304/amazon-appstore-sdk-3.0.5.jar: D8: Expected stack map table for method with non-linear control flow.
WARNING: <temporary-android-cache>/gradle/caches/modules-2/files-2.1/com.amazon.device/amazon-appstore-sdk/3.0.5/cb046867a6d127f404780c49287e63177e960304/amazon-appstore-sdk-3.0.5.jar: D8: Expected stack map table for method with non-linear control flow.
WARNING: <temporary-android-cache>/gradle/caches/modules-2/files-2.1/com.amazon.device/amazon-appstore-sdk/3.0.5/cb046867a6d127f404780c49287e63177e960304/amazon-appstore-sdk-3.0.5.jar: D8: Expected stack map table for method with non-linear control flow.
WARNING: <temporary-android-cache>/gradle/caches/modules-2/files-2.1/com.amazon.device/amazon-appstore-sdk/3.0.5/cb046867a6d127f404780c49287e63177e960304/amazon-appstore-sdk-3.0.5.jar: D8: Expected stack map table for method with non-linear control flow.
WARNING: <temporary-android-cache>/gradle/caches/modules-2/files-2.1/com.amazon.device/amazon-appstore-sdk/3.0.5/cb046867a6d127f404780c49287e63177e960304/amazon-appstore-sdk-3.0.5.jar: D8: Expected stack map table for method with non-linear control flow.
WARNING: <temporary-android-cache>/gradle/caches/modules-2/files-2.1/com.amazon.device/amazon-appstore-sdk/3.0.5/cb046867a6d127f404780c49287e63177e960304/amazon-appstore-sdk-3.0.5.jar: D8: Expected stack map table for method with non-linear control flow.
WARNING: <temporary-android-cache>/gradle/caches/modules-2/files-2.1/com.amazon.device/amazon-appstore-sdk/3.0.5/cb046867a6d127f404780c49287e63177e960304/amazon-appstore-sdk-3.0.5.jar: D8: Expected stack map table for method with non-linear control flow.
WARNING: <temporary-android-cache>/gradle/caches/modules-2/files-2.1/com.amazon.device/amazon-appstore-sdk/3.0.5/cb046867a6d127f404780c49287e63177e960304/amazon-appstore-sdk-3.0.5.jar: D8: Expected stack map table for method with non-linear control flow.
WARNING: <temporary-android-cache>/gradle/caches/modules-2/files-2.1/com.amazon.device/amazon-appstore-sdk/3.0.5/cb046867a6d127f404780c49287e63177e960304/amazon-appstore-sdk-3.0.5.jar: D8: Expected stack map table for method with non-linear control flow.
WARNING: <temporary-android-cache>/gradle/caches/modules-2/files-2.1/com.amazon.device/amazon-appstore-sdk/3.0.5/cb046867a6d127f404780c49287e63177e960304/amazon-appstore-sdk-3.0.5.jar: D8: Expected stack map table for method with non-linear control flow.
WARNING: <temporary-android-cache>/gradle/caches/modules-2/files-2.1/com.amazon.device/amazon-appstore-sdk/3.0.5/cb046867a6d127f404780c49287e63177e960304/amazon-appstore-sdk-3.0.5.jar: D8: Expected stack map table for method with non-linear control flow.
WARNING: <temporary-android-cache>/gradle/caches/modules-2/files-2.1/com.amazon.device/amazon-appstore-sdk/3.0.5/cb046867a6d127f404780c49287e63177e960304/amazon-appstore-sdk-3.0.5.jar: D8: Expected stack map table for method with non-linear control flow.
WARNING: <temporary-android-cache>/gradle/caches/modules-2/files-2.1/com.amazon.device/amazon-appstore-sdk/3.0.5/cb046867a6d127f404780c49287e63177e960304/amazon-appstore-sdk-3.0.5.jar: D8: Expected stack map table for method with non-linear control flow.
WARNING: <temporary-android-cache>/gradle/caches/modules-2/files-2.1/com.amazon.device/amazon-appstore-sdk/3.0.5/cb046867a6d127f404780c49287e63177e960304/amazon-appstore-sdk-3.0.5.jar: D8: Expected stack map table for method with non-linear control flow.
WARNING: <temporary-android-cache>/gradle/caches/modules-2/files-2.1/com.amazon.device/amazon-appstore-sdk/3.0.5/cb046867a6d127f404780c49287e63177e960304/amazon-appstore-sdk-3.0.5.jar: D8: Expected stack map table for method with non-linear control flow.
WARNING: <temporary-android-cache>/gradle/caches/modules-2/files-2.1/com.amazon.device/amazon-appstore-sdk/3.0.5/cb046867a6d127f404780c49287e63177e960304/amazon-appstore-sdk-3.0.5.jar: D8: Expected stack map table for method with non-linear control flow.
WARNING: <temporary-android-cache>/gradle/caches/modules-2/files-2.1/com.amazon.device/amazon-appstore-sdk/3.0.5/cb046867a6d127f404780c49287e63177e960304/amazon-appstore-sdk-3.0.5.jar: D8: Expected stack map table for method with non-linear control flow.
WARNING: <temporary-android-cache>/gradle/caches/modules-2/files-2.1/com.amazon.device/amazon-appstore-sdk/3.0.5/cb046867a6d127f404780c49287e63177e960304/amazon-appstore-sdk-3.0.5.jar: D8: Expected stack map table for method with non-linear control flow.
WARNING: <temporary-android-cache>/gradle/caches/modules-2/files-2.1/com.amazon.device/amazon-appstore-sdk/3.0.5/cb046867a6d127f404780c49287e63177e960304/amazon-appstore-sdk-3.0.5.jar: D8: Expected stack map table for method with non-linear control flow.
WARNING: <temporary-android-cache>/gradle/caches/modules-2/files-2.1/com.amazon.device/amazon-appstore-sdk/3.0.5/cb046867a6d127f404780c49287e63177e960304/amazon-appstore-sdk-3.0.5.jar: D8: Expected stack map table for method with non-linear control flow.
WARNING: <temporary-android-cache>/gradle/caches/modules-2/files-2.1/com.amazon.device/amazon-appstore-sdk/3.0.5/cb046867a6d127f404780c49287e63177e960304/amazon-appstore-sdk-3.0.5.jar: D8: Expected stack map table for method with non-linear control flow.
WARNING: <temporary-android-cache>/gradle/caches/modules-2/files-2.1/com.amazon.device/amazon-appstore-sdk/3.0.5/cb046867a6d127f404780c49287e63177e960304/amazon-appstore-sdk-3.0.5.jar: D8: Expected stack map table for method with non-linear control flow.
WARNING: <temporary-android-cache>/gradle/caches/modules-2/files-2.1/com.amazon.device/amazon-appstore-sdk/3.0.5/cb046867a6d127f404780c49287e63177e960304/amazon-appstore-sdk-3.0.5.jar: D8: Expected stack map table for method with non-linear control flow.
WARNING: <temporary-android-cache>/gradle/caches/modules-2/files-2.1/com.amazon.device/amazon-appstore-sdk/3.0.5/cb046867a6d127f404780c49287e63177e960304/amazon-appstore-sdk-3.0.5.jar: D8: Expected stack map table for method with non-linear control flow.
WARNING: <temporary-android-cache>/gradle/caches/modules-2/files-2.1/com.amazon.device/amazon-appstore-sdk/3.0.5/cb046867a6d127f404780c49287e63177e960304/amazon-appstore-sdk-3.0.5.jar: D8: Expected stack map table for method with non-linear control flow.
WARNING: <temporary-android-cache>/gradle/caches/modules-2/files-2.1/com.amazon.device/amazon-appstore-sdk/3.0.5/cb046867a6d127f404780c49287e63177e960304/amazon-appstore-sdk-3.0.5.jar: D8: Expected stack map table for method with non-linear control flow.
WARNING: <temporary-android-cache>/gradle/caches/modules-2/files-2.1/com.amazon.device/amazon-appstore-sdk/3.0.5/cb046867a6d127f404780c49287e63177e960304/amazon-appstore-sdk-3.0.5.jar: D8: Expected stack map table for method with non-linear control flow.
WARNING: <temporary-android-cache>/gradle/caches/modules-2/files-2.1/com.amazon.device/amazon-appstore-sdk/3.0.5/cb046867a6d127f404780c49287e63177e960304/amazon-appstore-sdk-3.0.5.jar: D8: Expected stack map table for method with non-linear control flow.
WARNING: <temporary-android-cache>/gradle/caches/modules-2/files-2.1/com.amazon.device/amazon-appstore-sdk/3.0.5/cb046867a6d127f404780c49287e63177e960304/amazon-appstore-sdk-3.0.5.jar: D8: Expected stack map table for method with non-linear control flow.
WARNING: <temporary-android-cache>/gradle/caches/modules-2/files-2.1/com.amazon.device/amazon-appstore-sdk/3.0.5/cb046867a6d127f404780c49287e63177e960304/amazon-appstore-sdk-3.0.5.jar: D8: Expected stack map table for method with non-linear control flow.
WARNING: <temporary-android-cache>/gradle/caches/modules-2/files-2.1/com.amazon.device/amazon-appstore-sdk/3.0.5/cb046867a6d127f404780c49287e63177e960304/amazon-appstore-sdk-3.0.5.jar: D8: Expected stack map table for method with non-linear control flow.
WARNING: <temporary-android-cache>/gradle/caches/modules-2/files-2.1/com.amazon.device/amazon-appstore-sdk/3.0.5/cb046867a6d127f404780c49287e63177e960304/amazon-appstore-sdk-3.0.5.jar: D8: Expected stack map table for method with non-linear control flow.
WARNING: <temporary-android-cache>/gradle/caches/modules-2/files-2.1/com.amazon.device/amazon-appstore-sdk/3.0.5/cb046867a6d127f404780c49287e63177e960304/amazon-appstore-sdk-3.0.5.jar: D8: Expected stack map table for method with non-linear control flow.
WARNING: <temporary-android-cache>/gradle/caches/modules-2/files-2.1/com.amazon.device/amazon-appstore-sdk/3.0.5/cb046867a6d127f404780c49287e63177e960304/amazon-appstore-sdk-3.0.5.jar: D8: Expected stack map table for method with non-linear control flow.
WARNING: <temporary-android-cache>/gradle/caches/modules-2/files-2.1/com.amazon.device/amazon-appstore-sdk/3.0.5/cb046867a6d127f404780c49287e63177e960304/amazon-appstore-sdk-3.0.5.jar: D8: Expected stack map table for method with non-linear control flow.
WARNING: <temporary-android-cache>/gradle/caches/modules-2/files-2.1/com.amazon.device/amazon-appstore-sdk/3.0.5/cb046867a6d127f404780c49287e63177e960304/amazon-appstore-sdk-3.0.5.jar: D8: Expected stack map table for method with non-linear control flow.
WARNING: <temporary-android-cache>/gradle/caches/modules-2/files-2.1/com.amazon.device/amazon-appstore-sdk/3.0.5/cb046867a6d127f404780c49287e63177e960304/amazon-appstore-sdk-3.0.5.jar: D8: Expected stack map table for method with non-linear control flow.
WARNING: <temporary-android-cache>/gradle/caches/modules-2/files-2.1/com.amazon.device/amazon-appstore-sdk/3.0.5/cb046867a6d127f404780c49287e63177e960304/amazon-appstore-sdk-3.0.5.jar: D8: Expected stack map table for method with non-linear control flow.
WARNING: <temporary-android-cache>/gradle/caches/modules-2/files-2.1/com.amazon.device/amazon-appstore-sdk/3.0.5/cb046867a6d127f404780c49287e63177e960304/amazon-appstore-sdk-3.0.5.jar: D8: Expected stack map table for method with non-linear control flow.
WARNING: <temporary-android-cache>/gradle/caches/modules-2/files-2.1/com.amazon.device/amazon-appstore-sdk/3.0.5/cb046867a6d127f404780c49287e63177e960304/amazon-appstore-sdk-3.0.5.jar: D8: Expected stack map table for method with non-linear control flow.
WARNING: <temporary-android-cache>/gradle/caches/modules-2/files-2.1/com.amazon.device/amazon-appstore-sdk/3.0.5/cb046867a6d127f404780c49287e63177e960304/amazon-appstore-sdk-3.0.5.jar: D8: Expected stack map table for method with non-linear control flow.
WARNING: <temporary-android-cache>/gradle/caches/modules-2/files-2.1/com.amazon.device/amazon-appstore-sdk/3.0.5/cb046867a6d127f404780c49287e63177e960304/amazon-appstore-sdk-3.0.5.jar: D8: Expected stack map table for method with non-linear control flow.
WARNING: <temporary-android-cache>/gradle/caches/modules-2/files-2.1/com.amazon.device/amazon-appstore-sdk/3.0.5/cb046867a6d127f404780c49287e63177e960304/amazon-appstore-sdk-3.0.5.jar: D8: Expected stack map table for method with non-linear control flow.
WARNING: <temporary-android-cache>/gradle/caches/modules-2/files-2.1/com.amazon.device/amazon-appstore-sdk/3.0.5/cb046867a6d127f404780c49287e63177e960304/amazon-appstore-sdk-3.0.5.jar: D8: Expected stack map table for method with non-linear control flow.
WARNING: <temporary-android-cache>/gradle/caches/modules-2/files-2.1/com.amazon.device/amazon-appstore-sdk/3.0.5/cb046867a6d127f404780c49287e63177e960304/amazon-appstore-sdk-3.0.5.jar: D8: Expected stack map table for method with non-linear control flow.
WARNING: <temporary-android-cache>/gradle/caches/modules-2/files-2.1/com.amazon.device/amazon-appstore-sdk/3.0.5/cb046867a6d127f404780c49287e63177e960304/amazon-appstore-sdk-3.0.5.jar: D8: Expected stack map table for method with non-linear control flow.
WARNING: <temporary-android-cache>/gradle/caches/modules-2/files-2.1/com.amazon.device/amazon-appstore-sdk/3.0.5/cb046867a6d127f404780c49287e63177e960304/amazon-appstore-sdk-3.0.5.jar: D8: Expected stack map table for method with non-linear control flow.
WARNING: <temporary-android-cache>/gradle/caches/modules-2/files-2.1/com.amazon.device/amazon-appstore-sdk/3.0.5/cb046867a6d127f404780c49287e63177e960304/amazon-appstore-sdk-3.0.5.jar: D8: Expected stack map table for method with non-linear control flow.
WARNING: <temporary-android-cache>/gradle/caches/modules-2/files-2.1/com.amazon.device/amazon-appstore-sdk/3.0.5/cb046867a6d127f404780c49287e63177e960304/amazon-appstore-sdk-3.0.5.jar: D8: Expected stack map table for method with non-linear control flow.
WARNING: <temporary-android-cache>/gradle/caches/modules-2/files-2.1/com.amazon.device/amazon-appstore-sdk/3.0.5/cb046867a6d127f404780c49287e63177e960304/amazon-appstore-sdk-3.0.5.jar: D8: Expected stack map table for method with non-linear control flow.
WARNING: <temporary-android-cache>/gradle/caches/modules-2/files-2.1/com.amazon.device/amazon-appstore-sdk/3.0.5/cb046867a6d127f404780c49287e63177e960304/amazon-appstore-sdk-3.0.5.jar: D8: Expected stack map table for method with non-linear control flow.
WARNING: <temporary-android-cache>/gradle/caches/modules-2/files-2.1/com.amazon.device/amazon-appstore-sdk/3.0.5/cb046867a6d127f404780c49287e63177e960304/amazon-appstore-sdk-3.0.5.jar: D8: Expected stack map table for method with non-linear control flow.
WARNING: <temporary-android-cache>/gradle/caches/modules-2/files-2.1/com.amazon.device/amazon-appstore-sdk/3.0.5/cb046867a6d127f404780c49287e63177e960304/amazon-appstore-sdk-3.0.5.jar: D8: Expected stack map table for method with non-linear control flow.
WARNING: <temporary-android-cache>/gradle/caches/modules-2/files-2.1/com.amazon.device/amazon-appstore-sdk/3.0.5/cb046867a6d127f404780c49287e63177e960304/amazon-appstore-sdk-3.0.5.jar: D8: Expected stack map table for method with non-linear control flow.
WARNING: <temporary-android-cache>/gradle/caches/modules-2/files-2.1/com.amazon.device/amazon-appstore-sdk/3.0.5/cb046867a6d127f404780c49287e63177e960304/amazon-appstore-sdk-3.0.5.jar: D8: Expected stack map table for method with non-linear control flow.
WARNING: <temporary-android-cache>/gradle/caches/modules-2/files-2.1/com.amazon.device/amazon-appstore-sdk/3.0.5/cb046867a6d127f404780c49287e63177e960304/amazon-appstore-sdk-3.0.5.jar: D8: Expected stack map table for method with non-linear control flow.
WARNING: <temporary-android-cache>/gradle/caches/modules-2/files-2.1/com.amazon.device/amazon-appstore-sdk/3.0.5/cb046867a6d127f404780c49287e63177e960304/amazon-appstore-sdk-3.0.5.jar: D8: Expected stack map table for method with non-linear control flow.
WARNING: <temporary-android-cache>/gradle/caches/modules-2/files-2.1/com.amazon.device/amazon-appstore-sdk/3.0.5/cb046867a6d127f404780c49287e63177e960304/amazon-appstore-sdk-3.0.5.jar: D8: Expected stack map table for method with non-linear control flow.
WARNING: <temporary-android-cache>/gradle/caches/modules-2/files-2.1/com.amazon.device/amazon-appstore-sdk/3.0.5/cb046867a6d127f404780c49287e63177e960304/amazon-appstore-sdk-3.0.5.jar: D8: Expected stack map table for method with non-linear control flow.
WARNING: <temporary-android-cache>/gradle/caches/modules-2/files-2.1/com.amazon.device/amazon-appstore-sdk/3.0.5/cb046867a6d127f404780c49287e63177e960304/amazon-appstore-sdk-3.0.5.jar: D8: Expected stack map table for method with non-linear control flow.
WARNING: <temporary-android-cache>/gradle/caches/modules-2/files-2.1/com.amazon.device/amazon-appstore-sdk/3.0.5/cb046867a6d127f404780c49287e63177e960304/amazon-appstore-sdk-3.0.5.jar: D8: Expected stack map table for method with non-linear control flow.
WARNING: <temporary-android-cache>/gradle/caches/modules-2/files-2.1/com.amazon.device/amazon-appstore-sdk/3.0.5/cb046867a6d127f404780c49287e63177e960304/amazon-appstore-sdk-3.0.5.jar: D8: Expected stack map table for method with non-linear control flow.
WARNING: <temporary-android-cache>/gradle/caches/modules-2/files-2.1/com.amazon.device/amazon-appstore-sdk/3.0.5/cb046867a6d127f404780c49287e63177e960304/amazon-appstore-sdk-3.0.5.jar: D8: Expected stack map table for method with non-linear control flow.
WARNING: <temporary-android-cache>/gradle/caches/modules-2/files-2.1/com.amazon.device/amazon-appstore-sdk/3.0.5/cb046867a6d127f404780c49287e63177e960304/amazon-appstore-sdk-3.0.5.jar: D8: Expected stack map table for method with non-linear control flow.
WARNING: <temporary-android-cache>/gradle/caches/modules-2/files-2.1/com.amazon.device/amazon-appstore-sdk/3.0.5/cb046867a6d127f404780c49287e63177e960304/amazon-appstore-sdk-3.0.5.jar: D8: Expected stack map table for method with non-linear control flow.
WARNING: <temporary-android-cache>/gradle/caches/modules-2/files-2.1/com.amazon.device/amazon-appstore-sdk/3.0.5/cb046867a6d127f404780c49287e63177e960304/amazon-appstore-sdk-3.0.5.jar: D8: Expected stack map table for method with non-linear control flow.
WARNING: <temporary-android-cache>/gradle/caches/modules-2/files-2.1/com.amazon.device/amazon-appstore-sdk/3.0.5/cb046867a6d127f404780c49287e63177e960304/amazon-appstore-sdk-3.0.5.jar: D8: Expected stack map table for method with non-linear control flow.
WARNING: <temporary-android-cache>/gradle/caches/modules-2/files-2.1/com.amazon.device/amazon-appstore-sdk/3.0.5/cb046867a6d127f404780c49287e63177e960304/amazon-appstore-sdk-3.0.5.jar: D8: Expected stack map table for method with non-linear control flow.
WARNING: <temporary-android-cache>/gradle/caches/modules-2/files-2.1/com.amazon.device/amazon-appstore-sdk/3.0.5/cb046867a6d127f404780c49287e63177e960304/amazon-appstore-sdk-3.0.5.jar: D8: Expected stack map table for method with non-linear control flow.
WARNING: <temporary-android-cache>/gradle/caches/modules-2/files-2.1/com.amazon.device/amazon-appstore-sdk/3.0.5/cb046867a6d127f404780c49287e63177e960304/amazon-appstore-sdk-3.0.5.jar: D8: Expected stack map table for method with non-linear control flow.
WARNING: <temporary-android-cache>/gradle/caches/modules-2/files-2.1/com.amazon.device/amazon-appstore-sdk/3.0.5/cb046867a6d127f404780c49287e63177e960304/amazon-appstore-sdk-3.0.5.jar: D8: Expected stack map table for method with non-linear control flow.
WARNING: <temporary-android-cache>/gradle/caches/modules-2/files-2.1/com.amazon.device/amazon-appstore-sdk/3.0.5/cb046867a6d127f404780c49287e63177e960304/amazon-appstore-sdk-3.0.5.jar: D8: Expected stack map table for method with non-linear control flow.
WARNING: <temporary-android-cache>/gradle/caches/modules-2/files-2.1/com.amazon.device/amazon-appstore-sdk/3.0.5/cb046867a6d127f404780c49287e63177e960304/amazon-appstore-sdk-3.0.5.jar: D8: Expected stack map table for method with non-linear control flow.
WARNING: <temporary-android-cache>/gradle/caches/modules-2/files-2.1/com.amazon.device/amazon-appstore-sdk/3.0.5/cb046867a6d127f404780c49287e63177e960304/amazon-appstore-sdk-3.0.5.jar: D8: Expected stack map table for method with non-linear control flow.
WARNING: <temporary-android-cache>/gradle/caches/modules-2/files-2.1/com.amazon.device/amazon-appstore-sdk/3.0.5/cb046867a6d127f404780c49287e63177e960304/amazon-appstore-sdk-3.0.5.jar: D8: Expected stack map table for method with non-linear control flow.
WARNING: <temporary-android-cache>/gradle/caches/modules-2/files-2.1/com.amazon.device/amazon-appstore-sdk/3.0.5/cb046867a6d127f404780c49287e63177e960304/amazon-appstore-sdk-3.0.5.jar: D8: Expected stack map table for method with non-linear control flow.
WARNING: <temporary-android-cache>/gradle/caches/modules-2/files-2.1/com.amazon.device/amazon-appstore-sdk/3.0.5/cb046867a6d127f404780c49287e63177e960304/amazon-appstore-sdk-3.0.5.jar: D8: Expected stack map table for method with non-linear control flow.
WARNING: <temporary-android-cache>/gradle/caches/modules-2/files-2.1/com.amazon.device/amazon-appstore-sdk/3.0.5/cb046867a6d127f404780c49287e63177e960304/amazon-appstore-sdk-3.0.5.jar: D8: Expected stack map table for method with non-linear control flow.
WARNING: <temporary-android-cache>/gradle/caches/modules-2/files-2.1/com.amazon.device/amazon-appstore-sdk/3.0.5/cb046867a6d127f404780c49287e63177e960304/amazon-appstore-sdk-3.0.5.jar: D8: Expected stack map table for method with non-linear control flow.
WARNING: <temporary-android-cache>/gradle/caches/modules-2/files-2.1/com.amazon.device/amazon-appstore-sdk/3.0.5/cb046867a6d127f404780c49287e63177e960304/amazon-appstore-sdk-3.0.5.jar: D8: Expected stack map table for method with non-linear control flow.
WARNING: <temporary-android-cache>/gradle/caches/modules-2/files-2.1/com.amazon.device/amazon-appstore-sdk/3.0.5/cb046867a6d127f404780c49287e63177e960304/amazon-appstore-sdk-3.0.5.jar: D8: Expected stack map table for method with non-linear control flow.
WARNING: <temporary-android-cache>/gradle/caches/modules-2/files-2.1/com.amazon.device/amazon-appstore-sdk/3.0.5/cb046867a6d127f404780c49287e63177e960304/amazon-appstore-sdk-3.0.5.jar: D8: Expected stack map table for method with non-linear control flow.
WARNING: <temporary-android-cache>/gradle/caches/modules-2/files-2.1/com.amazon.device/amazon-appstore-sdk/3.0.5/cb046867a6d127f404780c49287e63177e960304/amazon-appstore-sdk-3.0.5.jar: D8: Expected stack map table for method with non-linear control flow.
WARNING: <temporary-android-cache>/gradle/caches/modules-2/files-2.1/com.amazon.device/amazon-appstore-sdk/3.0.5/cb046867a6d127f404780c49287e63177e960304/amazon-appstore-sdk-3.0.5.jar: D8: Expected stack map table for method with non-linear control flow.
WARNING: <temporary-android-cache>/gradle/caches/modules-2/files-2.1/com.amazon.device/amazon-appstore-sdk/3.0.5/cb046867a6d127f404780c49287e63177e960304/amazon-appstore-sdk-3.0.5.jar: D8: Expected stack map table for method with non-linear control flow.
WARNING: <temporary-android-cache>/gradle/caches/modules-2/files-2.1/com.amazon.device/amazon-appstore-sdk/3.0.5/cb046867a6d127f404780c49287e63177e960304/amazon-appstore-sdk-3.0.5.jar: D8: Expected stack map table for method with non-linear control flow.
WARNING: <temporary-android-cache>/gradle/caches/modules-2/files-2.1/com.amazon.device/amazon-appstore-sdk/3.0.5/cb046867a6d127f404780c49287e63177e960304/amazon-appstore-sdk-3.0.5.jar: D8: Expected stack map table for method with non-linear control flow.
WARNING: <temporary-android-cache>/gradle/caches/modules-2/files-2.1/com.amazon.device/amazon-appstore-sdk/3.0.5/cb046867a6d127f404780c49287e63177e960304/amazon-appstore-sdk-3.0.5.jar: D8: Expected stack map table for method with non-linear control flow.
WARNING: <temporary-android-cache>/gradle/caches/modules-2/files-2.1/com.amazon.device/amazon-appstore-sdk/3.0.5/cb046867a6d127f404780c49287e63177e960304/amazon-appstore-sdk-3.0.5.jar: D8: Expected stack map table for method with non-linear control flow.
WARNING: <temporary-android-cache>/gradle/caches/modules-2/files-2.1/com.amazon.device/amazon-appstore-sdk/3.0.5/cb046867a6d127f404780c49287e63177e960304/amazon-appstore-sdk-3.0.5.jar: D8: Expected stack map table for method with non-linear control flow.
WARNING: <temporary-android-cache>/gradle/caches/modules-2/files-2.1/com.amazon.device/amazon-appstore-sdk/3.0.5/cb046867a6d127f404780c49287e63177e960304/amazon-appstore-sdk-3.0.5.jar: D8: Expected stack map table for method with non-linear control flow.
WARNING: <temporary-android-cache>/gradle/caches/modules-2/files-2.1/com.amazon.device/amazon-appstore-sdk/3.0.5/cb046867a6d127f404780c49287e63177e960304/amazon-appstore-sdk-3.0.5.jar: D8: Expected stack map table for method with non-linear control flow.
WARNING: <temporary-android-cache>/gradle/caches/modules-2/files-2.1/com.amazon.device/amazon-appstore-sdk/3.0.5/cb046867a6d127f404780c49287e63177e960304/amazon-appstore-sdk-3.0.5.jar: D8: Expected stack map table for method with non-linear control flow.
WARNING: <temporary-android-cache>/gradle/caches/modules-2/files-2.1/com.amazon.device/amazon-appstore-sdk/3.0.5/cb046867a6d127f404780c49287e63177e960304/amazon-appstore-sdk-3.0.5.jar: D8: Expected stack map table for method with non-linear control flow.
WARNING: <temporary-android-cache>/gradle/caches/modules-2/files-2.1/com.amazon.device/amazon-appstore-sdk/3.0.5/cb046867a6d127f404780c49287e63177e960304/amazon-appstore-sdk-3.0.5.jar: D8: Expected stack map table for method with non-linear control flow.
WARNING: <temporary-android-cache>/gradle/caches/modules-2/files-2.1/com.amazon.device/amazon-appstore-sdk/3.0.5/cb046867a6d127f404780c49287e63177e960304/amazon-appstore-sdk-3.0.5.jar: D8: Expected stack map table for method with non-linear control flow.
WARNING: <temporary-android-cache>/gradle/caches/modules-2/files-2.1/com.amazon.device/amazon-appstore-sdk/3.0.5/cb046867a6d127f404780c49287e63177e960304/amazon-appstore-sdk-3.0.5.jar: D8: Expected stack map table for method with non-linear control flow.
WARNING: <temporary-android-cache>/gradle/caches/modules-2/files-2.1/com.amazon.device/amazon-appstore-sdk/3.0.5/cb046867a6d127f404780c49287e63177e960304/amazon-appstore-sdk-3.0.5.jar: D8: Expected stack map table for method with non-linear control flow.
WARNING: <temporary-android-cache>/gradle/caches/modules-2/files-2.1/com.amazon.device/amazon-appstore-sdk/3.0.5/cb046867a6d127f404780c49287e63177e960304/amazon-appstore-sdk-3.0.5.jar: D8: Expected stack map table for method with non-linear control flow.
WARNING: <temporary-android-cache>/gradle/caches/modules-2/files-2.1/com.amazon.device/amazon-appstore-sdk/3.0.5/cb046867a6d127f404780c49287e63177e960304/amazon-appstore-sdk-3.0.5.jar: D8: Expected stack map table for method with non-linear control flow.
WARNING: <temporary-android-cache>/gradle/caches/modules-2/files-2.1/com.amazon.device/amazon-appstore-sdk/3.0.5/cb046867a6d127f404780c49287e63177e960304/amazon-appstore-sdk-3.0.5.jar: D8: Expected stack map table for method with non-linear control flow.
WARNING: <temporary-android-cache>/gradle/caches/modules-2/files-2.1/com.amazon.device/amazon-appstore-sdk/3.0.5/cb046867a6d127f404780c49287e63177e960304/amazon-appstore-sdk-3.0.5.jar: D8: Expected stack map table for method with non-linear control flow.
WARNING: <temporary-android-cache>/gradle/caches/modules-2/files-2.1/com.amazon.device/amazon-appstore-sdk/3.0.5/cb046867a6d127f404780c49287e63177e960304/amazon-appstore-sdk-3.0.5.jar: D8: Expected stack map table for method with non-linear control flow.
WARNING: <temporary-android-cache>/gradle/caches/modules-2/files-2.1/com.amazon.device/amazon-appstore-sdk/3.0.5/cb046867a6d127f404780c49287e63177e960304/amazon-appstore-sdk-3.0.5.jar: D8: Expected stack map table for method with non-linear control flow.
WARNING: <temporary-android-cache>/gradle/caches/modules-2/files-2.1/com.amazon.device/amazon-appstore-sdk/3.0.5/cb046867a6d127f404780c49287e63177e960304/amazon-appstore-sdk-3.0.5.jar: D8: Expected stack map table for method with non-linear control flow.
WARNING: <temporary-android-cache>/gradle/caches/modules-2/files-2.1/com.amazon.device/amazon-appstore-sdk/3.0.5/cb046867a6d127f404780c49287e63177e960304/amazon-appstore-sdk-3.0.5.jar: D8: Expected stack map table for method with non-linear control flow.
WARNING: <temporary-android-cache>/gradle/caches/modules-2/files-2.1/com.amazon.device/amazon-appstore-sdk/3.0.5/cb046867a6d127f404780c49287e63177e960304/amazon-appstore-sdk-3.0.5.jar: D8: Expected stack map table for method with non-linear control flow.
WARNING: <temporary-android-cache>/gradle/caches/modules-2/files-2.1/com.amazon.device/amazon-appstore-sdk/3.0.5/cb046867a6d127f404780c49287e63177e960304/amazon-appstore-sdk-3.0.5.jar: D8: Expected stack map table for method with non-linear control flow.
WARNING: <temporary-android-cache>/gradle/caches/modules-2/files-2.1/com.amazon.device/amazon-appstore-sdk/3.0.5/cb046867a6d127f404780c49287e63177e960304/amazon-appstore-sdk-3.0.5.jar: D8: Expected stack map table for method with non-linear control flow.
WARNING: <temporary-android-cache>/gradle/caches/modules-2/files-2.1/com.amazon.device/amazon-appstore-sdk/3.0.5/cb046867a6d127f404780c49287e63177e960304/amazon-appstore-sdk-3.0.5.jar: D8: Expected stack map table for method with non-linear control flow.
WARNING: <temporary-android-cache>/gradle/caches/modules-2/files-2.1/com.amazon.device/amazon-appstore-sdk/3.0.5/cb046867a6d127f404780c49287e63177e960304/amazon-appstore-sdk-3.0.5.jar: D8: Expected stack map table for method with non-linear control flow.
WARNING: <temporary-android-cache>/gradle/caches/modules-2/files-2.1/com.amazon.device/amazon-appstore-sdk/3.0.5/cb046867a6d127f404780c49287e63177e960304/amazon-appstore-sdk-3.0.5.jar: D8: Expected stack map table for method with non-linear control flow.
WARNING: <temporary-android-cache>/gradle/caches/modules-2/files-2.1/com.amazon.device/amazon-appstore-sdk/3.0.5/cb046867a6d127f404780c49287e63177e960304/amazon-appstore-sdk-3.0.5.jar: D8: Expected stack map table for method with non-linear control flow.
WARNING: <temporary-android-cache>/gradle/caches/modules-2/files-2.1/com.amazon.device/amazon-appstore-sdk/3.0.5/cb046867a6d127f404780c49287e63177e960304/amazon-appstore-sdk-3.0.5.jar: D8: Expected stack map table for method with non-linear control flow.
WARNING: <temporary-android-cache>/gradle/caches/modules-2/files-2.1/com.amazon.device/amazon-appstore-sdk/3.0.5/cb046867a6d127f404780c49287e63177e960304/amazon-appstore-sdk-3.0.5.jar: D8: Expected stack map table for method with non-linear control flow.
WARNING: <temporary-android-cache>/gradle/caches/modules-2/files-2.1/com.amazon.device/amazon-appstore-sdk/3.0.5/cb046867a6d127f404780c49287e63177e960304/amazon-appstore-sdk-3.0.5.jar: D8: Expected stack map table for method with non-linear control flow.
WARNING: <temporary-android-cache>/gradle/caches/modules-2/files-2.1/com.amazon.device/amazon-appstore-sdk/3.0.5/cb046867a6d127f404780c49287e63177e960304/amazon-appstore-sdk-3.0.5.jar: D8: Expected stack map table for method with non-linear control flow.
WARNING: <temporary-android-cache>/gradle/caches/modules-2/files-2.1/com.amazon.device/amazon-appstore-sdk/3.0.5/cb046867a6d127f404780c49287e63177e960304/amazon-appstore-sdk-3.0.5.jar: D8: Expected stack map table for method with non-linear control flow.
WARNING: <temporary-android-cache>/gradle/caches/modules-2/files-2.1/com.amazon.device/amazon-appstore-sdk/3.0.5/cb046867a6d127f404780c49287e63177e960304/amazon-appstore-sdk-3.0.5.jar: D8: Expected stack map table for method with non-linear control flow.
WARNING: <temporary-android-cache>/gradle/caches/modules-2/files-2.1/com.amazon.device/amazon-appstore-sdk/3.0.5/cb046867a6d127f404780c49287e63177e960304/amazon-appstore-sdk-3.0.5.jar: D8: Expected stack map table for method with non-linear control flow.
WARNING: <temporary-android-cache>/gradle/caches/modules-2/files-2.1/com.amazon.device/amazon-appstore-sdk/3.0.5/cb046867a6d127f404780c49287e63177e960304/amazon-appstore-sdk-3.0.5.jar: D8: Expected stack map table for method with non-linear control flow.
WARNING: <temporary-android-cache>/gradle/caches/modules-2/files-2.1/com.amazon.device/amazon-appstore-sdk/3.0.5/cb046867a6d127f404780c49287e63177e960304/amazon-appstore-sdk-3.0.5.jar: D8: Expected stack map table for method with non-linear control flow.
WARNING: <temporary-android-cache>/gradle/caches/modules-2/files-2.1/com.amazon.device/amazon-appstore-sdk/3.0.5/cb046867a6d127f404780c49287e63177e960304/amazon-appstore-sdk-3.0.5.jar: D8: Expected stack map table for method with non-linear control flow.
WARNING: <temporary-android-cache>/gradle/caches/modules-2/files-2.1/com.amazon.device/amazon-appstore-sdk/3.0.5/cb046867a6d127f404780c49287e63177e960304/amazon-appstore-sdk-3.0.5.jar: D8: Expected stack map table for method with non-linear control flow.
WARNING: <temporary-android-cache>/gradle/caches/modules-2/files-2.1/com.amazon.device/amazon-appstore-sdk/3.0.5/cb046867a6d127f404780c49287e63177e960304/amazon-appstore-sdk-3.0.5.jar: D8: Expected stack map table for method with non-linear control flow.
WARNING: <temporary-android-cache>/gradle/caches/modules-2/files-2.1/com.amazon.device/amazon-appstore-sdk/3.0.5/cb046867a6d127f404780c49287e63177e960304/amazon-appstore-sdk-3.0.5.jar: D8: Expected stack map table for method with non-linear control flow.
WARNING: <temporary-android-cache>/gradle/caches/modules-2/files-2.1/com.amazon.device/amazon-appstore-sdk/3.0.5/cb046867a6d127f404780c49287e63177e960304/amazon-appstore-sdk-3.0.5.jar: D8: Expected stack map table for method with non-linear control flow.
WARNING: <temporary-android-cache>/gradle/caches/modules-2/files-2.1/com.amazon.device/amazon-appstore-sdk/3.0.5/cb046867a6d127f404780c49287e63177e960304/amazon-appstore-sdk-3.0.5.jar: D8: Expected stack map table for method with non-linear control flow.
WARNING: <temporary-android-cache>/gradle/caches/modules-2/files-2.1/com.amazon.device/amazon-appstore-sdk/3.0.5/cb046867a6d127f404780c49287e63177e960304/amazon-appstore-sdk-3.0.5.jar: D8: Expected stack map table for method with non-linear control flow.
WARNING: <temporary-android-cache>/gradle/caches/modules-2/files-2.1/com.amazon.device/amazon-appstore-sdk/3.0.5/cb046867a6d127f404780c49287e63177e960304/amazon-appstore-sdk-3.0.5.jar: D8: Expected stack map table for method with non-linear control flow.
WARNING: <temporary-android-cache>/gradle/caches/modules-2/files-2.1/com.amazon.device/amazon-appstore-sdk/3.0.5/cb046867a6d127f404780c49287e63177e960304/amazon-appstore-sdk-3.0.5.jar: D8: Expected stack map table for method with non-linear control flow.
WARNING: <temporary-android-cache>/gradle/caches/modules-2/files-2.1/com.amazon.device/amazon-appstore-sdk/3.0.5/cb046867a6d127f404780c49287e63177e960304/amazon-appstore-sdk-3.0.5.jar: D8: Expected stack map table for method with non-linear control flow.
WARNING: <temporary-android-cache>/gradle/caches/modules-2/files-2.1/com.amazon.device/amazon-appstore-sdk/3.0.5/cb046867a6d127f404780c49287e63177e960304/amazon-appstore-sdk-3.0.5.jar: D8: Expected stack map table for method with non-linear control flow.
WARNING: <temporary-android-cache>/gradle/caches/modules-2/files-2.1/com.amazon.device/amazon-appstore-sdk/3.0.5/cb046867a6d127f404780c49287e63177e960304/amazon-appstore-sdk-3.0.5.jar: D8: Expected stack map table for method with non-linear control flow.
WARNING: <temporary-android-cache>/gradle/caches/modules-2/files-2.1/com.amazon.device/amazon-appstore-sdk/3.0.5/cb046867a6d127f404780c49287e63177e960304/amazon-appstore-sdk-3.0.5.jar: D8: Expected stack map table for method with non-linear control flow.
WARNING: <temporary-android-cache>/gradle/caches/modules-2/files-2.1/com.amazon.device/amazon-appstore-sdk/3.0.5/cb046867a6d127f404780c49287e63177e960304/amazon-appstore-sdk-3.0.5.jar: D8: Expected stack map table for method with non-linear control flow.
WARNING: <temporary-android-cache>/gradle/caches/modules-2/files-2.1/com.amazon.device/amazon-appstore-sdk/3.0.5/cb046867a6d127f404780c49287e63177e960304/amazon-appstore-sdk-3.0.5.jar: D8: Expected stack map table for method with non-linear control flow.
WARNING: <temporary-android-cache>/gradle/caches/modules-2/files-2.1/com.amazon.device/amazon-appstore-sdk/3.0.5/cb046867a6d127f404780c49287e63177e960304/amazon-appstore-sdk-3.0.5.jar: D8: Expected stack map table for method with non-linear control flow.
WARNING: <temporary-android-cache>/gradle/caches/modules-2/files-2.1/com.amazon.device/amazon-appstore-sdk/3.0.5/cb046867a6d127f404780c49287e63177e960304/amazon-appstore-sdk-3.0.5.jar: D8: Expected stack map table for method with non-linear control flow.
WARNING: <temporary-android-cache>/gradle/caches/modules-2/files-2.1/com.amazon.device/amazon-appstore-sdk/3.0.5/cb046867a6d127f404780c49287e63177e960304/amazon-appstore-sdk-3.0.5.jar: D8: Expected stack map table for method with non-linear control flow.
WARNING: <temporary-android-cache>/gradle/caches/modules-2/files-2.1/com.amazon.device/amazon-appstore-sdk/3.0.5/cb046867a6d127f404780c49287e63177e960304/amazon-appstore-sdk-3.0.5.jar: D8: Expected stack map table for method with non-linear control flow.
WARNING: <temporary-android-cache>/gradle/caches/modules-2/files-2.1/com.amazon.device/amazon-appstore-sdk/3.0.5/cb046867a6d127f404780c49287e63177e960304/amazon-appstore-sdk-3.0.5.jar: D8: Expected stack map table for method with non-linear control flow.
WARNING: <temporary-android-cache>/gradle/caches/modules-2/files-2.1/com.amazon.device/amazon-appstore-sdk/3.0.5/cb046867a6d127f404780c49287e63177e960304/amazon-appstore-sdk-3.0.5.jar: D8: Expected stack map table for method with non-linear control flow.
WARNING: <temporary-android-cache>/gradle/caches/modules-2/files-2.1/com.amazon.device/amazon-appstore-sdk/3.0.5/cb046867a6d127f404780c49287e63177e960304/amazon-appstore-sdk-3.0.5.jar: D8: Expected stack map table for method with non-linear control flow.
WARNING: <temporary-android-cache>/gradle/caches/modules-2/files-2.1/com.amazon.device/amazon-appstore-sdk/3.0.5/cb046867a6d127f404780c49287e63177e960304/amazon-appstore-sdk-3.0.5.jar: D8: Expected stack map table for method with non-linear control flow.
WARNING: <temporary-android-cache>/gradle/caches/modules-2/files-2.1/com.amazon.device/amazon-appstore-sdk/3.0.5/cb046867a6d127f404780c49287e63177e960304/amazon-appstore-sdk-3.0.5.jar: D8: Expected stack map table for method with non-linear control flow.
WARNING: <temporary-android-cache>/gradle/caches/modules-2/files-2.1/com.amazon.device/amazon-appstore-sdk/3.0.5/cb046867a6d127f404780c49287e63177e960304/amazon-appstore-sdk-3.0.5.jar: D8: Expected stack map table for method with non-linear control flow.
WARNING: <temporary-android-cache>/gradle/caches/modules-2/files-2.1/com.amazon.device/amazon-appstore-sdk/3.0.5/cb046867a6d127f404780c49287e63177e960304/amazon-appstore-sdk-3.0.5.jar: D8: Expected stack map table for method with non-linear control flow.
WARNING: <temporary-android-cache>/gradle/caches/modules-2/files-2.1/com.amazon.device/amazon-appstore-sdk/3.0.5/cb046867a6d127f404780c49287e63177e960304/amazon-appstore-sdk-3.0.5.jar: D8: Expected stack map table for method with non-linear control flow.
WARNING: <temporary-android-cache>/gradle/caches/modules-2/files-2.1/com.amazon.device/amazon-appstore-sdk/3.0.5/cb046867a6d127f404780c49287e63177e960304/amazon-appstore-sdk-3.0.5.jar: D8: Expected stack map table for method with non-linear control flow.
WARNING: <temporary-android-cache>/gradle/caches/modules-2/files-2.1/com.amazon.device/amazon-appstore-sdk/3.0.5/cb046867a6d127f404780c49287e63177e960304/amazon-appstore-sdk-3.0.5.jar: D8: Expected stack map table for method with non-linear control flow.
WARNING: <temporary-android-cache>/gradle/caches/modules-2/files-2.1/com.amazon.device/amazon-appstore-sdk/3.0.5/cb046867a6d127f404780c49287e63177e960304/amazon-appstore-sdk-3.0.5.jar: D8: Expected stack map table for method with non-linear control flow.
WARNING: <temporary-android-cache>/gradle/caches/modules-2/files-2.1/com.amazon.device/amazon-appstore-sdk/3.0.5/cb046867a6d127f404780c49287e63177e960304/amazon-appstore-sdk-3.0.5.jar: D8: Expected stack map table for method with non-linear control flow.
WARNING: <temporary-android-cache>/gradle/caches/modules-2/files-2.1/com.amazon.device/amazon-appstore-sdk/3.0.5/cb046867a6d127f404780c49287e63177e960304/amazon-appstore-sdk-3.0.5.jar: D8: Expected stack map table for method with non-linear control flow.
WARNING: <temporary-android-cache>/gradle/caches/modules-2/files-2.1/com.amazon.device/amazon-appstore-sdk/3.0.5/cb046867a6d127f404780c49287e63177e960304/amazon-appstore-sdk-3.0.5.jar: D8: Expected stack map table for method with non-linear control flow.
WARNING: <temporary-android-cache>/gradle/caches/modules-2/files-2.1/com.amazon.device/amazon-appstore-sdk/3.0.5/cb046867a6d127f404780c49287e63177e960304/amazon-appstore-sdk-3.0.5.jar: D8: Expected stack map table for method with non-linear control flow.
WARNING: <temporary-android-cache>/gradle/caches/modules-2/files-2.1/com.amazon.device/amazon-appstore-sdk/3.0.5/cb046867a6d127f404780c49287e63177e960304/amazon-appstore-sdk-3.0.5.jar: D8: Expected stack map table for method with non-linear control flow.
WARNING: <temporary-android-cache>/gradle/caches/modules-2/files-2.1/com.amazon.device/amazon-appstore-sdk/3.0.5/cb046867a6d127f404780c49287e63177e960304/amazon-appstore-sdk-3.0.5.jar: D8: Expected stack map table for method with non-linear control flow.
WARNING: <temporary-android-cache>/gradle/caches/modules-2/files-2.1/com.amazon.device/amazon-appstore-sdk/3.0.5/cb046867a6d127f404780c49287e63177e960304/amazon-appstore-sdk-3.0.5.jar: D8: Expected stack map table for method with non-linear control flow.
WARNING: <temporary-android-cache>/gradle/caches/modules-2/files-2.1/com.amazon.device/amazon-appstore-sdk/3.0.5/cb046867a6d127f404780c49287e63177e960304/amazon-appstore-sdk-3.0.5.jar: D8: Expected stack map table for method with non-linear control flow.
WARNING: <temporary-android-cache>/gradle/caches/modules-2/files-2.1/com.amazon.device/amazon-appstore-sdk/3.0.5/cb046867a6d127f404780c49287e63177e960304/amazon-appstore-sdk-3.0.5.jar: D8: Expected stack map table for method with non-linear control flow.
WARNING: <temporary-android-cache>/gradle/caches/modules-2/files-2.1/com.amazon.device/amazon-appstore-sdk/3.0.5/cb046867a6d127f404780c49287e63177e960304/amazon-appstore-sdk-3.0.5.jar: D8: Expected stack map table for method with non-linear control flow.
WARNING: <temporary-android-cache>/gradle/caches/modules-2/files-2.1/com.amazon.device/amazon-appstore-sdk/3.0.5/cb046867a6d127f404780c49287e63177e960304/amazon-appstore-sdk-3.0.5.jar: D8: Expected stack map table for method with non-linear control flow.
WARNING: <temporary-android-cache>/gradle/caches/modules-2/files-2.1/com.amazon.device/amazon-appstore-sdk/3.0.5/cb046867a6d127f404780c49287e63177e960304/amazon-appstore-sdk-3.0.5.jar: D8: Expected stack map table for method with non-linear control flow.
WARNING: <temporary-android-cache>/gradle/caches/modules-2/files-2.1/com.amazon.device/amazon-appstore-sdk/3.0.5/cb046867a6d127f404780c49287e63177e960304/amazon-appstore-sdk-3.0.5.jar: D8: Expected stack map table for method with non-linear control flow.
WARNING: <temporary-android-cache>/gradle/caches/modules-2/files-2.1/com.amazon.device/amazon-appstore-sdk/3.0.5/cb046867a6d127f404780c49287e63177e960304/amazon-appstore-sdk-3.0.5.jar: D8: Expected stack map table for method with non-linear control flow.
WARNING: <temporary-android-cache>/gradle/caches/modules-2/files-2.1/com.amazon.device/amazon-appstore-sdk/3.0.5/cb046867a6d127f404780c49287e63177e960304/amazon-appstore-sdk-3.0.5.jar: D8: Expected stack map table for method with non-linear control flow.
WARNING: <temporary-android-cache>/gradle/caches/modules-2/files-2.1/com.amazon.device/amazon-appstore-sdk/3.0.5/cb046867a6d127f404780c49287e63177e960304/amazon-appstore-sdk-3.0.5.jar: D8: Expected stack map table for method with non-linear control flow.
WARNING: <temporary-android-cache>/gradle/caches/modules-2/files-2.1/com.amazon.device/amazon-appstore-sdk/3.0.5/cb046867a6d127f404780c49287e63177e960304/amazon-appstore-sdk-3.0.5.jar: D8: Expected stack map table for method with non-linear control flow.
WARNING: <temporary-android-cache>/gradle/caches/modules-2/files-2.1/com.amazon.device/amazon-appstore-sdk/3.0.5/cb046867a6d127f404780c49287e63177e960304/amazon-appstore-sdk-3.0.5.jar: D8: Expected stack map table for method with non-linear control flow.
WARNING: <temporary-android-cache>/gradle/caches/modules-2/files-2.1/com.amazon.device/amazon-appstore-sdk/3.0.5/cb046867a6d127f404780c49287e63177e960304/amazon-appstore-sdk-3.0.5.jar: D8: Expected stack map table for method with non-linear control flow.
WARNING: <temporary-android-cache>/gradle/caches/modules-2/files-2.1/com.amazon.device/amazon-appstore-sdk/3.0.5/cb046867a6d127f404780c49287e63177e960304/amazon-appstore-sdk-3.0.5.jar: D8: Expected stack map table for method with non-linear control flow.
WARNING: <temporary-android-cache>/gradle/caches/modules-2/files-2.1/com.amazon.device/amazon-appstore-sdk/3.0.5/cb046867a6d127f404780c49287e63177e960304/amazon-appstore-sdk-3.0.5.jar: D8: Expected stack map table for method with non-linear control flow.
WARNING: <temporary-android-cache>/gradle/caches/modules-2/files-2.1/com.amazon.device/amazon-appstore-sdk/3.0.5/cb046867a6d127f404780c49287e63177e960304/amazon-appstore-sdk-3.0.5.jar: D8: Expected stack map table for method with non-linear control flow.
WARNING: <temporary-android-cache>/gradle/caches/modules-2/files-2.1/com.amazon.device/amazon-appstore-sdk/3.0.5/cb046867a6d127f404780c49287e63177e960304/amazon-appstore-sdk-3.0.5.jar: D8: Expected stack map table for method with non-linear control flow.
WARNING: <temporary-android-cache>/gradle/caches/modules-2/files-2.1/com.amazon.device/amazon-appstore-sdk/3.0.5/cb046867a6d127f404780c49287e63177e960304/amazon-appstore-sdk-3.0.5.jar: D8: Expected stack map table for method with non-linear control flow.
WARNING: <temporary-android-cache>/gradle/caches/modules-2/files-2.1/com.amazon.device/amazon-appstore-sdk/3.0.5/cb046867a6d127f404780c49287e63177e960304/amazon-appstore-sdk-3.0.5.jar: D8: Expected stack map table for method with non-linear control flow.
WARNING: <temporary-android-cache>/gradle/caches/modules-2/files-2.1/com.amazon.device/amazon-appstore-sdk/3.0.5/cb046867a6d127f404780c49287e63177e960304/amazon-appstore-sdk-3.0.5.jar: D8: Expected stack map table for method with non-linear control flow.
WARNING: <temporary-android-cache>/gradle/caches/modules-2/files-2.1/com.amazon.device/amazon-appstore-sdk/3.0.5/cb046867a6d127f404780c49287e63177e960304/amazon-appstore-sdk-3.0.5.jar: D8: Expected stack map table for method with non-linear control flow.
WARNING: <temporary-android-cache>/gradle/caches/modules-2/files-2.1/com.amazon.device/amazon-appstore-sdk/3.0.5/cb046867a6d127f404780c49287e63177e960304/amazon-appstore-sdk-3.0.5.jar: D8: Expected stack map table for method with non-linear control flow.
WARNING: <temporary-android-cache>/gradle/caches/modules-2/files-2.1/com.amazon.device/amazon-appstore-sdk/3.0.5/cb046867a6d127f404780c49287e63177e960304/amazon-appstore-sdk-3.0.5.jar: D8: Expected stack map table for method with non-linear control flow.
WARNING: <temporary-android-cache>/gradle/caches/modules-2/files-2.1/com.amazon.device/amazon-appstore-sdk/3.0.5/cb046867a6d127f404780c49287e63177e960304/amazon-appstore-sdk-3.0.5.jar: D8: Expected stack map table for method with non-linear control flow.
WARNING: <temporary-android-cache>/gradle/caches/modules-2/files-2.1/com.amazon.device/amazon-appstore-sdk/3.0.5/cb046867a6d127f404780c49287e63177e960304/amazon-appstore-sdk-3.0.5.jar: D8: Expected stack map table for method with non-linear control flow.
WARNING: <temporary-android-cache>/gradle/caches/modules-2/files-2.1/com.amazon.device/amazon-appstore-sdk/3.0.5/cb046867a6d127f404780c49287e63177e960304/amazon-appstore-sdk-3.0.5.jar: D8: Expected stack map table for method with non-linear control flow.
WARNING: <temporary-android-cache>/gradle/caches/modules-2/files-2.1/com.amazon.device/amazon-appstore-sdk/3.0.5/cb046867a6d127f404780c49287e63177e960304/amazon-appstore-sdk-3.0.5.jar: D8: Expected stack map table for method with non-linear control flow.
WARNING: <temporary-android-cache>/gradle/caches/modules-2/files-2.1/com.amazon.device/amazon-appstore-sdk/3.0.5/cb046867a6d127f404780c49287e63177e960304/amazon-appstore-sdk-3.0.5.jar: D8: Expected stack map table for method with non-linear control flow.
WARNING: <temporary-android-cache>/gradle/caches/modules-2/files-2.1/com.amazon.device/amazon-appstore-sdk/3.0.5/cb046867a6d127f404780c49287e63177e960304/amazon-appstore-sdk-3.0.5.jar: D8: Expected stack map table for method with non-linear control flow.
WARNING: <temporary-android-cache>/gradle/caches/modules-2/files-2.1/com.amazon.device/amazon-appstore-sdk/3.0.5/cb046867a6d127f404780c49287e63177e960304/amazon-appstore-sdk-3.0.5.jar: D8: Expected stack map table for method with non-linear control flow.
WARNING: <temporary-android-cache>/gradle/caches/modules-2/files-2.1/com.amazon.device/amazon-appstore-sdk/3.0.5/cb046867a6d127f404780c49287e63177e960304/amazon-appstore-sdk-3.0.5.jar: D8: Expected stack map table for method with non-linear control flow.
WARNING: <temporary-android-cache>/gradle/caches/modules-2/files-2.1/com.amazon.device/amazon-appstore-sdk/3.0.5/cb046867a6d127f404780c49287e63177e960304/amazon-appstore-sdk-3.0.5.jar: D8: Expected stack map table for method with non-linear control flow.
WARNING: <temporary-android-cache>/gradle/caches/modules-2/files-2.1/com.amazon.device/amazon-appstore-sdk/3.0.5/cb046867a6d127f404780c49287e63177e960304/amazon-appstore-sdk-3.0.5.jar: D8: Expected stack map table for method with non-linear control flow.
WARNING: <temporary-android-cache>/gradle/caches/modules-2/files-2.1/com.amazon.device/amazon-appstore-sdk/3.0.5/cb046867a6d127f404780c49287e63177e960304/amazon-appstore-sdk-3.0.5.jar: D8: Expected stack map table for method with non-linear control flow.
WARNING: <temporary-android-cache>/gradle/caches/modules-2/files-2.1/com.amazon.device/amazon-appstore-sdk/3.0.5/cb046867a6d127f404780c49287e63177e960304/amazon-appstore-sdk-3.0.5.jar: D8: Expected stack map table for method with non-linear control flow.
WARNING: <temporary-android-cache>/gradle/caches/modules-2/files-2.1/com.amazon.device/amazon-appstore-sdk/3.0.5/cb046867a6d127f404780c49287e63177e960304/amazon-appstore-sdk-3.0.5.jar: D8: Expected stack map table for method with non-linear control flow.
WARNING: <temporary-android-cache>/gradle/caches/modules-2/files-2.1/com.amazon.device/amazon-appstore-sdk/3.0.5/cb046867a6d127f404780c49287e63177e960304/amazon-appstore-sdk-3.0.5.jar: D8: Expected stack map table for method with non-linear control flow.
WARNING: <temporary-android-cache>/gradle/caches/modules-2/files-2.1/com.amazon.device/amazon-appstore-sdk/3.0.5/cb046867a6d127f404780c49287e63177e960304/amazon-appstore-sdk-3.0.5.jar: D8: Expected stack map table for method with non-linear control flow.
WARNING: <temporary-android-cache>/gradle/caches/modules-2/files-2.1/com.amazon.device/amazon-appstore-sdk/3.0.5/cb046867a6d127f404780c49287e63177e960304/amazon-appstore-sdk-3.0.5.jar: D8: Expected stack map table for method with non-linear control flow.
WARNING: <temporary-android-cache>/gradle/caches/modules-2/files-2.1/com.amazon.device/amazon-appstore-sdk/3.0.5/cb046867a6d127f404780c49287e63177e960304/amazon-appstore-sdk-3.0.5.jar: D8: Expected stack map table for method with non-linear control flow.
WARNING: <temporary-android-cache>/gradle/caches/modules-2/files-2.1/com.amazon.device/amazon-appstore-sdk/3.0.5/cb046867a6d127f404780c49287e63177e960304/amazon-appstore-sdk-3.0.5.jar: D8: Expected stack map table for method with non-linear control flow.
WARNING: <temporary-android-cache>/gradle/caches/modules-2/files-2.1/com.amazon.device/amazon-appstore-sdk/3.0.5/cb046867a6d127f404780c49287e63177e960304/amazon-appstore-sdk-3.0.5.jar: D8: Expected stack map table for method with non-linear control flow.
WARNING: <temporary-android-cache>/gradle/caches/modules-2/files-2.1/com.amazon.device/amazon-appstore-sdk/3.0.5/cb046867a6d127f404780c49287e63177e960304/amazon-appstore-sdk-3.0.5.jar: D8: Expected stack map table for method with non-linear control flow.
WARNING: <temporary-android-cache>/gradle/caches/modules-2/files-2.1/com.amazon.device/amazon-appstore-sdk/3.0.5/cb046867a6d127f404780c49287e63177e960304/amazon-appstore-sdk-3.0.5.jar: D8: Expected stack map table for method with non-linear control flow.
WARNING: <temporary-android-cache>/gradle/caches/modules-2/files-2.1/com.amazon.device/amazon-appstore-sdk/3.0.5/cb046867a6d127f404780c49287e63177e960304/amazon-appstore-sdk-3.0.5.jar: D8: Expected stack map table for method with non-linear control flow.
WARNING: <temporary-android-cache>/gradle/caches/modules-2/files-2.1/com.amazon.device/amazon-appstore-sdk/3.0.5/cb046867a6d127f404780c49287e63177e960304/amazon-appstore-sdk-3.0.5.jar: D8: Expected stack map table for method with non-linear control flow.
WARNING: <temporary-android-cache>/gradle/caches/modules-2/files-2.1/com.amazon.device/amazon-appstore-sdk/3.0.5/cb046867a6d127f404780c49287e63177e960304/amazon-appstore-sdk-3.0.5.jar: D8: Expected stack map table for method with non-linear control flow.
WARNING: <temporary-android-cache>/gradle/caches/modules-2/files-2.1/com.amazon.device/amazon-appstore-sdk/3.0.5/cb046867a6d127f404780c49287e63177e960304/amazon-appstore-sdk-3.0.5.jar: D8: Expected stack map table for method with non-linear control flow.
WARNING: <temporary-android-cache>/gradle/caches/modules-2/files-2.1/com.amazon.device/amazon-appstore-sdk/3.0.5/cb046867a6d127f404780c49287e63177e960304/amazon-appstore-sdk-3.0.5.jar: D8: Expected stack map table for method with non-linear control flow.
WARNING: <temporary-android-cache>/gradle/caches/modules-2/files-2.1/com.amazon.device/amazon-appstore-sdk/3.0.5/cb046867a6d127f404780c49287e63177e960304/amazon-appstore-sdk-3.0.5.jar: D8: Expected stack map table for method with non-linear control flow.
WARNING: <temporary-android-cache>/gradle/caches/modules-2/files-2.1/com.amazon.device/amazon-appstore-sdk/3.0.5/cb046867a6d127f404780c49287e63177e960304/amazon-appstore-sdk-3.0.5.jar: D8: Expected stack map table for method with non-linear control flow.
WARNING: <temporary-android-cache>/gradle/caches/modules-2/files-2.1/com.amazon.device/amazon-appstore-sdk/3.0.5/cb046867a6d127f404780c49287e63177e960304/amazon-appstore-sdk-3.0.5.jar: D8: Expected stack map table for method with non-linear control flow.
WARNING: <temporary-android-cache>/gradle/caches/modules-2/files-2.1/com.amazon.device/amazon-appstore-sdk/3.0.5/cb046867a6d127f404780c49287e63177e960304/amazon-appstore-sdk-3.0.5.jar: D8: Expected stack map table for method with non-linear control flow.
WARNING: <temporary-android-cache>/gradle/caches/modules-2/files-2.1/com.amazon.device/amazon-appstore-sdk/3.0.5/cb046867a6d127f404780c49287e63177e960304/amazon-appstore-sdk-3.0.5.jar: D8: Expected stack map table for method with non-linear control flow.
WARNING: <temporary-android-cache>/gradle/caches/modules-2/files-2.1/com.amazon.device/amazon-appstore-sdk/3.0.5/cb046867a6d127f404780c49287e63177e960304/amazon-appstore-sdk-3.0.5.jar: D8: Expected stack map table for method with non-linear control flow.
WARNING: <temporary-android-cache>/gradle/caches/modules-2/files-2.1/com.amazon.device/amazon-appstore-sdk/3.0.5/cb046867a6d127f404780c49287e63177e960304/amazon-appstore-sdk-3.0.5.jar: D8: Expected stack map table for method with non-linear control flow.
WARNING: <temporary-android-cache>/gradle/caches/modules-2/files-2.1/com.amazon.device/amazon-appstore-sdk/3.0.5/cb046867a6d127f404780c49287e63177e960304/amazon-appstore-sdk-3.0.5.jar: D8: Expected stack map table for method with non-linear control flow.
WARNING: <temporary-android-cache>/gradle/caches/modules-2/files-2.1/com.amazon.device/amazon-appstore-sdk/3.0.5/cb046867a6d127f404780c49287e63177e960304/amazon-appstore-sdk-3.0.5.jar: D8: Expected stack map table for method with non-linear control flow.
WARNING: <temporary-android-cache>/gradle/caches/modules-2/files-2.1/com.amazon.device/amazon-appstore-sdk/3.0.5/cb046867a6d127f404780c49287e63177e960304/amazon-appstore-sdk-3.0.5.jar: D8: Expected stack map table for method with non-linear control flow.
WARNING: <temporary-android-cache>/gradle/caches/modules-2/files-2.1/com.amazon.device/amazon-appstore-sdk/3.0.5/cb046867a6d127f404780c49287e63177e960304/amazon-appstore-sdk-3.0.5.jar: D8: Expected stack map table for method with non-linear control flow.
WARNING: <temporary-android-cache>/gradle/caches/modules-2/files-2.1/com.amazon.device/amazon-appstore-sdk/3.0.5/cb046867a6d127f404780c49287e63177e960304/amazon-appstore-sdk-3.0.5.jar: D8: Expected stack map table for method with non-linear control flow.
WARNING: <temporary-android-cache>/gradle/caches/modules-2/files-2.1/com.amazon.device/amazon-appstore-sdk/3.0.5/cb046867a6d127f404780c49287e63177e960304/amazon-appstore-sdk-3.0.5.jar: D8: Expected stack map table for method with non-linear control flow.
WARNING: <temporary-android-cache>/gradle/caches/modules-2/files-2.1/com.amazon.device/amazon-appstore-sdk/3.0.5/cb046867a6d127f404780c49287e63177e960304/amazon-appstore-sdk-3.0.5.jar: D8: Expected stack map table for method with non-linear control flow.
WARNING: <temporary-android-cache>/gradle/caches/modules-2/files-2.1/com.amazon.device/amazon-appstore-sdk/3.0.5/cb046867a6d127f404780c49287e63177e960304/amazon-appstore-sdk-3.0.5.jar: D8: Expected stack map table for method with non-linear control flow.
WARNING: <temporary-android-cache>/gradle/caches/modules-2/files-2.1/com.amazon.device/amazon-appstore-sdk/3.0.5/cb046867a6d127f404780c49287e63177e960304/amazon-appstore-sdk-3.0.5.jar: D8: Expected stack map table for method with non-linear control flow.
WARNING: <temporary-android-cache>/gradle/caches/modules-2/files-2.1/com.amazon.device/amazon-appstore-sdk/3.0.5/cb046867a6d127f404780c49287e63177e960304/amazon-appstore-sdk-3.0.5.jar: D8: Expected stack map table for method with non-linear control flow.
WARNING: <temporary-android-cache>/gradle/caches/modules-2/files-2.1/com.amazon.device/amazon-appstore-sdk/3.0.5/cb046867a6d127f404780c49287e63177e960304/amazon-appstore-sdk-3.0.5.jar: D8: Expected stack map table for method with non-linear control flow.
WARNING: <temporary-android-cache>/gradle/caches/modules-2/files-2.1/com.amazon.device/amazon-appstore-sdk/3.0.5/cb046867a6d127f404780c49287e63177e960304/amazon-appstore-sdk-3.0.5.jar: D8: Expected stack map table for method with non-linear control flow.
WARNING: <temporary-android-cache>/gradle/caches/modules-2/files-2.1/com.amazon.device/amazon-appstore-sdk/3.0.5/cb046867a6d127f404780c49287e63177e960304/amazon-appstore-sdk-3.0.5.jar: D8: Expected stack map table for method with non-linear control flow.
WARNING: <temporary-android-cache>/gradle/caches/modules-2/files-2.1/com.amazon.device/amazon-appstore-sdk/3.0.5/cb046867a6d127f404780c49287e63177e960304/amazon-appstore-sdk-3.0.5.jar: D8: Expected stack map table for method with non-linear control flow.
WARNING: <temporary-android-cache>/gradle/caches/modules-2/files-2.1/com.amazon.device/amazon-appstore-sdk/3.0.5/cb046867a6d127f404780c49287e63177e960304/amazon-appstore-sdk-3.0.5.jar: D8: Expected stack map table for method with non-linear control flow.
WARNING: <temporary-android-cache>/gradle/caches/modules-2/files-2.1/com.amazon.device/amazon-appstore-sdk/3.0.5/cb046867a6d127f404780c49287e63177e960304/amazon-appstore-sdk-3.0.5.jar: D8: Expected stack map table for method with non-linear control flow.
WARNING: <temporary-android-cache>/gradle/caches/modules-2/files-2.1/com.amazon.device/amazon-appstore-sdk/3.0.5/cb046867a6d127f404780c49287e63177e960304/amazon-appstore-sdk-3.0.5.jar: D8: Expected stack map table for method with non-linear control flow.
WARNING: <temporary-android-cache>/gradle/caches/modules-2/files-2.1/com.amazon.device/amazon-appstore-sdk/3.0.5/cb046867a6d127f404780c49287e63177e960304/amazon-appstore-sdk-3.0.5.jar: D8: Expected stack map table for method with non-linear control flow.
WARNING: <temporary-android-cache>/gradle/caches/modules-2/files-2.1/com.amazon.device/amazon-appstore-sdk/3.0.5/cb046867a6d127f404780c49287e63177e960304/amazon-appstore-sdk-3.0.5.jar: D8: Expected stack map table for method with non-linear control flow.
WARNING: <temporary-android-cache>/gradle/caches/modules-2/files-2.1/com.amazon.device/amazon-appstore-sdk/3.0.5/cb046867a6d127f404780c49287e63177e960304/amazon-appstore-sdk-3.0.5.jar: D8: Expected stack map table for method with non-linear control flow.
WARNING: <temporary-android-cache>/gradle/caches/modules-2/files-2.1/com.amazon.device/amazon-appstore-sdk/3.0.5/cb046867a6d127f404780c49287e63177e960304/amazon-appstore-sdk-3.0.5.jar: D8: Expected stack map table for method with non-linear control flow.
WARNING: <temporary-android-cache>/gradle/caches/modules-2/files-2.1/com.amazon.device/amazon-appstore-sdk/3.0.5/cb046867a6d127f404780c49287e63177e960304/amazon-appstore-sdk-3.0.5.jar: D8: Expected stack map table for method with non-linear control flow.
WARNING: <temporary-android-cache>/gradle/caches/modules-2/files-2.1/com.amazon.device/amazon-appstore-sdk/3.0.5/cb046867a6d127f404780c49287e63177e960304/amazon-appstore-sdk-3.0.5.jar: D8: Expected stack map table for method with non-linear control flow.
WARNING: <temporary-android-cache>/gradle/caches/modules-2/files-2.1/com.amazon.device/amazon-appstore-sdk/3.0.5/cb046867a6d127f404780c49287e63177e960304/amazon-appstore-sdk-3.0.5.jar: D8: Expected stack map table for method with non-linear control flow.
WARNING: <temporary-android-cache>/gradle/caches/modules-2/files-2.1/com.amazon.device/amazon-appstore-sdk/3.0.5/cb046867a6d127f404780c49287e63177e960304/amazon-appstore-sdk-3.0.5.jar: D8: Expected stack map table for method with non-linear control flow.
WARNING: <temporary-android-cache>/gradle/caches/modules-2/files-2.1/com.amazon.device/amazon-appstore-sdk/3.0.5/cb046867a6d127f404780c49287e63177e960304/amazon-appstore-sdk-3.0.5.jar: D8: Expected stack map table for method with non-linear control flow.
WARNING: <temporary-android-cache>/gradle/caches/modules-2/files-2.1/com.amazon.device/amazon-appstore-sdk/3.0.5/cb046867a6d127f404780c49287e63177e960304/amazon-appstore-sdk-3.0.5.jar: D8: Expected stack map table for method with non-linear control flow.
WARNING: <temporary-android-cache>/gradle/caches/modules-2/files-2.1/com.amazon.device/amazon-appstore-sdk/3.0.5/cb046867a6d127f404780c49287e63177e960304/amazon-appstore-sdk-3.0.5.jar: D8: Expected stack map table for method with non-linear control flow.
WARNING: <temporary-android-cache>/gradle/caches/modules-2/files-2.1/com.amazon.device/amazon-appstore-sdk/3.0.5/cb046867a6d127f404780c49287e63177e960304/amazon-appstore-sdk-3.0.5.jar: D8: Expected stack map table for method with non-linear control flow.
WARNING: <temporary-android-cache>/gradle/caches/modules-2/files-2.1/com.amazon.device/amazon-appstore-sdk/3.0.5/cb046867a6d127f404780c49287e63177e960304/amazon-appstore-sdk-3.0.5.jar: D8: Expected stack map table for method with non-linear control flow.
WARNING: <temporary-android-cache>/gradle/caches/modules-2/files-2.1/com.amazon.device/amazon-appstore-sdk/3.0.5/cb046867a6d127f404780c49287e63177e960304/amazon-appstore-sdk-3.0.5.jar: D8: Expected stack map table for method with non-linear control flow.
WARNING: <temporary-android-cache>/gradle/caches/modules-2/files-2.1/com.amazon.device/amazon-appstore-sdk/3.0.5/cb046867a6d127f404780c49287e63177e960304/amazon-appstore-sdk-3.0.5.jar: D8: Expected stack map table for method with non-linear control flow.
WARNING: <temporary-android-cache>/gradle/caches/modules-2/files-2.1/com.amazon.device/amazon-appstore-sdk/3.0.5/cb046867a6d127f404780c49287e63177e960304/amazon-appstore-sdk-3.0.5.jar: D8: Expected stack map table for method with non-linear control flow.
WARNING: <temporary-android-cache>/gradle/caches/modules-2/files-2.1/com.amazon.device/amazon-appstore-sdk/3.0.5/cb046867a6d127f404780c49287e63177e960304/amazon-appstore-sdk-3.0.5.jar: D8: Expected stack map table for method with non-linear control flow.
WARNING: <temporary-android-cache>/gradle/caches/modules-2/files-2.1/com.amazon.device/amazon-appstore-sdk/3.0.5/cb046867a6d127f404780c49287e63177e960304/amazon-appstore-sdk-3.0.5.jar: D8: Expected stack map table for method with non-linear control flow.
WARNING: <temporary-android-cache>/gradle/caches/modules-2/files-2.1/com.amazon.device/amazon-appstore-sdk/3.0.5/cb046867a6d127f404780c49287e63177e960304/amazon-appstore-sdk-3.0.5.jar: D8: Expected stack map table for method with non-linear control flow.
WARNING: <temporary-android-cache>/gradle/caches/modules-2/files-2.1/com.amazon.device/amazon-appstore-sdk/3.0.5/cb046867a6d127f404780c49287e63177e960304/amazon-appstore-sdk-3.0.5.jar: D8: Expected stack map table for method with non-linear control flow.
WARNING: <temporary-android-cache>/gradle/caches/modules-2/files-2.1/com.amazon.device/amazon-appstore-sdk/3.0.5/cb046867a6d127f404780c49287e63177e960304/amazon-appstore-sdk-3.0.5.jar: D8: Expected stack map table for method with non-linear control flow.
WARNING: <temporary-android-cache>/gradle/caches/modules-2/files-2.1/com.amazon.device/amazon-appstore-sdk/3.0.5/cb046867a6d127f404780c49287e63177e960304/amazon-appstore-sdk-3.0.5.jar: D8: Expected stack map table for method with non-linear control flow.
WARNING: <temporary-android-cache>/gradle/caches/modules-2/files-2.1/com.amazon.device/amazon-appstore-sdk/3.0.5/cb046867a6d127f404780c49287e63177e960304/amazon-appstore-sdk-3.0.5.jar: D8: Expected stack map table for method with non-linear control flow.
WARNING: <temporary-android-cache>/gradle/caches/modules-2/files-2.1/com.amazon.device/amazon-appstore-sdk/3.0.5/cb046867a6d127f404780c49287e63177e960304/amazon-appstore-sdk-3.0.5.jar: D8: Expected stack map table for method with non-linear control flow.
WARNING: <temporary-android-cache>/gradle/caches/modules-2/files-2.1/com.amazon.device/amazon-appstore-sdk/3.0.5/cb046867a6d127f404780c49287e63177e960304/amazon-appstore-sdk-3.0.5.jar: D8: Expected stack map table for method with non-linear control flow.
WARNING: <temporary-android-cache>/gradle/caches/modules-2/files-2.1/com.amazon.device/amazon-appstore-sdk/3.0.5/cb046867a6d127f404780c49287e63177e960304/amazon-appstore-sdk-3.0.5.jar: D8: Expected stack map table for method with non-linear control flow.
WARNING: <temporary-android-cache>/gradle/caches/modules-2/files-2.1/com.amazon.device/amazon-appstore-sdk/3.0.5/cb046867a6d127f404780c49287e63177e960304/amazon-appstore-sdk-3.0.5.jar: D8: Expected stack map table for method with non-linear control flow.
WARNING: <temporary-android-cache>/gradle/caches/modules-2/files-2.1/com.amazon.device/amazon-appstore-sdk/3.0.5/cb046867a6d127f404780c49287e63177e960304/amazon-appstore-sdk-3.0.5.jar: D8: Expected stack map table for method with non-linear control flow.
WARNING: <temporary-android-cache>/gradle/caches/modules-2/files-2.1/com.amazon.device/amazon-appstore-sdk/3.0.5/cb046867a6d127f404780c49287e63177e960304/amazon-appstore-sdk-3.0.5.jar: D8: Expected stack map table for method with non-linear control flow.
WARNING: <temporary-android-cache>/gradle/caches/modules-2/files-2.1/com.amazon.device/amazon-appstore-sdk/3.0.5/cb046867a6d127f404780c49287e63177e960304/amazon-appstore-sdk-3.0.5.jar: D8: Expected stack map table for method with non-linear control flow.
WARNING: <temporary-android-cache>/gradle/caches/modules-2/files-2.1/com.amazon.device/amazon-appstore-sdk/3.0.5/cb046867a6d127f404780c49287e63177e960304/amazon-appstore-sdk-3.0.5.jar: D8: Expected stack map table for method with non-linear control flow.
WARNING: <temporary-android-cache>/gradle/caches/modules-2/files-2.1/com.amazon.device/amazon-appstore-sdk/3.0.5/cb046867a6d127f404780c49287e63177e960304/amazon-appstore-sdk-3.0.5.jar: D8: Expected stack map table for method with non-linear control flow.
WARNING: <temporary-android-cache>/gradle/caches/modules-2/files-2.1/com.amazon.device/amazon-appstore-sdk/3.0.5/cb046867a6d127f404780c49287e63177e960304/amazon-appstore-sdk-3.0.5.jar: D8: Expected stack map table for method with non-linear control flow.
WARNING: <temporary-android-cache>/gradle/caches/modules-2/files-2.1/com.amazon.device/amazon-appstore-sdk/3.0.5/cb046867a6d127f404780c49287e63177e960304/amazon-appstore-sdk-3.0.5.jar: D8: Expected stack map table for method with non-linear control flow.
WARNING: <temporary-android-cache>/gradle/caches/modules-2/files-2.1/com.amazon.device/amazon-appstore-sdk/3.0.5/cb046867a6d127f404780c49287e63177e960304/amazon-appstore-sdk-3.0.5.jar: D8: Expected stack map table for method with non-linear control flow.
WARNING: <temporary-android-cache>/gradle/caches/modules-2/files-2.1/com.amazon.device/amazon-appstore-sdk/3.0.5/cb046867a6d127f404780c49287e63177e960304/amazon-appstore-sdk-3.0.5.jar: D8: Expected stack map table for method with non-linear control flow.
WARNING: <temporary-android-cache>/gradle/caches/modules-2/files-2.1/com.amazon.device/amazon-appstore-sdk/3.0.5/cb046867a6d127f404780c49287e63177e960304/amazon-appstore-sdk-3.0.5.jar: D8: Expected stack map table for method with non-linear control flow.
WARNING: <temporary-android-cache>/gradle/caches/modules-2/files-2.1/com.amazon.device/amazon-appstore-sdk/3.0.5/cb046867a6d127f404780c49287e63177e960304/amazon-appstore-sdk-3.0.5.jar: D8: Expected stack map table for method with non-linear control flow.
WARNING: <temporary-android-cache>/gradle/caches/modules-2/files-2.1/com.amazon.device/amazon-appstore-sdk/3.0.5/cb046867a6d127f404780c49287e63177e960304/amazon-appstore-sdk-3.0.5.jar: D8: Expected stack map table for method with non-linear control flow.
WARNING: <temporary-android-cache>/gradle/caches/modules-2/files-2.1/com.amazon.device/amazon-appstore-sdk/3.0.5/cb046867a6d127f404780c49287e63177e960304/amazon-appstore-sdk-3.0.5.jar: D8: Expected stack map table for method with non-linear control flow.
WARNING: <temporary-android-cache>/gradle/caches/modules-2/files-2.1/com.amazon.device/amazon-appstore-sdk/3.0.5/cb046867a6d127f404780c49287e63177e960304/amazon-appstore-sdk-3.0.5.jar: D8: Expected stack map table for method with non-linear control flow.
WARNING: <temporary-android-cache>/gradle/caches/modules-2/files-2.1/com.amazon.device/amazon-appstore-sdk/3.0.5/cb046867a6d127f404780c49287e63177e960304/amazon-appstore-sdk-3.0.5.jar: D8: Expected stack map table for method with non-linear control flow.
WARNING: <temporary-android-cache>/gradle/caches/modules-2/files-2.1/com.amazon.device/amazon-appstore-sdk/3.0.5/cb046867a6d127f404780c49287e63177e960304/amazon-appstore-sdk-3.0.5.jar: D8: Expected stack map table for method with non-linear control flow.
WARNING: <temporary-android-cache>/gradle/caches/modules-2/files-2.1/com.amazon.device/amazon-appstore-sdk/3.0.5/cb046867a6d127f404780c49287e63177e960304/amazon-appstore-sdk-3.0.5.jar: D8: Expected stack map table for method with non-linear control flow.
WARNING: <temporary-android-cache>/gradle/caches/modules-2/files-2.1/com.amazon.device/amazon-appstore-sdk/3.0.5/cb046867a6d127f404780c49287e63177e960304/amazon-appstore-sdk-3.0.5.jar: D8: Expected stack map table for method with non-linear control flow.
WARNING: <temporary-android-cache>/gradle/caches/modules-2/files-2.1/com.amazon.device/amazon-appstore-sdk/3.0.5/cb046867a6d127f404780c49287e63177e960304/amazon-appstore-sdk-3.0.5.jar: D8: Expected stack map table for method with non-linear control flow.
WARNING: <temporary-android-cache>/gradle/caches/modules-2/files-2.1/com.amazon.device/amazon-appstore-sdk/3.0.5/cb046867a6d127f404780c49287e63177e960304/amazon-appstore-sdk-3.0.5.jar: D8: Expected stack map table for method with non-linear control flow.
WARNING: <temporary-android-cache>/gradle/caches/modules-2/files-2.1/com.amazon.device/amazon-appstore-sdk/3.0.5/cb046867a6d127f404780c49287e63177e960304/amazon-appstore-sdk-3.0.5.jar: D8: Expected stack map table for method with non-linear control flow.
WARNING: <temporary-android-cache>/gradle/caches/modules-2/files-2.1/com.amazon.device/amazon-appstore-sdk/3.0.5/cb046867a6d127f404780c49287e63177e960304/amazon-appstore-sdk-3.0.5.jar: D8: Expected stack map table for method with non-linear control flow.
WARNING: <temporary-android-cache>/gradle/caches/modules-2/files-2.1/com.amazon.device/amazon-appstore-sdk/3.0.5/cb046867a6d127f404780c49287e63177e960304/amazon-appstore-sdk-3.0.5.jar: D8: Expected stack map table for method with non-linear control flow.
WARNING: <temporary-android-cache>/gradle/caches/modules-2/files-2.1/com.amazon.device/amazon-appstore-sdk/3.0.5/cb046867a6d127f404780c49287e63177e960304/amazon-appstore-sdk-3.0.5.jar: D8: Expected stack map table for method with non-linear control flow.
WARNING: <temporary-android-cache>/gradle/caches/modules-2/files-2.1/com.amazon.device/amazon-appstore-sdk/3.0.5/cb046867a6d127f404780c49287e63177e960304/amazon-appstore-sdk-3.0.5.jar: D8: Expected stack map table for method with non-linear control flow.
WARNING: <temporary-android-cache>/gradle/caches/modules-2/files-2.1/com.amazon.device/amazon-appstore-sdk/3.0.5/cb046867a6d127f404780c49287e63177e960304/amazon-appstore-sdk-3.0.5.jar: D8: Expected stack map table for method with non-linear control flow.
WARNING: <temporary-android-cache>/gradle/caches/modules-2/files-2.1/com.amazon.device/amazon-appstore-sdk/3.0.5/cb046867a6d127f404780c49287e63177e960304/amazon-appstore-sdk-3.0.5.jar: D8: Expected stack map table for method with non-linear control flow.
WARNING: <temporary-android-cache>/gradle/caches/modules-2/files-2.1/com.amazon.device/amazon-appstore-sdk/3.0.5/cb046867a6d127f404780c49287e63177e960304/amazon-appstore-sdk-3.0.5.jar: D8: Expected stack map table for method with non-linear control flow.
WARNING: <temporary-android-cache>/gradle/caches/modules-2/files-2.1/com.amazon.device/amazon-appstore-sdk/3.0.5/cb046867a6d127f404780c49287e63177e960304/amazon-appstore-sdk-3.0.5.jar: D8: Expected stack map table for method with non-linear control flow.
WARNING: <temporary-android-cache>/gradle/caches/modules-2/files-2.1/com.amazon.device/amazon-appstore-sdk/3.0.5/cb046867a6d127f404780c49287e63177e960304/amazon-appstore-sdk-3.0.5.jar: D8: Expected stack map table for method with non-linear control flow.
WARNING: <temporary-android-cache>/gradle/caches/modules-2/files-2.1/com.amazon.device/amazon-appstore-sdk/3.0.5/cb046867a6d127f404780c49287e63177e960304/amazon-appstore-sdk-3.0.5.jar: D8: Expected stack map table for method with non-linear control flow.
WARNING: <temporary-android-cache>/gradle/caches/modules-2/files-2.1/com.amazon.device/amazon-appstore-sdk/3.0.5/cb046867a6d127f404780c49287e63177e960304/amazon-appstore-sdk-3.0.5.jar: D8: Expected stack map table for method with non-linear control flow.
WARNING: <temporary-android-cache>/gradle/caches/modules-2/files-2.1/com.amazon.device/amazon-appstore-sdk/3.0.5/cb046867a6d127f404780c49287e63177e960304/amazon-appstore-sdk-3.0.5.jar: D8: Expected stack map table for method with non-linear control flow.
WARNING: <temporary-android-cache>/gradle/caches/modules-2/files-2.1/com.amazon.device/amazon-appstore-sdk/3.0.5/cb046867a6d127f404780c49287e63177e960304/amazon-appstore-sdk-3.0.5.jar: D8: Expected stack map table for method with non-linear control flow.
WARNING: <temporary-android-cache>/gradle/caches/modules-2/files-2.1/com.amazon.device/amazon-appstore-sdk/3.0.5/cb046867a6d127f404780c49287e63177e960304/amazon-appstore-sdk-3.0.5.jar: D8: Expected stack map table for method with non-linear control flow.
WARNING: <temporary-android-cache>/gradle/caches/modules-2/files-2.1/com.amazon.device/amazon-appstore-sdk/3.0.5/cb046867a6d127f404780c49287e63177e960304/amazon-appstore-sdk-3.0.5.jar: D8: Expected stack map table for method with non-linear control flow.
WARNING: <temporary-android-cache>/gradle/caches/modules-2/files-2.1/com.amazon.device/amazon-appstore-sdk/3.0.5/cb046867a6d127f404780c49287e63177e960304/amazon-appstore-sdk-3.0.5.jar: D8: Expected stack map table for method with non-linear control flow.
WARNING: <temporary-android-cache>/gradle/caches/modules-2/files-2.1/com.amazon.device/amazon-appstore-sdk/3.0.5/cb046867a6d127f404780c49287e63177e960304/amazon-appstore-sdk-3.0.5.jar: D8: Expected stack map table for method with non-linear control flow.
WARNING: <temporary-android-cache>/gradle/caches/modules-2/files-2.1/com.amazon.device/amazon-appstore-sdk/3.0.5/cb046867a6d127f404780c49287e63177e960304/amazon-appstore-sdk-3.0.5.jar: D8: Expected stack map table for method with non-linear control flow.
WARNING: <temporary-android-cache>/gradle/caches/modules-2/files-2.1/com.amazon.device/amazon-appstore-sdk/3.0.5/cb046867a6d127f404780c49287e63177e960304/amazon-appstore-sdk-3.0.5.jar: D8: Expected stack map table for method with non-linear control flow.
WARNING: <temporary-android-cache>/gradle/caches/modules-2/files-2.1/com.amazon.device/amazon-appstore-sdk/3.0.5/cb046867a6d127f404780c49287e63177e960304/amazon-appstore-sdk-3.0.5.jar: D8: Expected stack map table for method with non-linear control flow.
WARNING: <temporary-android-cache>/gradle/caches/modules-2/files-2.1/com.amazon.device/amazon-appstore-sdk/3.0.5/cb046867a6d127f404780c49287e63177e960304/amazon-appstore-sdk-3.0.5.jar: D8: Expected stack map table for method with non-linear control flow.
WARNING: <temporary-android-cache>/gradle/caches/modules-2/files-2.1/com.amazon.device/amazon-appstore-sdk/3.0.5/cb046867a6d127f404780c49287e63177e960304/amazon-appstore-sdk-3.0.5.jar: D8: Expected stack map table for method with non-linear control flow.
WARNING: <temporary-android-cache>/gradle/caches/modules-2/files-2.1/com.amazon.device/amazon-appstore-sdk/3.0.5/cb046867a6d127f404780c49287e63177e960304/amazon-appstore-sdk-3.0.5.jar: D8: Expected stack map table for method with non-linear control flow.
WARNING: <temporary-android-cache>/gradle/caches/modules-2/files-2.1/com.amazon.device/amazon-appstore-sdk/3.0.5/cb046867a6d127f404780c49287e63177e960304/amazon-appstore-sdk-3.0.5.jar: D8: Expected stack map table for method with non-linear control flow.
WARNING: <temporary-android-cache>/gradle/caches/modules-2/files-2.1/com.amazon.device/amazon-appstore-sdk/3.0.5/cb046867a6d127f404780c49287e63177e960304/amazon-appstore-sdk-3.0.5.jar: D8: Expected stack map table for method with non-linear control flow.
WARNING: <temporary-android-cache>/gradle/caches/modules-2/files-2.1/com.amazon.device/amazon-appstore-sdk/3.0.5/cb046867a6d127f404780c49287e63177e960304/amazon-appstore-sdk-3.0.5.jar: D8: Expected stack map table for method with non-linear control flow.
WARNING: <temporary-android-cache>/gradle/caches/modules-2/files-2.1/com.amazon.device/amazon-appstore-sdk/3.0.5/cb046867a6d127f404780c49287e63177e960304/amazon-appstore-sdk-3.0.5.jar: D8: Expected stack map table for method with non-linear control flow.
WARNING: <temporary-android-cache>/gradle/caches/modules-2/files-2.1/com.amazon.device/amazon-appstore-sdk/3.0.5/cb046867a6d127f404780c49287e63177e960304/amazon-appstore-sdk-3.0.5.jar: D8: Expected stack map table for method with non-linear control flow.
WARNING: <temporary-android-cache>/gradle/caches/modules-2/files-2.1/com.amazon.device/amazon-appstore-sdk/3.0.5/cb046867a6d127f404780c49287e63177e960304/amazon-appstore-sdk-3.0.5.jar: D8: Expected stack map table for method with non-linear control flow.
WARNING: <temporary-android-cache>/gradle/caches/modules-2/files-2.1/com.amazon.device/amazon-appstore-sdk/3.0.5/cb046867a6d127f404780c49287e63177e960304/amazon-appstore-sdk-3.0.5.jar: D8: Expected stack map table for method with non-linear control flow.
WARNING: <temporary-android-cache>/gradle/caches/modules-2/files-2.1/com.amazon.device/amazon-appstore-sdk/3.0.5/cb046867a6d127f404780c49287e63177e960304/amazon-appstore-sdk-3.0.5.jar: D8: Expected stack map table for method with non-linear control flow.
WARNING: <temporary-android-cache>/gradle/caches/modules-2/files-2.1/com.amazon.device/amazon-appstore-sdk/3.0.5/cb046867a6d127f404780c49287e63177e960304/amazon-appstore-sdk-3.0.5.jar: D8: Expected stack map table for method with non-linear control flow.
WARNING: <temporary-android-cache>/gradle/caches/modules-2/files-2.1/com.amazon.device/amazon-appstore-sdk/3.0.5/cb046867a6d127f404780c49287e63177e960304/amazon-appstore-sdk-3.0.5.jar: D8: Expected stack map table for method with non-linear control flow.
WARNING: <temporary-android-cache>/gradle/caches/modules-2/files-2.1/com.amazon.device/amazon-appstore-sdk/3.0.5/cb046867a6d127f404780c49287e63177e960304/amazon-appstore-sdk-3.0.5.jar: D8: Expected stack map table for method with non-linear control flow.
WARNING: <temporary-android-cache>/gradle/caches/modules-2/files-2.1/com.amazon.device/amazon-appstore-sdk/3.0.5/cb046867a6d127f404780c49287e63177e960304/amazon-appstore-sdk-3.0.5.jar: D8: Expected stack map table for method with non-linear control flow.
WARNING: <temporary-android-cache>/gradle/caches/modules-2/files-2.1/com.amazon.device/amazon-appstore-sdk/3.0.5/cb046867a6d127f404780c49287e63177e960304/amazon-appstore-sdk-3.0.5.jar: D8: Expected stack map table for method with non-linear control flow.
WARNING: <temporary-android-cache>/gradle/caches/modules-2/files-2.1/com.amazon.device/amazon-appstore-sdk/3.0.5/cb046867a6d127f404780c49287e63177e960304/amazon-appstore-sdk-3.0.5.jar: D8: Expected stack map table for method with non-linear control flow.
WARNING: <temporary-android-cache>/gradle/caches/modules-2/files-2.1/com.amazon.device/amazon-appstore-sdk/3.0.5/cb046867a6d127f404780c49287e63177e960304/amazon-appstore-sdk-3.0.5.jar: D8: Expected stack map table for method with non-linear control flow.
WARNING: <temporary-android-cache>/gradle/caches/modules-2/files-2.1/com.amazon.device/amazon-appstore-sdk/3.0.5/cb046867a6d127f404780c49287e63177e960304/amazon-appstore-sdk-3.0.5.jar: D8: Expected stack map table for method with non-linear control flow.
WARNING: <temporary-android-cache>/gradle/caches/modules-2/files-2.1/com.amazon.device/amazon-appstore-sdk/3.0.5/cb046867a6d127f404780c49287e63177e960304/amazon-appstore-sdk-3.0.5.jar: D8: Expected stack map table for method with non-linear control flow.
WARNING: <temporary-android-cache>/gradle/caches/modules-2/files-2.1/com.amazon.device/amazon-appstore-sdk/3.0.5/cb046867a6d127f404780c49287e63177e960304/amazon-appstore-sdk-3.0.5.jar: D8: Expected stack map table for method with non-linear control flow.
WARNING: <temporary-android-cache>/gradle/caches/modules-2/files-2.1/com.amazon.device/amazon-appstore-sdk/3.0.5/cb046867a6d127f404780c49287e63177e960304/amazon-appstore-sdk-3.0.5.jar: D8: Expected stack map table for method with non-linear control flow.
WARNING: <temporary-android-cache>/gradle/caches/modules-2/files-2.1/com.amazon.device/amazon-appstore-sdk/3.0.5/cb046867a6d127f404780c49287e63177e960304/amazon-appstore-sdk-3.0.5.jar: D8: Expected stack map table for method with non-linear control flow.
WARNING: <temporary-android-cache>/gradle/caches/modules-2/files-2.1/com.amazon.device/amazon-appstore-sdk/3.0.5/cb046867a6d127f404780c49287e63177e960304/amazon-appstore-sdk-3.0.5.jar: D8: Expected stack map table for method with non-linear control flow.
WARNING: <temporary-android-cache>/gradle/caches/modules-2/files-2.1/com.amazon.device/amazon-appstore-sdk/3.0.5/cb046867a6d127f404780c49287e63177e960304/amazon-appstore-sdk-3.0.5.jar: D8: Expected stack map table for method with non-linear control flow.
WARNING: <temporary-android-cache>/gradle/caches/modules-2/files-2.1/com.amazon.device/amazon-appstore-sdk/3.0.5/cb046867a6d127f404780c49287e63177e960304/amazon-appstore-sdk-3.0.5.jar: D8: Expected stack map table for method with non-linear control flow.
WARNING: <temporary-android-cache>/gradle/caches/modules-2/files-2.1/com.amazon.device/amazon-appstore-sdk/3.0.5/cb046867a6d127f404780c49287e63177e960304/amazon-appstore-sdk-3.0.5.jar: D8: Expected stack map table for method with non-linear control flow.
WARNING: <temporary-android-cache>/gradle/caches/modules-2/files-2.1/com.amazon.device/amazon-appstore-sdk/3.0.5/cb046867a6d127f404780c49287e63177e960304/amazon-appstore-sdk-3.0.5.jar: D8: Expected stack map table for method with non-linear control flow.
WARNING: <temporary-android-cache>/gradle/caches/modules-2/files-2.1/com.amazon.device/amazon-appstore-sdk/3.0.5/cb046867a6d127f404780c49287e63177e960304/amazon-appstore-sdk-3.0.5.jar: D8: Expected stack map table for method with non-linear control flow.
WARNING: <temporary-android-cache>/gradle/caches/modules-2/files-2.1/com.amazon.device/amazon-appstore-sdk/3.0.5/cb046867a6d127f404780c49287e63177e960304/amazon-appstore-sdk-3.0.5.jar: D8: Expected stack map table for method with non-linear control flow.
WARNING: <temporary-android-cache>/gradle/caches/modules-2/files-2.1/com.amazon.device/amazon-appstore-sdk/3.0.5/cb046867a6d127f404780c49287e63177e960304/amazon-appstore-sdk-3.0.5.jar: D8: Expected stack map table for method with non-linear control flow.
WARNING: <temporary-android-cache>/gradle/caches/modules-2/files-2.1/com.amazon.device/amazon-appstore-sdk/3.0.5/cb046867a6d127f404780c49287e63177e960304/amazon-appstore-sdk-3.0.5.jar: D8: Expected stack map table for method with non-linear control flow.
WARNING: <temporary-android-cache>/gradle/caches/modules-2/files-2.1/com.amazon.device/amazon-appstore-sdk/3.0.5/cb046867a6d127f404780c49287e63177e960304/amazon-appstore-sdk-3.0.5.jar: D8: Expected stack map table for method with non-linear control flow.
WARNING: <temporary-android-cache>/gradle/caches/modules-2/files-2.1/com.amazon.device/amazon-appstore-sdk/3.0.5/cb046867a6d127f404780c49287e63177e960304/amazon-appstore-sdk-3.0.5.jar: D8: Expected stack map table for method with non-linear control flow.
WARNING: <temporary-android-cache>/gradle/caches/modules-2/files-2.1/com.amazon.device/amazon-appstore-sdk/3.0.5/cb046867a6d127f404780c49287e63177e960304/amazon-appstore-sdk-3.0.5.jar: D8: Expected stack map table for method with non-linear control flow.
WARNING: <temporary-android-cache>/gradle/caches/modules-2/files-2.1/com.amazon.device/amazon-appstore-sdk/3.0.5/cb046867a6d127f404780c49287e63177e960304/amazon-appstore-sdk-3.0.5.jar: D8: Expected stack map table for method with non-linear control flow.
WARNING: <temporary-android-cache>/gradle/caches/modules-2/files-2.1/com.amazon.device/amazon-appstore-sdk/3.0.5/cb046867a6d127f404780c49287e63177e960304/amazon-appstore-sdk-3.0.5.jar: D8: Expected stack map table for method with non-linear control flow.
WARNING: <temporary-android-cache>/gradle/caches/modules-2/files-2.1/com.amazon.device/amazon-appstore-sdk/3.0.5/cb046867a6d127f404780c49287e63177e960304/amazon-appstore-sdk-3.0.5.jar: D8: Expected stack map table for method with non-linear control flow.
WARNING: <temporary-android-cache>/gradle/caches/modules-2/files-2.1/com.amazon.device/amazon-appstore-sdk/3.0.5/cb046867a6d127f404780c49287e63177e960304/amazon-appstore-sdk-3.0.5.jar: D8: Expected stack map table for method with non-linear control flow.
WARNING: <temporary-android-cache>/gradle/caches/modules-2/files-2.1/com.amazon.device/amazon-appstore-sdk/3.0.5/cb046867a6d127f404780c49287e63177e960304/amazon-appstore-sdk-3.0.5.jar: D8: Expected stack map table for method with non-linear control flow.
WARNING: <temporary-android-cache>/gradle/caches/modules-2/files-2.1/com.amazon.device/amazon-appstore-sdk/3.0.5/cb046867a6d127f404780c49287e63177e960304/amazon-appstore-sdk-3.0.5.jar: D8: Expected stack map table for method with non-linear control flow.
WARNING: <temporary-android-cache>/gradle/caches/modules-2/files-2.1/com.amazon.device/amazon-appstore-sdk/3.0.5/cb046867a6d127f404780c49287e63177e960304/amazon-appstore-sdk-3.0.5.jar: D8: Expected stack map table for method with non-linear control flow.
WARNING: <temporary-android-cache>/gradle/caches/modules-2/files-2.1/com.amazon.device/amazon-appstore-sdk/3.0.5/cb046867a6d127f404780c49287e63177e960304/amazon-appstore-sdk-3.0.5.jar: D8: Expected stack map table for method with non-linear control flow.
WARNING: <temporary-android-cache>/gradle/caches/modules-2/files-2.1/com.amazon.device/amazon-appstore-sdk/3.0.5/cb046867a6d127f404780c49287e63177e960304/amazon-appstore-sdk-3.0.5.jar: D8: Expected stack map table for method with non-linear control flow.
WARNING: <temporary-android-cache>/gradle/caches/modules-2/files-2.1/com.amazon.device/amazon-appstore-sdk/3.0.5/cb046867a6d127f404780c49287e63177e960304/amazon-appstore-sdk-3.0.5.jar: D8: Expected stack map table for method with non-linear control flow.
WARNING: <temporary-android-cache>/gradle/caches/modules-2/files-2.1/com.amazon.device/amazon-appstore-sdk/3.0.5/cb046867a6d127f404780c49287e63177e960304/amazon-appstore-sdk-3.0.5.jar: D8: Expected stack map table for method with non-linear control flow.
WARNING: <temporary-android-cache>/gradle/caches/modules-2/files-2.1/com.amazon.device/amazon-appstore-sdk/3.0.5/cb046867a6d127f404780c49287e63177e960304/amazon-appstore-sdk-3.0.5.jar: D8: Expected stack map table for method with non-linear control flow.
WARNING: <temporary-android-cache>/gradle/caches/modules-2/files-2.1/com.amazon.device/amazon-appstore-sdk/3.0.5/cb046867a6d127f404780c49287e63177e960304/amazon-appstore-sdk-3.0.5.jar: D8: Expected stack map table for method with non-linear control flow.
WARNING: <temporary-android-cache>/gradle/caches/modules-2/files-2.1/com.amazon.device/amazon-appstore-sdk/3.0.5/cb046867a6d127f404780c49287e63177e960304/amazon-appstore-sdk-3.0.5.jar: D8: Expected stack map table for method with non-linear control flow.
WARNING: <temporary-android-cache>/gradle/caches/modules-2/files-2.1/com.amazon.device/amazon-appstore-sdk/3.0.5/cb046867a6d127f404780c49287e63177e960304/amazon-appstore-sdk-3.0.5.jar: D8: Expected stack map table for method with non-linear control flow.
WARNING: <temporary-android-cache>/gradle/caches/modules-2/files-2.1/com.amazon.device/amazon-appstore-sdk/3.0.5/cb046867a6d127f404780c49287e63177e960304/amazon-appstore-sdk-3.0.5.jar: D8: Expected stack map table for method with non-linear control flow.
WARNING: <temporary-android-cache>/gradle/caches/modules-2/files-2.1/com.amazon.device/amazon-appstore-sdk/3.0.5/cb046867a6d127f404780c49287e63177e960304/amazon-appstore-sdk-3.0.5.jar: D8: Expected stack map table for method with non-linear control flow.
WARNING: <temporary-android-cache>/gradle/caches/modules-2/files-2.1/com.amazon.device/amazon-appstore-sdk/3.0.5/cb046867a6d127f404780c49287e63177e960304/amazon-appstore-sdk-3.0.5.jar: D8: Expected stack map table for method with non-linear control flow.
WARNING: <temporary-android-cache>/gradle/caches/modules-2/files-2.1/com.amazon.device/amazon-appstore-sdk/3.0.5/cb046867a6d127f404780c49287e63177e960304/amazon-appstore-sdk-3.0.5.jar: D8: Expected stack map table for method with non-linear control flow.
WARNING: <temporary-android-cache>/gradle/caches/modules-2/files-2.1/com.amazon.device/amazon-appstore-sdk/3.0.5/cb046867a6d127f404780c49287e63177e960304/amazon-appstore-sdk-3.0.5.jar: D8: Expected stack map table for method with non-linear control flow.
WARNING: <temporary-android-cache>/gradle/caches/modules-2/files-2.1/com.amazon.device/amazon-appstore-sdk/3.0.5/cb046867a6d127f404780c49287e63177e960304/amazon-appstore-sdk-3.0.5.jar: D8: Expected stack map table for method with non-linear control flow.
WARNING: <temporary-android-cache>/gradle/caches/modules-2/files-2.1/com.amazon.device/amazon-appstore-sdk/3.0.5/cb046867a6d127f404780c49287e63177e960304/amazon-appstore-sdk-3.0.5.jar: D8: Expected stack map table for method with non-linear control flow.
WARNING: <temporary-android-cache>/gradle/caches/modules-2/files-2.1/com.amazon.device/amazon-appstore-sdk/3.0.5/cb046867a6d127f404780c49287e63177e960304/amazon-appstore-sdk-3.0.5.jar: D8: Expected stack map table for method with non-linear control flow.
WARNING: <temporary-android-cache>/gradle/caches/modules-2/files-2.1/com.amazon.device/amazon-appstore-sdk/3.0.5/cb046867a6d127f404780c49287e63177e960304/amazon-appstore-sdk-3.0.5.jar: D8: Expected stack map table for method with non-linear control flow.
WARNING: <temporary-android-cache>/gradle/caches/modules-2/files-2.1/com.amazon.device/amazon-appstore-sdk/3.0.5/cb046867a6d127f404780c49287e63177e960304/amazon-appstore-sdk-3.0.5.jar: D8: Expected stack map table for method with non-linear control flow.
WARNING: <temporary-android-cache>/gradle/caches/modules-2/files-2.1/com.amazon.device/amazon-appstore-sdk/3.0.5/cb046867a6d127f404780c49287e63177e960304/amazon-appstore-sdk-3.0.5.jar: D8: Expected stack map table for method with non-linear control flow.
WARNING: <temporary-android-cache>/gradle/caches/modules-2/files-2.1/com.amazon.device/amazon-appstore-sdk/3.0.5/cb046867a6d127f404780c49287e63177e960304/amazon-appstore-sdk-3.0.5.jar: D8: Expected stack map table for method with non-linear control flow.
WARNING: <temporary-android-cache>/gradle/caches/modules-2/files-2.1/com.amazon.device/amazon-appstore-sdk/3.0.5/cb046867a6d127f404780c49287e63177e960304/amazon-appstore-sdk-3.0.5.jar: D8: Expected stack map table for method with non-linear control flow.
WARNING: <temporary-android-cache>/gradle/caches/modules-2/files-2.1/com.amazon.device/amazon-appstore-sdk/3.0.5/cb046867a6d127f404780c49287e63177e960304/amazon-appstore-sdk-3.0.5.jar: D8: Expected stack map table for method with non-linear control flow.
WARNING: <temporary-android-cache>/gradle/caches/modules-2/files-2.1/com.amazon.device/amazon-appstore-sdk/3.0.5/cb046867a6d127f404780c49287e63177e960304/amazon-appstore-sdk-3.0.5.jar: D8: Expected stack map table for method with non-linear control flow.
WARNING: <temporary-android-cache>/gradle/caches/modules-2/files-2.1/com.amazon.device/amazon-appstore-sdk/3.0.5/cb046867a6d127f404780c49287e63177e960304/amazon-appstore-sdk-3.0.5.jar: D8: Expected stack map table for method with non-linear control flow.
WARNING: <temporary-android-cache>/gradle/caches/modules-2/files-2.1/com.amazon.device/amazon-appstore-sdk/3.0.5/cb046867a6d127f404780c49287e63177e960304/amazon-appstore-sdk-3.0.5.jar: D8: Expected stack map table for method with non-linear control flow.
WARNING: <temporary-android-cache>/gradle/caches/modules-2/files-2.1/com.amazon.device/amazon-appstore-sdk/3.0.5/cb046867a6d127f404780c49287e63177e960304/amazon-appstore-sdk-3.0.5.jar: D8: Expected stack map table for method with non-linear control flow.
WARNING: <temporary-android-cache>/gradle/caches/modules-2/files-2.1/com.amazon.device/amazon-appstore-sdk/3.0.5/cb046867a6d127f404780c49287e63177e960304/amazon-appstore-sdk-3.0.5.jar: D8: Expected stack map table for method with non-linear control flow.
WARNING: <temporary-android-cache>/gradle/caches/modules-2/files-2.1/com.amazon.device/amazon-appstore-sdk/3.0.5/cb046867a6d127f404780c49287e63177e960304/amazon-appstore-sdk-3.0.5.jar: D8: Expected stack map table for method with non-linear control flow.
WARNING: <temporary-android-cache>/gradle/caches/modules-2/files-2.1/com.amazon.device/amazon-appstore-sdk/3.0.5/cb046867a6d127f404780c49287e63177e960304/amazon-appstore-sdk-3.0.5.jar: D8: Expected stack map table for method with non-linear control flow.
WARNING: <temporary-android-cache>/gradle/caches/modules-2/files-2.1/com.amazon.device/amazon-appstore-sdk/3.0.5/cb046867a6d127f404780c49287e63177e960304/amazon-appstore-sdk-3.0.5.jar: D8: Expected stack map table for method with non-linear control flow.
WARNING: <temporary-android-cache>/gradle/caches/modules-2/files-2.1/com.amazon.device/amazon-appstore-sdk/3.0.5/cb046867a6d127f404780c49287e63177e960304/amazon-appstore-sdk-3.0.5.jar: D8: Expected stack map table for method with non-linear control flow.
WARNING: <temporary-android-cache>/gradle/caches/modules-2/files-2.1/com.amazon.device/amazon-appstore-sdk/3.0.5/cb046867a6d127f404780c49287e63177e960304/amazon-appstore-sdk-3.0.5.jar: D8: Expected stack map table for method with non-linear control flow.
WARNING: <temporary-android-cache>/gradle/caches/modules-2/files-2.1/com.amazon.device/amazon-appstore-sdk/3.0.5/cb046867a6d127f404780c49287e63177e960304/amazon-appstore-sdk-3.0.5.jar: D8: Expected stack map table for method with non-linear control flow.
WARNING: <temporary-android-cache>/gradle/caches/modules-2/files-2.1/com.amazon.device/amazon-appstore-sdk/3.0.5/cb046867a6d127f404780c49287e63177e960304/amazon-appstore-sdk-3.0.5.jar: D8: Expected stack map table for method with non-linear control flow.
WARNING: <temporary-android-cache>/gradle/caches/modules-2/files-2.1/com.amazon.device/amazon-appstore-sdk/3.0.5/cb046867a6d127f404780c49287e63177e960304/amazon-appstore-sdk-3.0.5.jar: D8: Expected stack map table for method with non-linear control flow.
WARNING: <temporary-android-cache>/gradle/caches/modules-2/files-2.1/com.amazon.device/amazon-appstore-sdk/3.0.5/cb046867a6d127f404780c49287e63177e960304/amazon-appstore-sdk-3.0.5.jar: D8: Expected stack map table for method with non-linear control flow.
WARNING: <temporary-android-cache>/gradle/caches/modules-2/files-2.1/com.amazon.device/amazon-appstore-sdk/3.0.5/cb046867a6d127f404780c49287e63177e960304/amazon-appstore-sdk-3.0.5.jar: D8: Expected stack map table for method with non-linear control flow.
WARNING: <temporary-android-cache>/gradle/caches/modules-2/files-2.1/com.amazon.device/amazon-appstore-sdk/3.0.5/cb046867a6d127f404780c49287e63177e960304/amazon-appstore-sdk-3.0.5.jar: D8: Expected stack map table for method with non-linear control flow.
WARNING: <temporary-android-cache>/gradle/caches/modules-2/files-2.1/com.amazon.device/amazon-appstore-sdk/3.0.5/cb046867a6d127f404780c49287e63177e960304/amazon-appstore-sdk-3.0.5.jar: D8: Expected stack map table for method with non-linear control flow.
WARNING: <temporary-android-cache>/gradle/caches/modules-2/files-2.1/com.amazon.device/amazon-appstore-sdk/3.0.5/cb046867a6d127f404780c49287e63177e960304/amazon-appstore-sdk-3.0.5.jar: D8: Expected stack map table for method with non-linear control flow.
WARNING: <temporary-android-cache>/gradle/caches/modules-2/files-2.1/com.amazon.device/amazon-appstore-sdk/3.0.5/cb046867a6d127f404780c49287e63177e960304/amazon-appstore-sdk-3.0.5.jar: D8: Expected stack map table for method with non-linear control flow.
WARNING: <temporary-android-cache>/gradle/caches/modules-2/files-2.1/com.amazon.device/amazon-appstore-sdk/3.0.5/cb046867a6d127f404780c49287e63177e960304/amazon-appstore-sdk-3.0.5.jar: D8: Expected stack map table for method with non-linear control flow.
WARNING: <temporary-android-cache>/gradle/caches/modules-2/files-2.1/com.amazon.device/amazon-appstore-sdk/3.0.5/cb046867a6d127f404780c49287e63177e960304/amazon-appstore-sdk-3.0.5.jar: D8: Expected stack map table for method with non-linear control flow.
WARNING: <temporary-android-cache>/gradle/caches/modules-2/files-2.1/com.amazon.device/amazon-appstore-sdk/3.0.5/cb046867a6d127f404780c49287e63177e960304/amazon-appstore-sdk-3.0.5.jar: D8: Expected stack map table for method with non-linear control flow.
WARNING: <temporary-android-cache>/gradle/caches/modules-2/files-2.1/com.amazon.device/amazon-appstore-sdk/3.0.5/cb046867a6d127f404780c49287e63177e960304/amazon-appstore-sdk-3.0.5.jar: D8: Expected stack map table for method with non-linear control flow.
WARNING: <temporary-android-cache>/gradle/caches/modules-2/files-2.1/com.amazon.device/amazon-appstore-sdk/3.0.5/cb046867a6d127f404780c49287e63177e960304/amazon-appstore-sdk-3.0.5.jar: D8: Expected stack map table for method with non-linear control flow.
WARNING: <temporary-android-cache>/gradle/caches/modules-2/files-2.1/com.amazon.device/amazon-appstore-sdk/3.0.5/cb046867a6d127f404780c49287e63177e960304/amazon-appstore-sdk-3.0.5.jar: D8: Expected stack map table for method with non-linear control flow.
WARNING: <temporary-android-cache>/gradle/caches/modules-2/files-2.1/com.amazon.device/amazon-appstore-sdk/3.0.5/cb046867a6d127f404780c49287e63177e960304/amazon-appstore-sdk-3.0.5.jar: D8: Expected stack map table for method with non-linear control flow.
WARNING: <temporary-android-cache>/gradle/caches/modules-2/files-2.1/com.amazon.device/amazon-appstore-sdk/3.0.5/cb046867a6d127f404780c49287e63177e960304/amazon-appstore-sdk-3.0.5.jar: D8: Expected stack map table for method with non-linear control flow.
WARNING: <temporary-android-cache>/gradle/caches/modules-2/files-2.1/com.amazon.device/amazon-appstore-sdk/3.0.5/cb046867a6d127f404780c49287e63177e960304/amazon-appstore-sdk-3.0.5.jar: D8: Expected stack map table for method with non-linear control flow.
WARNING: <temporary-android-cache>/gradle/caches/modules-2/files-2.1/com.amazon.device/amazon-appstore-sdk/3.0.5/cb046867a6d127f404780c49287e63177e960304/amazon-appstore-sdk-3.0.5.jar: D8: Expected stack map table for method with non-linear control flow.
WARNING: <temporary-android-cache>/gradle/caches/modules-2/files-2.1/com.amazon.device/amazon-appstore-sdk/3.0.5/cb046867a6d127f404780c49287e63177e960304/amazon-appstore-sdk-3.0.5.jar: D8: Expected stack map table for method with non-linear control flow.
WARNING: <temporary-android-cache>/gradle/caches/modules-2/files-2.1/com.amazon.device/amazon-appstore-sdk/3.0.5/cb046867a6d127f404780c49287e63177e960304/amazon-appstore-sdk-3.0.5.jar: D8: Expected stack map table for method with non-linear control flow.
WARNING: <temporary-android-cache>/gradle/caches/modules-2/files-2.1/com.amazon.device/amazon-appstore-sdk/3.0.5/cb046867a6d127f404780c49287e63177e960304/amazon-appstore-sdk-3.0.5.jar: D8: Expected stack map table for method with non-linear control flow.
WARNING: <temporary-android-cache>/gradle/caches/modules-2/files-2.1/com.amazon.device/amazon-appstore-sdk/3.0.5/cb046867a6d127f404780c49287e63177e960304/amazon-appstore-sdk-3.0.5.jar: D8: Expected stack map table for method with non-linear control flow.
WARNING: <temporary-android-cache>/gradle/caches/modules-2/files-2.1/com.amazon.device/amazon-appstore-sdk/3.0.5/cb046867a6d127f404780c49287e63177e960304/amazon-appstore-sdk-3.0.5.jar: D8: Expected stack map table for method with non-linear control flow.
WARNING: <temporary-android-cache>/gradle/caches/modules-2/files-2.1/com.amazon.device/amazon-appstore-sdk/3.0.5/cb046867a6d127f404780c49287e63177e960304/amazon-appstore-sdk-3.0.5.jar: D8: Expected stack map table for method with non-linear control flow.
WARNING: <temporary-android-cache>/gradle/caches/modules-2/files-2.1/com.amazon.device/amazon-appstore-sdk/3.0.5/cb046867a6d127f404780c49287e63177e960304/amazon-appstore-sdk-3.0.5.jar: D8: Expected stack map table for method with non-linear control flow.
WARNING: <temporary-android-cache>/gradle/caches/modules-2/files-2.1/com.amazon.device/amazon-appstore-sdk/3.0.5/cb046867a6d127f404780c49287e63177e960304/amazon-appstore-sdk-3.0.5.jar: D8: Expected stack map table for method with non-linear control flow.
WARNING: <temporary-android-cache>/gradle/caches/modules-2/files-2.1/com.amazon.device/amazon-appstore-sdk/3.0.5/cb046867a6d127f404780c49287e63177e960304/amazon-appstore-sdk-3.0.5.jar: D8: Expected stack map table for method with non-linear control flow.
WARNING: <temporary-android-cache>/gradle/caches/modules-2/files-2.1/com.amazon.device/amazon-appstore-sdk/3.0.5/cb046867a6d127f404780c49287e63177e960304/amazon-appstore-sdk-3.0.5.jar: D8: Expected stack map table for method with non-linear control flow.
WARNING: <temporary-android-cache>/gradle/caches/modules-2/files-2.1/com.amazon.device/amazon-appstore-sdk/3.0.5/cb046867a6d127f404780c49287e63177e960304/amazon-appstore-sdk-3.0.5.jar: D8: Expected stack map table for method with non-linear control flow.
WARNING: <temporary-android-cache>/gradle/caches/modules-2/files-2.1/com.amazon.device/amazon-appstore-sdk/3.0.5/cb046867a6d127f404780c49287e63177e960304/amazon-appstore-sdk-3.0.5.jar: D8: Expected stack map table for method with non-linear control flow.
WARNING: <temporary-android-cache>/gradle/caches/modules-2/files-2.1/com.amazon.device/amazon-appstore-sdk/3.0.5/cb046867a6d127f404780c49287e63177e960304/amazon-appstore-sdk-3.0.5.jar: D8: Expected stack map table for method with non-linear control flow.
WARNING: <temporary-android-cache>/gradle/caches/modules-2/files-2.1/com.amazon.device/amazon-appstore-sdk/3.0.5/cb046867a6d127f404780c49287e63177e960304/amazon-appstore-sdk-3.0.5.jar: D8: Expected stack map table for method with non-linear control flow.
WARNING: <temporary-android-cache>/gradle/caches/modules-2/files-2.1/com.amazon.device/amazon-appstore-sdk/3.0.5/cb046867a6d127f404780c49287e63177e960304/amazon-appstore-sdk-3.0.5.jar: D8: Expected stack map table for method with non-linear control flow.
WARNING: <temporary-android-cache>/gradle/caches/modules-2/files-2.1/com.amazon.device/amazon-appstore-sdk/3.0.5/cb046867a6d127f404780c49287e63177e960304/amazon-appstore-sdk-3.0.5.jar: D8: Expected stack map table for method with non-linear control flow.
WARNING: <temporary-android-cache>/gradle/caches/modules-2/files-2.1/com.amazon.device/amazon-appstore-sdk/3.0.5/cb046867a6d127f404780c49287e63177e960304/amazon-appstore-sdk-3.0.5.jar: D8: Expected stack map table for method with non-linear control flow.
WARNING: <temporary-android-cache>/gradle/caches/modules-2/files-2.1/com.amazon.device/amazon-appstore-sdk/3.0.5/cb046867a6d127f404780c49287e63177e960304/amazon-appstore-sdk-3.0.5.jar: D8: Expected stack map table for method with non-linear control flow.
WARNING: <temporary-android-cache>/gradle/caches/modules-2/files-2.1/com.amazon.device/amazon-appstore-sdk/3.0.5/cb046867a6d127f404780c49287e63177e960304/amazon-appstore-sdk-3.0.5.jar: D8: Expected stack map table for method with non-linear control flow.
WARNING: <temporary-android-cache>/gradle/caches/modules-2/files-2.1/com.amazon.device/amazon-appstore-sdk/3.0.5/cb046867a6d127f404780c49287e63177e960304/amazon-appstore-sdk-3.0.5.jar: D8: Expected stack map table for method with non-linear control flow.
WARNING: <temporary-android-cache>/gradle/caches/modules-2/files-2.1/com.amazon.device/amazon-appstore-sdk/3.0.5/cb046867a6d127f404780c49287e63177e960304/amazon-appstore-sdk-3.0.5.jar: D8: Expected stack map table for method with non-linear control flow.
WARNING: <temporary-android-cache>/gradle/caches/modules-2/files-2.1/com.amazon.device/amazon-appstore-sdk/3.0.5/cb046867a6d127f404780c49287e63177e960304/amazon-appstore-sdk-3.0.5.jar: D8: Expected stack map table for method with non-linear control flow.
WARNING: <temporary-android-cache>/gradle/caches/modules-2/files-2.1/com.amazon.device/amazon-appstore-sdk/3.0.5/cb046867a6d127f404780c49287e63177e960304/amazon-appstore-sdk-3.0.5.jar: D8: Expected stack map table for method with non-linear control flow.
WARNING: <temporary-android-cache>/gradle/caches/modules-2/files-2.1/com.amazon.device/amazon-appstore-sdk/3.0.5/cb046867a6d127f404780c49287e63177e960304/amazon-appstore-sdk-3.0.5.jar: D8: Expected stack map table for method with non-linear control flow.
WARNING: <temporary-android-cache>/gradle/caches/modules-2/files-2.1/com.amazon.device/amazon-appstore-sdk/3.0.5/cb046867a6d127f404780c49287e63177e960304/amazon-appstore-sdk-3.0.5.jar: D8: Expected stack map table for method with non-linear control flow.
WARNING: <temporary-android-cache>/gradle/caches/modules-2/files-2.1/com.amazon.device/amazon-appstore-sdk/3.0.5/cb046867a6d127f404780c49287e63177e960304/amazon-appstore-sdk-3.0.5.jar: D8: Expected stack map table for method with non-linear control flow.
WARNING: <temporary-android-cache>/gradle/caches/modules-2/files-2.1/com.amazon.device/amazon-appstore-sdk/3.0.5/cb046867a6d127f404780c49287e63177e960304/amazon-appstore-sdk-3.0.5.jar: D8: Expected stack map table for method with non-linear control flow.
WARNING: <temporary-android-cache>/gradle/caches/modules-2/files-2.1/com.amazon.device/amazon-appstore-sdk/3.0.5/cb046867a6d127f404780c49287e63177e960304/amazon-appstore-sdk-3.0.5.jar: D8: Expected stack map table for method with non-linear control flow.
WARNING: <temporary-android-cache>/gradle/caches/modules-2/files-2.1/com.amazon.device/amazon-appstore-sdk/3.0.5/cb046867a6d127f404780c49287e63177e960304/amazon-appstore-sdk-3.0.5.jar: D8: Expected stack map table for method with non-linear control flow.
WARNING: <temporary-android-cache>/gradle/caches/modules-2/files-2.1/com.amazon.device/amazon-appstore-sdk/3.0.5/cb046867a6d127f404780c49287e63177e960304/amazon-appstore-sdk-3.0.5.jar: D8: Expected stack map table for method with non-linear control flow.
WARNING: <temporary-android-cache>/gradle/caches/modules-2/files-2.1/com.amazon.device/amazon-appstore-sdk/3.0.5/cb046867a6d127f404780c49287e63177e960304/amazon-appstore-sdk-3.0.5.jar: D8: Expected stack map table for method with non-linear control flow.
WARNING: <temporary-android-cache>/gradle/caches/modules-2/files-2.1/com.amazon.device/amazon-appstore-sdk/3.0.5/cb046867a6d127f404780c49287e63177e960304/amazon-appstore-sdk-3.0.5.jar: D8: Expected stack map table for method with non-linear control flow.
WARNING: <temporary-android-cache>/gradle/caches/modules-2/files-2.1/com.amazon.device/amazon-appstore-sdk/3.0.5/cb046867a6d127f404780c49287e63177e960304/amazon-appstore-sdk-3.0.5.jar: D8: Expected stack map table for method with non-linear control flow.
WARNING: <temporary-android-cache>/gradle/caches/modules-2/files-2.1/com.amazon.device/amazon-appstore-sdk/3.0.5/cb046867a6d127f404780c49287e63177e960304/amazon-appstore-sdk-3.0.5.jar: D8: Expected stack map table for method with non-linear control flow.
WARNING: <temporary-android-cache>/gradle/caches/modules-2/files-2.1/com.amazon.device/amazon-appstore-sdk/3.0.5/cb046867a6d127f404780c49287e63177e960304/amazon-appstore-sdk-3.0.5.jar: D8: Expected stack map table for method with non-linear control flow.
WARNING: <temporary-android-cache>/gradle/caches/modules-2/files-2.1/com.amazon.device/amazon-appstore-sdk/3.0.5/cb046867a6d127f404780c49287e63177e960304/amazon-appstore-sdk-3.0.5.jar: D8: Expected stack map table for method with non-linear control flow.
WARNING: <temporary-android-cache>/gradle/caches/modules-2/files-2.1/com.amazon.device/amazon-appstore-sdk/3.0.5/cb046867a6d127f404780c49287e63177e960304/amazon-appstore-sdk-3.0.5.jar: D8: Expected stack map table for method with non-linear control flow.
WARNING: <temporary-android-cache>/gradle/caches/modules-2/files-2.1/com.amazon.device/amazon-appstore-sdk/3.0.5/cb046867a6d127f404780c49287e63177e960304/amazon-appstore-sdk-3.0.5.jar: D8: Expected stack map table for method with non-linear control flow.
WARNING: <temporary-android-cache>/gradle/caches/modules-2/files-2.1/com.amazon.device/amazon-appstore-sdk/3.0.5/cb046867a6d127f404780c49287e63177e960304/amazon-appstore-sdk-3.0.5.jar: D8: Expected stack map table for method with non-linear control flow.
WARNING: <temporary-android-cache>/gradle/caches/modules-2/files-2.1/com.amazon.device/amazon-appstore-sdk/3.0.5/cb046867a6d127f404780c49287e63177e960304/amazon-appstore-sdk-3.0.5.jar: D8: Expected stack map table for method with non-linear control flow.
WARNING: <temporary-android-cache>/gradle/caches/modules-2/files-2.1/com.amazon.device/amazon-appstore-sdk/3.0.5/cb046867a6d127f404780c49287e63177e960304/amazon-appstore-sdk-3.0.5.jar: D8: Expected stack map table for method with non-linear control flow.
WARNING: <temporary-android-cache>/gradle/caches/modules-2/files-2.1/com.amazon.device/amazon-appstore-sdk/3.0.5/cb046867a6d127f404780c49287e63177e960304/amazon-appstore-sdk-3.0.5.jar: D8: Expected stack map table for method with non-linear control flow.
WARNING: <temporary-android-cache>/gradle/caches/modules-2/files-2.1/com.amazon.device/amazon-appstore-sdk/3.0.5/cb046867a6d127f404780c49287e63177e960304/amazon-appstore-sdk-3.0.5.jar: D8: Expected stack map table for method with non-linear control flow.
WARNING: <temporary-android-cache>/gradle/caches/modules-2/files-2.1/com.amazon.device/amazon-appstore-sdk/3.0.5/cb046867a6d127f404780c49287e63177e960304/amazon-appstore-sdk-3.0.5.jar: D8: Expected stack map table for method with non-linear control flow.
WARNING: <temporary-android-cache>/gradle/caches/modules-2/files-2.1/com.amazon.device/amazon-appstore-sdk/3.0.5/cb046867a6d127f404780c49287e63177e960304/amazon-appstore-sdk-3.0.5.jar: D8: Expected stack map table for method with non-linear control flow.
WARNING: <temporary-android-cache>/gradle/caches/modules-2/files-2.1/com.amazon.device/amazon-appstore-sdk/3.0.5/cb046867a6d127f404780c49287e63177e960304/amazon-appstore-sdk-3.0.5.jar: D8: Expected stack map table for method with non-linear control flow.
WARNING: <temporary-android-cache>/gradle/caches/modules-2/files-2.1/com.amazon.device/amazon-appstore-sdk/3.0.5/cb046867a6d127f404780c49287e63177e960304/amazon-appstore-sdk-3.0.5.jar: D8: Expected stack map table for method with non-linear control flow.
WARNING: <temporary-android-cache>/gradle/caches/modules-2/files-2.1/com.amazon.device/amazon-appstore-sdk/3.0.5/cb046867a6d127f404780c49287e63177e960304/amazon-appstore-sdk-3.0.5.jar: D8: Expected stack map table for method with non-linear control flow.
WARNING: <temporary-android-cache>/gradle/caches/modules-2/files-2.1/com.amazon.device/amazon-appstore-sdk/3.0.5/cb046867a6d127f404780c49287e63177e960304/amazon-appstore-sdk-3.0.5.jar: D8: Expected stack map table for method with non-linear control flow.
WARNING: <temporary-android-cache>/gradle/caches/modules-2/files-2.1/com.amazon.device/amazon-appstore-sdk/3.0.5/cb046867a6d127f404780c49287e63177e960304/amazon-appstore-sdk-3.0.5.jar: D8: Expected stack map table for method with non-linear control flow.
WARNING: <temporary-android-cache>/gradle/caches/modules-2/files-2.1/com.amazon.device/amazon-appstore-sdk/3.0.5/cb046867a6d127f404780c49287e63177e960304/amazon-appstore-sdk-3.0.5.jar: D8: Expected stack map table for method with non-linear control flow.
WARNING: <temporary-android-cache>/gradle/caches/modules-2/files-2.1/com.amazon.device/amazon-appstore-sdk/3.0.5/cb046867a6d127f404780c49287e63177e960304/amazon-appstore-sdk-3.0.5.jar: D8: Expected stack map table for method with non-linear control flow.
WARNING: <temporary-android-cache>/gradle/caches/modules-2/files-2.1/com.amazon.device/amazon-appstore-sdk/3.0.5/cb046867a6d127f404780c49287e63177e960304/amazon-appstore-sdk-3.0.5.jar: D8: Expected stack map table for method with non-linear control flow.
WARNING: <temporary-android-cache>/gradle/caches/modules-2/files-2.1/com.amazon.device/amazon-appstore-sdk/3.0.5/cb046867a6d127f404780c49287e63177e960304/amazon-appstore-sdk-3.0.5.jar: D8: Expected stack map table for method with non-linear control flow.
WARNING: <temporary-android-cache>/gradle/caches/modules-2/files-2.1/com.amazon.device/amazon-appstore-sdk/3.0.5/cb046867a6d127f404780c49287e63177e960304/amazon-appstore-sdk-3.0.5.jar: D8: Expected stack map table for method with non-linear control flow.
WARNING: <temporary-android-cache>/gradle/caches/modules-2/files-2.1/com.amazon.device/amazon-appstore-sdk/3.0.5/cb046867a6d127f404780c49287e63177e960304/amazon-appstore-sdk-3.0.5.jar: D8: Expected stack map table for method with non-linear control flow.
WARNING: <temporary-android-cache>/gradle/caches/modules-2/files-2.1/com.amazon.device/amazon-appstore-sdk/3.0.5/cb046867a6d127f404780c49287e63177e960304/amazon-appstore-sdk-3.0.5.jar: D8: Expected stack map table for method with non-linear control flow.
WARNING: <temporary-android-cache>/gradle/caches/modules-2/files-2.1/com.amazon.device/amazon-appstore-sdk/3.0.5/cb046867a6d127f404780c49287e63177e960304/amazon-appstore-sdk-3.0.5.jar: D8: Expected stack map table for method with non-linear control flow.
WARNING: <temporary-android-cache>/gradle/caches/modules-2/files-2.1/com.amazon.device/amazon-appstore-sdk/3.0.5/cb046867a6d127f404780c49287e63177e960304/amazon-appstore-sdk-3.0.5.jar: D8: Expected stack map table for method with non-linear control flow.
WARNING: <temporary-android-cache>/gradle/caches/modules-2/files-2.1/com.amazon.device/amazon-appstore-sdk/3.0.5/cb046867a6d127f404780c49287e63177e960304/amazon-appstore-sdk-3.0.5.jar: D8: Expected stack map table for method with non-linear control flow.
WARNING: <temporary-android-cache>/gradle/caches/modules-2/files-2.1/com.amazon.device/amazon-appstore-sdk/3.0.5/cb046867a6d127f404780c49287e63177e960304/amazon-appstore-sdk-3.0.5.jar: D8: Expected stack map table for method with non-linear control flow.
WARNING: <temporary-android-cache>/gradle/caches/modules-2/files-2.1/com.amazon.device/amazon-appstore-sdk/3.0.5/cb046867a6d127f404780c49287e63177e960304/amazon-appstore-sdk-3.0.5.jar: D8: Expected stack map table for method with non-linear control flow.
WARNING: <temporary-android-cache>/gradle/caches/modules-2/files-2.1/com.amazon.device/amazon-appstore-sdk/3.0.5/cb046867a6d127f404780c49287e63177e960304/amazon-appstore-sdk-3.0.5.jar: D8: Expected stack map table for method with non-linear control flow.
WARNING: <temporary-android-cache>/gradle/caches/modules-2/files-2.1/com.amazon.device/amazon-appstore-sdk/3.0.5/cb046867a6d127f404780c49287e63177e960304/amazon-appstore-sdk-3.0.5.jar: D8: Expected stack map table for method with non-linear control flow.
WARNING: <temporary-android-cache>/gradle/caches/modules-2/files-2.1/com.amazon.device/amazon-appstore-sdk/3.0.5/cb046867a6d127f404780c49287e63177e960304/amazon-appstore-sdk-3.0.5.jar: D8: Expected stack map table for method with non-linear control flow.
WARNING: <temporary-android-cache>/gradle/caches/modules-2/files-2.1/com.amazon.device/amazon-appstore-sdk/3.0.5/cb046867a6d127f404780c49287e63177e960304/amazon-appstore-sdk-3.0.5.jar: D8: Expected stack map table for method with non-linear control flow.
WARNING: <temporary-android-cache>/gradle/caches/modules-2/files-2.1/com.amazon.device/amazon-appstore-sdk/3.0.5/cb046867a6d127f404780c49287e63177e960304/amazon-appstore-sdk-3.0.5.jar: D8: Expected stack map table for method with non-linear control flow.
WARNING: <temporary-android-cache>/gradle/caches/modules-2/files-2.1/com.amazon.device/amazon-appstore-sdk/3.0.5/cb046867a6d127f404780c49287e63177e960304/amazon-appstore-sdk-3.0.5.jar: D8: Expected stack map table for method with non-linear control flow.
WARNING: <temporary-android-cache>/gradle/caches/modules-2/files-2.1/com.amazon.device/amazon-appstore-sdk/3.0.5/cb046867a6d127f404780c49287e63177e960304/amazon-appstore-sdk-3.0.5.jar: D8: Expected stack map table for method with non-linear control flow.
WARNING: <temporary-android-cache>/gradle/caches/modules-2/files-2.1/com.amazon.device/amazon-appstore-sdk/3.0.5/cb046867a6d127f404780c49287e63177e960304/amazon-appstore-sdk-3.0.5.jar: D8: Expected stack map table for method with non-linear control flow.
WARNING: <temporary-android-cache>/gradle/caches/modules-2/files-2.1/com.amazon.device/amazon-appstore-sdk/3.0.5/cb046867a6d127f404780c49287e63177e960304/amazon-appstore-sdk-3.0.5.jar: D8: Expected stack map table for method with non-linear control flow.
WARNING: <temporary-android-cache>/gradle/caches/modules-2/files-2.1/com.amazon.device/amazon-appstore-sdk/3.0.5/cb046867a6d127f404780c49287e63177e960304/amazon-appstore-sdk-3.0.5.jar: D8: Expected stack map table for method with non-linear control flow.
WARNING: <temporary-android-cache>/gradle/caches/modules-2/files-2.1/com.amazon.device/amazon-appstore-sdk/3.0.5/cb046867a6d127f404780c49287e63177e960304/amazon-appstore-sdk-3.0.5.jar: D8: Expected stack map table for method with non-linear control flow.
WARNING: <temporary-android-cache>/gradle/caches/modules-2/files-2.1/com.amazon.device/amazon-appstore-sdk/3.0.5/cb046867a6d127f404780c49287e63177e960304/amazon-appstore-sdk-3.0.5.jar: D8: Expected stack map table for method with non-linear control flow.
WARNING: <temporary-android-cache>/gradle/caches/modules-2/files-2.1/com.amazon.device/amazon-appstore-sdk/3.0.5/cb046867a6d127f404780c49287e63177e960304/amazon-appstore-sdk-3.0.5.jar: D8: Expected stack map table for method with non-linear control flow.
WARNING: <temporary-android-cache>/gradle/caches/modules-2/files-2.1/com.amazon.device/amazon-appstore-sdk/3.0.5/cb046867a6d127f404780c49287e63177e960304/amazon-appstore-sdk-3.0.5.jar: D8: Expected stack map table for method with non-linear control flow.
WARNING: <temporary-android-cache>/gradle/caches/modules-2/files-2.1/com.amazon.device/amazon-appstore-sdk/3.0.5/cb046867a6d127f404780c49287e63177e960304/amazon-appstore-sdk-3.0.5.jar: D8: Expected stack map table for method with non-linear control flow.
WARNING: <temporary-android-cache>/gradle/caches/modules-2/files-2.1/com.amazon.device/amazon-appstore-sdk/3.0.5/cb046867a6d127f404780c49287e63177e960304/amazon-appstore-sdk-3.0.5.jar: D8: Expected stack map table for method with non-linear control flow.
WARNING: <temporary-android-cache>/gradle/caches/modules-2/files-2.1/com.amazon.device/amazon-appstore-sdk/3.0.5/cb046867a6d127f404780c49287e63177e960304/amazon-appstore-sdk-3.0.5.jar: D8: Expected stack map table for method with non-linear control flow.
WARNING: <temporary-android-cache>/gradle/caches/modules-2/files-2.1/com.amazon.device/amazon-appstore-sdk/3.0.5/cb046867a6d127f404780c49287e63177e960304/amazon-appstore-sdk-3.0.5.jar: D8: Expected stack map table for method with non-linear control flow.
WARNING: <temporary-android-cache>/gradle/caches/modules-2/files-2.1/com.amazon.device/amazon-appstore-sdk/3.0.5/cb046867a6d127f404780c49287e63177e960304/amazon-appstore-sdk-3.0.5.jar: D8: Expected stack map table for method with non-linear control flow.
WARNING: <temporary-android-cache>/gradle/caches/modules-2/files-2.1/com.amazon.device/amazon-appstore-sdk/3.0.5/cb046867a6d127f404780c49287e63177e960304/amazon-appstore-sdk-3.0.5.jar: D8: Expected stack map table for method with non-linear control flow.
WARNING: <temporary-android-cache>/gradle/caches/modules-2/files-2.1/com.amazon.device/amazon-appstore-sdk/3.0.5/cb046867a6d127f404780c49287e63177e960304/amazon-appstore-sdk-3.0.5.jar: D8: Expected stack map table for method with non-linear control flow.
WARNING: <temporary-android-cache>/gradle/caches/modules-2/files-2.1/com.amazon.device/amazon-appstore-sdk/3.0.5/cb046867a6d127f404780c49287e63177e960304/amazon-appstore-sdk-3.0.5.jar: D8: Expected stack map table for method with non-linear control flow.
WARNING: <temporary-android-cache>/gradle/caches/modules-2/files-2.1/com.amazon.device/amazon-appstore-sdk/3.0.5/cb046867a6d127f404780c49287e63177e960304/amazon-appstore-sdk-3.0.5.jar: D8: Expected stack map table for method with non-linear control flow.
WARNING: <temporary-android-cache>/gradle/caches/modules-2/files-2.1/com.amazon.device/amazon-appstore-sdk/3.0.5/cb046867a6d127f404780c49287e63177e960304/amazon-appstore-sdk-3.0.5.jar: D8: Expected stack map table for method with non-linear control flow.
WARNING: <temporary-android-cache>/gradle/caches/modules-2/files-2.1/com.amazon.device/amazon-appstore-sdk/3.0.5/cb046867a6d127f404780c49287e63177e960304/amazon-appstore-sdk-3.0.5.jar: D8: Expected stack map table for method with non-linear control flow.
WARNING: <temporary-android-cache>/gradle/caches/modules-2/files-2.1/com.amazon.device/amazon-appstore-sdk/3.0.5/cb046867a6d127f404780c49287e63177e960304/amazon-appstore-sdk-3.0.5.jar: D8: Expected stack map table for method with non-linear control flow.
WARNING: <temporary-android-cache>/gradle/caches/modules-2/files-2.1/com.amazon.device/amazon-appstore-sdk/3.0.5/cb046867a6d127f404780c49287e63177e960304/amazon-appstore-sdk-3.0.5.jar: D8: Expected stack map table for method with non-linear control flow.
WARNING: <temporary-android-cache>/gradle/caches/modules-2/files-2.1/com.amazon.device/amazon-appstore-sdk/3.0.5/cb046867a6d127f404780c49287e63177e960304/amazon-appstore-sdk-3.0.5.jar: D8: Expected stack map table for method with non-linear control flow.
WARNING: <temporary-android-cache>/gradle/caches/modules-2/files-2.1/com.amazon.device/amazon-appstore-sdk/3.0.5/cb046867a6d127f404780c49287e63177e960304/amazon-appstore-sdk-3.0.5.jar: D8: Expected stack map table for method with non-linear control flow.
WARNING: <temporary-android-cache>/gradle/caches/modules-2/files-2.1/com.amazon.device/amazon-appstore-sdk/3.0.5/cb046867a6d127f404780c49287e63177e960304/amazon-appstore-sdk-3.0.5.jar: D8: Expected stack map table for method with non-linear control flow.
WARNING: <temporary-android-cache>/gradle/caches/modules-2/files-2.1/com.amazon.device/amazon-appstore-sdk/3.0.5/cb046867a6d127f404780c49287e63177e960304/amazon-appstore-sdk-3.0.5.jar: D8: Expected stack map table for method with non-linear control flow.
WARNING: <temporary-android-cache>/gradle/caches/modules-2/files-2.1/com.amazon.device/amazon-appstore-sdk/3.0.5/cb046867a6d127f404780c49287e63177e960304/amazon-appstore-sdk-3.0.5.jar: D8: Expected stack map table for method with non-linear control flow.
WARNING: <temporary-android-cache>/gradle/caches/modules-2/files-2.1/com.amazon.device/amazon-appstore-sdk/3.0.5/cb046867a6d127f404780c49287e63177e960304/amazon-appstore-sdk-3.0.5.jar: D8: Expected stack map table for method with non-linear control flow.
WARNING: <temporary-android-cache>/gradle/caches/modules-2/files-2.1/com.amazon.device/amazon-appstore-sdk/3.0.5/cb046867a6d127f404780c49287e63177e960304/amazon-appstore-sdk-3.0.5.jar: D8: Expected stack map table for method with non-linear control flow.
WARNING: <temporary-android-cache>/gradle/caches/modules-2/files-2.1/com.amazon.device/amazon-appstore-sdk/3.0.5/cb046867a6d127f404780c49287e63177e960304/amazon-appstore-sdk-3.0.5.jar: D8: Expected stack map table for method with non-linear control flow.
WARNING: <temporary-android-cache>/gradle/caches/modules-2/files-2.1/com.amazon.device/amazon-appstore-sdk/3.0.5/cb046867a6d127f404780c49287e63177e960304/amazon-appstore-sdk-3.0.5.jar: D8: Expected stack map table for method with non-linear control flow.
WARNING: <temporary-android-cache>/gradle/caches/modules-2/files-2.1/com.amazon.device/amazon-appstore-sdk/3.0.5/cb046867a6d127f404780c49287e63177e960304/amazon-appstore-sdk-3.0.5.jar: D8: Expected stack map table for method with non-linear control flow.
WARNING: <temporary-android-cache>/gradle/caches/modules-2/files-2.1/com.amazon.device/amazon-appstore-sdk/3.0.5/cb046867a6d127f404780c49287e63177e960304/amazon-appstore-sdk-3.0.5.jar: D8: Expected stack map table for method with non-linear control flow.
WARNING: <temporary-android-cache>/gradle/caches/modules-2/files-2.1/com.amazon.device/amazon-appstore-sdk/3.0.5/cb046867a6d127f404780c49287e63177e960304/amazon-appstore-sdk-3.0.5.jar: D8: Expected stack map table for method with non-linear control flow.
WARNING: <temporary-android-cache>/gradle/caches/modules-2/files-2.1/com.amazon.device/amazon-appstore-sdk/3.0.5/cb046867a6d127f404780c49287e63177e960304/amazon-appstore-sdk-3.0.5.jar: D8: Expected stack map table for method with non-linear control flow.
WARNING: <temporary-android-cache>/gradle/caches/modules-2/files-2.1/com.amazon.device/amazon-appstore-sdk/3.0.5/cb046867a6d127f404780c49287e63177e960304/amazon-appstore-sdk-3.0.5.jar: D8: Expected stack map table for method with non-linear control flow.
WARNING: <temporary-android-cache>/gradle/caches/modules-2/files-2.1/com.amazon.device/amazon-appstore-sdk/3.0.5/cb046867a6d127f404780c49287e63177e960304/amazon-appstore-sdk-3.0.5.jar: D8: Expected stack map table for method with non-linear control flow.
WARNING: <temporary-android-cache>/gradle/caches/modules-2/files-2.1/com.amazon.device/amazon-appstore-sdk/3.0.5/cb046867a6d127f404780c49287e63177e960304/amazon-appstore-sdk-3.0.5.jar: D8: Expected stack map table for method with non-linear control flow.
WARNING: <temporary-android-cache>/gradle/caches/modules-2/files-2.1/com.amazon.device/amazon-appstore-sdk/3.0.5/cb046867a6d127f404780c49287e63177e960304/amazon-appstore-sdk-3.0.5.jar: D8: Expected stack map table for method with non-linear control flow.
WARNING: <temporary-android-cache>/gradle/caches/modules-2/files-2.1/com.amazon.device/amazon-appstore-sdk/3.0.5/cb046867a6d127f404780c49287e63177e960304/amazon-appstore-sdk-3.0.5.jar: D8: Expected stack map table for method with non-linear control flow.
WARNING: <temporary-android-cache>/gradle/caches/modules-2/files-2.1/com.amazon.device/amazon-appstore-sdk/3.0.5/cb046867a6d127f404780c49287e63177e960304/amazon-appstore-sdk-3.0.5.jar: D8: Expected stack map table for method with non-linear control flow.
WARNING: <temporary-android-cache>/gradle/caches/modules-2/files-2.1/com.amazon.device/amazon-appstore-sdk/3.0.5/cb046867a6d127f404780c49287e63177e960304/amazon-appstore-sdk-3.0.5.jar: D8: Expected stack map table for method with non-linear control flow.
WARNING: <temporary-android-cache>/gradle/caches/modules-2/files-2.1/com.amazon.device/amazon-appstore-sdk/3.0.5/cb046867a6d127f404780c49287e63177e960304/amazon-appstore-sdk-3.0.5.jar: D8: Expected stack map table for method with non-linear control flow.
WARNING: <temporary-android-cache>/gradle/caches/modules-2/files-2.1/com.amazon.device/amazon-appstore-sdk/3.0.5/cb046867a6d127f404780c49287e63177e960304/amazon-appstore-sdk-3.0.5.jar: D8: Expected stack map table for method with non-linear control flow.
WARNING: <temporary-android-cache>/gradle/caches/modules-2/files-2.1/com.amazon.device/amazon-appstore-sdk/3.0.5/cb046867a6d127f404780c49287e63177e960304/amazon-appstore-sdk-3.0.5.jar: D8: Expected stack map table for method with non-linear control flow.
WARNING: <temporary-android-cache>/gradle/caches/modules-2/files-2.1/com.amazon.device/amazon-appstore-sdk/3.0.5/cb046867a6d127f404780c49287e63177e960304/amazon-appstore-sdk-3.0.5.jar: D8: Expected stack map table for method with non-linear control flow.
WARNING: <temporary-android-cache>/gradle/caches/modules-2/files-2.1/com.amazon.device/amazon-appstore-sdk/3.0.5/cb046867a6d127f404780c49287e63177e960304/amazon-appstore-sdk-3.0.5.jar: D8: Expected stack map table for method with non-linear control flow.
WARNING: <temporary-android-cache>/gradle/caches/modules-2/files-2.1/com.amazon.device/amazon-appstore-sdk/3.0.5/cb046867a6d127f404780c49287e63177e960304/amazon-appstore-sdk-3.0.5.jar: D8: Expected stack map table for method with non-linear control flow.
WARNING: <temporary-android-cache>/gradle/caches/modules-2/files-2.1/com.amazon.device/amazon-appstore-sdk/3.0.5/cb046867a6d127f404780c49287e63177e960304/amazon-appstore-sdk-3.0.5.jar: D8: Expected stack map table for method with non-linear control flow.
WARNING: <temporary-android-cache>/gradle/caches/modules-2/files-2.1/com.amazon.device/amazon-appstore-sdk/3.0.5/cb046867a6d127f404780c49287e63177e960304/amazon-appstore-sdk-3.0.5.jar: D8: Expected stack map table for method with non-linear control flow.
WARNING: <temporary-android-cache>/gradle/caches/modules-2/files-2.1/com.amazon.device/amazon-appstore-sdk/3.0.5/cb046867a6d127f404780c49287e63177e960304/amazon-appstore-sdk-3.0.5.jar: D8: Expected stack map table for method with non-linear control flow.
WARNING: <temporary-android-cache>/gradle/caches/modules-2/files-2.1/com.amazon.device/amazon-appstore-sdk/3.0.5/cb046867a6d127f404780c49287e63177e960304/amazon-appstore-sdk-3.0.5.jar: D8: Expected stack map table for method with non-linear control flow.
WARNING: <temporary-android-cache>/gradle/caches/modules-2/files-2.1/com.amazon.device/amazon-appstore-sdk/3.0.5/cb046867a6d127f404780c49287e63177e960304/amazon-appstore-sdk-3.0.5.jar: D8: Expected stack map table for method with non-linear control flow.
WARNING: <temporary-android-cache>/gradle/caches/modules-2/files-2.1/com.amazon.device/amazon-appstore-sdk/3.0.5/cb046867a6d127f404780c49287e63177e960304/amazon-appstore-sdk-3.0.5.jar: D8: Expected stack map table for method with non-linear control flow.
WARNING: <temporary-android-cache>/gradle/caches/modules-2/files-2.1/com.amazon.device/amazon-appstore-sdk/3.0.5/cb046867a6d127f404780c49287e63177e960304/amazon-appstore-sdk-3.0.5.jar: D8: Expected stack map table for method with non-linear control flow.
WARNING: <temporary-android-cache>/gradle/caches/modules-2/files-2.1/com.amazon.device/amazon-appstore-sdk/3.0.5/cb046867a6d127f404780c49287e63177e960304/amazon-appstore-sdk-3.0.5.jar: D8: Expected stack map table for method with non-linear control flow.
WARNING: <temporary-android-cache>/gradle/caches/modules-2/files-2.1/com.amazon.device/amazon-appstore-sdk/3.0.5/cb046867a6d127f404780c49287e63177e960304/amazon-appstore-sdk-3.0.5.jar: D8: Expected stack map table for method with non-linear control flow.
WARNING: <temporary-android-cache>/gradle/caches/modules-2/files-2.1/com.amazon.device/amazon-appstore-sdk/3.0.5/cb046867a6d127f404780c49287e63177e960304/amazon-appstore-sdk-3.0.5.jar: D8: Expected stack map table for method with non-linear control flow.
WARNING: <temporary-android-cache>/gradle/caches/modules-2/files-2.1/com.amazon.device/amazon-appstore-sdk/3.0.5/cb046867a6d127f404780c49287e63177e960304/amazon-appstore-sdk-3.0.5.jar: D8: Expected stack map table for method with non-linear control flow.
WARNING: <temporary-android-cache>/gradle/caches/modules-2/files-2.1/com.amazon.device/amazon-appstore-sdk/3.0.5/cb046867a6d127f404780c49287e63177e960304/amazon-appstore-sdk-3.0.5.jar: D8: Expected stack map table for method with non-linear control flow.
WARNING: <temporary-android-cache>/gradle/caches/modules-2/files-2.1/com.amazon.device/amazon-appstore-sdk/3.0.5/cb046867a6d127f404780c49287e63177e960304/amazon-appstore-sdk-3.0.5.jar: D8: Expected stack map table for method with non-linear control flow.
WARNING: <temporary-android-cache>/gradle/caches/modules-2/files-2.1/com.amazon.device/amazon-appstore-sdk/3.0.5/cb046867a6d127f404780c49287e63177e960304/amazon-appstore-sdk-3.0.5.jar: D8: Expected stack map table for method with non-linear control flow.
WARNING: <temporary-android-cache>/gradle/caches/modules-2/files-2.1/com.amazon.device/amazon-appstore-sdk/3.0.5/cb046867a6d127f404780c49287e63177e960304/amazon-appstore-sdk-3.0.5.jar: D8: Expected stack map table for method with non-linear control flow.
WARNING: <temporary-android-cache>/gradle/caches/modules-2/files-2.1/com.amazon.device/amazon-appstore-sdk/3.0.5/cb046867a6d127f404780c49287e63177e960304/amazon-appstore-sdk-3.0.5.jar: D8: Expected stack map table for method with non-linear control flow.
WARNING: <temporary-android-cache>/gradle/caches/modules-2/files-2.1/com.amazon.device/amazon-appstore-sdk/3.0.5/cb046867a6d127f404780c49287e63177e960304/amazon-appstore-sdk-3.0.5.jar: D8: Expected stack map table for method with non-linear control flow.
WARNING: <temporary-android-cache>/gradle/caches/modules-2/files-2.1/com.amazon.device/amazon-appstore-sdk/3.0.5/cb046867a6d127f404780c49287e63177e960304/amazon-appstore-sdk-3.0.5.jar: D8: Expected stack map table for method with non-linear control flow.
WARNING: <temporary-android-cache>/gradle/caches/modules-2/files-2.1/com.amazon.device/amazon-appstore-sdk/3.0.5/cb046867a6d127f404780c49287e63177e960304/amazon-appstore-sdk-3.0.5.jar: D8: Expected stack map table for method with non-linear control flow.
WARNING: <temporary-android-cache>/gradle/caches/modules-2/files-2.1/com.amazon.device/amazon-appstore-sdk/3.0.5/cb046867a6d127f404780c49287e63177e960304/amazon-appstore-sdk-3.0.5.jar: D8: Expected stack map table for method with non-linear control flow.
WARNING: <temporary-android-cache>/gradle/caches/modules-2/files-2.1/com.amazon.device/amazon-appstore-sdk/3.0.5/cb046867a6d127f404780c49287e63177e960304/amazon-appstore-sdk-3.0.5.jar: D8: Expected stack map table for method with non-linear control flow.
WARNING: <temporary-android-cache>/gradle/caches/modules-2/files-2.1/com.amazon.device/amazon-appstore-sdk/3.0.5/cb046867a6d127f404780c49287e63177e960304/amazon-appstore-sdk-3.0.5.jar: D8: Expected stack map table for method with non-linear control flow.
WARNING: <temporary-android-cache>/gradle/caches/modules-2/files-2.1/com.amazon.device/amazon-appstore-sdk/3.0.5/cb046867a6d127f404780c49287e63177e960304/amazon-appstore-sdk-3.0.5.jar: D8: Expected stack map table for method with non-linear control flow.
WARNING: <temporary-android-cache>/gradle/caches/modules-2/files-2.1/com.amazon.device/amazon-appstore-sdk/3.0.5/cb046867a6d127f404780c49287e63177e960304/amazon-appstore-sdk-3.0.5.jar: D8: Expected stack map table for method with non-linear control flow.
WARNING: <temporary-android-cache>/gradle/caches/modules-2/files-2.1/com.amazon.device/amazon-appstore-sdk/3.0.5/cb046867a6d127f404780c49287e63177e960304/amazon-appstore-sdk-3.0.5.jar: D8: Expected stack map table for method with non-linear control flow.
WARNING: <temporary-android-cache>/gradle/caches/modules-2/files-2.1/com.amazon.device/amazon-appstore-sdk/3.0.5/cb046867a6d127f404780c49287e63177e960304/amazon-appstore-sdk-3.0.5.jar: D8: Expected stack map table for method with non-linear control flow.
WARNING: <temporary-android-cache>/gradle/caches/modules-2/files-2.1/com.amazon.device/amazon-appstore-sdk/3.0.5/cb046867a6d127f404780c49287e63177e960304/amazon-appstore-sdk-3.0.5.jar: D8: Expected stack map table for method with non-linear control flow.
WARNING: <temporary-android-cache>/gradle/caches/modules-2/files-2.1/com.amazon.device/amazon-appstore-sdk/3.0.5/cb046867a6d127f404780c49287e63177e960304/amazon-appstore-sdk-3.0.5.jar: D8: Expected stack map table for method with non-linear control flow.
WARNING: <temporary-android-cache>/gradle/caches/modules-2/files-2.1/com.amazon.device/amazon-appstore-sdk/3.0.5/cb046867a6d127f404780c49287e63177e960304/amazon-appstore-sdk-3.0.5.jar: D8: Expected stack map table for method with non-linear control flow.
WARNING: <temporary-android-cache>/gradle/caches/modules-2/files-2.1/com.amazon.device/amazon-appstore-sdk/3.0.5/cb046867a6d127f404780c49287e63177e960304/amazon-appstore-sdk-3.0.5.jar: D8: Expected stack map table for method with non-linear control flow.
WARNING: <temporary-android-cache>/gradle/caches/modules-2/files-2.1/com.amazon.device/amazon-appstore-sdk/3.0.5/cb046867a6d127f404780c49287e63177e960304/amazon-appstore-sdk-3.0.5.jar: D8: Expected stack map table for method with non-linear control flow.
WARNING: <temporary-android-cache>/gradle/caches/modules-2/files-2.1/com.amazon.device/amazon-appstore-sdk/3.0.5/cb046867a6d127f404780c49287e63177e960304/amazon-appstore-sdk-3.0.5.jar: D8: Expected stack map table for method with non-linear control flow.
WARNING: <temporary-android-cache>/gradle/caches/modules-2/files-2.1/com.amazon.device/amazon-appstore-sdk/3.0.5/cb046867a6d127f404780c49287e63177e960304/amazon-appstore-sdk-3.0.5.jar: D8: Expected stack map table for method with non-linear control flow.
WARNING: <temporary-android-cache>/gradle/caches/modules-2/files-2.1/com.amazon.device/amazon-appstore-sdk/3.0.5/cb046867a6d127f404780c49287e63177e960304/amazon-appstore-sdk-3.0.5.jar: D8: Expected stack map table for method with non-linear control flow.
WARNING: <temporary-android-cache>/gradle/caches/modules-2/files-2.1/com.amazon.device/amazon-appstore-sdk/3.0.5/cb046867a6d127f404780c49287e63177e960304/amazon-appstore-sdk-3.0.5.jar: D8: Expected stack map table for method with non-linear control flow.
WARNING: <temporary-android-cache>/gradle/caches/modules-2/files-2.1/com.amazon.device/amazon-appstore-sdk/3.0.5/cb046867a6d127f404780c49287e63177e960304/amazon-appstore-sdk-3.0.5.jar: D8: Expected stack map table for method with non-linear control flow.
WARNING: <temporary-android-cache>/gradle/caches/modules-2/files-2.1/com.amazon.device/amazon-appstore-sdk/3.0.5/cb046867a6d127f404780c49287e63177e960304/amazon-appstore-sdk-3.0.5.jar: D8: Expected stack map table for method with non-linear control flow.
WARNING: <temporary-android-cache>/gradle/caches/modules-2/files-2.1/com.amazon.device/amazon-appstore-sdk/3.0.5/cb046867a6d127f404780c49287e63177e960304/amazon-appstore-sdk-3.0.5.jar: D8: Expected stack map table for method with non-linear control flow.

> Task :react-native-audio-api:copyReleaseJniLibsProjectAndLocalJars
> Task :app:compileReleaseKotlin
> Task :react-native-audio-api:extractDeepLinksForAarRelease
> Task :react-native-audio-api:extractReleaseAnnotations
> Task :react-native-audio-api:mergeReleaseGeneratedProguardFiles
> Task :react-native-audio-api:mergeReleaseConsumerProguardFiles
> Task :react-native-audio-api:mergeReleaseJavaResource
> Task :react-native-audio-api:syncReleaseLibJars
> Task :app:mergeReleaseArtProfile
> Task :react-native-audio-api:bundleReleaseLocalLintAar
> Task :react-native-enriched:stripReleaseDebugSymbols NO-SOURCE
> Task :react-native-enriched:copyReleaseJniLibsProjectAndLocalJars
> Task :react-native-enriched:extractDeepLinksForAarRelease
> Task :react-native-enriched:extractReleaseAnnotations
> Task :react-native-enriched:mergeReleaseGeneratedProguardFiles
> Task :react-native-enriched:mergeReleaseConsumerProguardFiles
> Task :react-native-enriched:mergeReleaseJavaResource
> Task :app:compileReleaseJavaWithJavac
> Task :react-native-enriched:syncReleaseLibJars
> Task :react-native-enriched:bundleReleaseLocalLintAar
> Task :react-native-gesture-handler:stripReleaseDebugSymbols
> Task :react-native-gesture-handler:copyReleaseJniLibsProjectAndLocalJars
> Task :app:dexBuilderRelease
> Task :react-native-gesture-handler:extractDeepLinksForAarRelease
> Task :react-native-gesture-handler:extractReleaseAnnotations
> Task :react-native-gesture-handler:mergeReleaseGeneratedProguardFiles
> Task :app:mergeReleaseGlobalSynthetics
> Task :app:mergeReleaseShaders
> Task :app:compileReleaseShaders NO-SOURCE
> Task :app:mergeDexRelease
> Task :react-native-gesture-handler:mergeReleaseConsumerProguardFiles
> Task :react-native-gesture-handler:mergeReleaseJavaResource
> Task :react-native-gesture-handler:syncReleaseLibJars
> Task :react-native-gesture-handler:bundleReleaseLocalLintAar
> Task :react-native-keyboard-controller:stripReleaseDebugSymbols NO-SOURCE
> Task :react-native-keyboard-controller:copyReleaseJniLibsProjectAndLocalJars
> Task :react-native-keyboard-controller:extractDeepLinksForAarRelease
> Task :react-native-keyboard-controller:extractReleaseAnnotations
> Task :react-native-keyboard-controller:mergeReleaseGeneratedProguardFiles
> Task :react-native-keyboard-controller:mergeReleaseConsumerProguardFiles
> Task :react-native-keyboard-controller:mergeReleaseJavaResource
> Task :react-native-keyboard-controller:syncReleaseLibJars
> Task :react-native-keyboard-controller:bundleReleaseLocalLintAar
> Task :react-native-localize:stripReleaseDebugSymbols NO-SOURCE
> Task :react-native-localize:copyReleaseJniLibsProjectAndLocalJars
> Task :react-native-localize:extractDeepLinksForAarRelease
> Task :react-native-localize:extractReleaseAnnotations
> Task :react-native-localize:mergeReleaseGeneratedProguardFiles
> Task :react-native-localize:mergeReleaseConsumerProguardFiles
> Task :react-native-localize:mergeReleaseJavaResource
> Task :react-native-localize:syncReleaseLibJars
> Task :react-native-localize:bundleReleaseLocalLintAar
> Task :react-native-unistyles:stripReleaseDebugSymbols
> Task :react-native-unistyles:copyReleaseJniLibsProjectAndLocalJars
> Task :react-native-unistyles:extractDeepLinksForAarRelease
> Task :react-native-unistyles:extractReleaseAnnotations
> Task :react-native-unistyles:mergeReleaseGeneratedProguardFiles
> Task :react-native-unistyles:mergeReleaseConsumerProguardFiles
> Task :react-native-unistyles:mergeReleaseJavaResource
> Task :react-native-unistyles:syncReleaseLibJars
> Task :react-native-unistyles:bundleReleaseLocalLintAar
> Task :react-native-nitro-modules:stripReleaseDebugSymbols
> Task :react-native-nitro-modules:copyReleaseJniLibsProjectAndLocalJars
> Task :react-native-nitro-modules:extractDeepLinksForAarRelease
> Task :react-native-nitro-modules:extractReleaseAnnotations
> Task :react-native-nitro-modules:mergeReleaseGeneratedProguardFiles
> Task :react-native-nitro-modules:mergeReleaseConsumerProguardFiles
> Task :react-native-nitro-modules:mergeReleaseJavaResource
> Task :react-native-nitro-modules:syncReleaseLibJars

> Task :app:createReleaseUpdatesResources
Expo Autolinking module resolution enabled

> Task :react-native-nitro-modules:bundleReleaseLocalLintAar
> Task :react-native-purchases-ui:stripReleaseDebugSymbols NO-SOURCE
> Task :react-native-purchases-ui:copyReleaseJniLibsProjectAndLocalJars
> Task :react-native-purchases-ui:extractDeepLinksForAarRelease
> Task :react-native-purchases-ui:extractReleaseAnnotations
> Task :react-native-purchases-ui:mergeReleaseGeneratedProguardFiles
> Task :react-native-purchases-ui:mergeReleaseConsumerProguardFiles
> Task :react-native-purchases-ui:mergeReleaseJavaResource
> Task :react-native-purchases-ui:syncReleaseLibJars
> Task :react-native-purchases-ui:bundleReleaseLocalLintAar
> Task :react-native-quick-base64:stripReleaseDebugSymbols
> Task :react-native-quick-base64:copyReleaseJniLibsProjectAndLocalJars
> Task :react-native-quick-base64:extractDeepLinksForAarRelease
> Task :react-native-quick-base64:extractReleaseAnnotations
> Task :react-native-quick-base64:mergeReleaseGeneratedProguardFiles
> Task :react-native-quick-base64:mergeReleaseConsumerProguardFiles
> Task :react-native-quick-base64:mergeReleaseJavaResource
> Task :react-native-quick-base64:syncReleaseLibJars
> Task :react-native-quick-base64:bundleReleaseLocalLintAar
> Task :react-native-reanimated:stripReleaseDebugSymbols
> Task :react-native-reanimated:copyReleaseJniLibsProjectAndLocalJars
> Task :react-native-reanimated:extractDeepLinksForAarRelease
> Task :react-native-reanimated:extractReleaseAnnotations
> Task :react-native-reanimated:mergeReleaseGeneratedProguardFiles
> Task :react-native-reanimated:mergeReleaseConsumerProguardFiles
> Task :react-native-reanimated:mergeReleaseJavaResource
> Task :react-native-reanimated:syncReleaseLibJars
> Task :react-native-reanimated:bundleReleaseLocalLintAar
> Task :react-native-safe-area-context:stripReleaseDebugSymbols NO-SOURCE
> Task :react-native-safe-area-context:copyReleaseJniLibsProjectAndLocalJars
> Task :react-native-safe-area-context:extractDeepLinksForAarRelease
> Task :react-native-safe-area-context:extractReleaseAnnotations
> Task :react-native-safe-area-context:mergeReleaseGeneratedProguardFiles
> Task :react-native-safe-area-context:mergeReleaseConsumerProguardFiles
> Task :react-native-safe-area-context:mergeReleaseJavaResource
> Task :react-native-safe-area-context:syncReleaseLibJars
> Task :react-native-safe-area-context:bundleReleaseLocalLintAar
> Task :react-native-screens:stripReleaseDebugSymbols
> Task :react-native-screens:copyReleaseJniLibsProjectAndLocalJars
> Task :react-native-screens:extractDeepLinksForAarRelease
> Task :react-native-screens:extractReleaseAnnotations
> Task :react-native-screens:mergeReleaseGeneratedProguardFiles
> Task :react-native-screens:mergeReleaseConsumerProguardFiles
> Task :react-native-screens:mergeReleaseJavaResource
> Task :react-native-screens:syncReleaseLibJars
> Task :react-native-screens:bundleReleaseLocalLintAar
> Task :react-native-vision-camera:stripReleaseDebugSymbols
> Task :react-native-vision-camera:copyReleaseJniLibsProjectAndLocalJars
> Task :react-native-vision-camera:extractDeepLinksForAarRelease
> Task :react-native-vision-camera:extractReleaseAnnotations
> Task :react-native-vision-camera:mergeReleaseGeneratedProguardFiles
> Task :react-native-vision-camera:mergeReleaseConsumerProguardFiles
> Task :react-native-vision-camera:mergeReleaseJavaResource
> Task :react-native-vision-camera:syncReleaseLibJars
> Task :react-native-vision-camera:bundleReleaseLocalLintAar
> Task :react-native-webview:stripReleaseDebugSymbols NO-SOURCE
> Task :react-native-webview:copyReleaseJniLibsProjectAndLocalJars
> Task :react-native-webview:extractDeepLinksForAarRelease
> Task :react-native-webview:extractReleaseAnnotations
> Task :react-native-webview:mergeReleaseGeneratedProguardFiles
> Task :react-native-webview:mergeReleaseConsumerProguardFiles
> Task :react-native-webview:mergeReleaseJavaResource
> Task :react-native-webview:syncReleaseLibJars
> Task :react-native-webview:bundleReleaseLocalLintAar
> Task :expo-http-server:stripReleaseDebugSymbols NO-SOURCE
> Task :expo-http-server:copyReleaseJniLibsProjectAndLocalJars
> Task :expo-http-server:extractDeepLinksForAarRelease
> Task :expo-http-server:extractReleaseAnnotations
> Task :expo-http-server:mergeReleaseGeneratedProguardFiles
> Task :expo-http-server:mergeReleaseConsumerProguardFiles
> Task :expo-http-server:mergeReleaseJavaResource
> Task :expo-http-server:syncReleaseLibJars
> Task :expo-http-server:bundleReleaseLocalLintAar
> Task :expo-modules-core:stripReleaseDebugSymbols
> Task :expo-modules-core:copyReleaseJniLibsProjectAndLocalJars
> Task :expo-modules-core:extractDeepLinksForAarRelease
> Task :expo-modules-core:extractReleaseAnnotations
> Task :expo-modules-core:mergeReleaseGeneratedProguardFiles
> Task :expo-modules-core:mergeReleaseConsumerProguardFiles
> Task :expo-modules-core:mergeReleaseJavaResource
> Task :expo-modules-core:syncReleaseLibJars
> Task :expo-modules-core:bundleReleaseLocalLintAar
> Task :react-native-worklets:stripReleaseDebugSymbols
> Task :react-native-worklets:copyReleaseJniLibsProjectAndLocalJars
> Task :react-native-worklets:extractDeepLinksForAarRelease
> Task :react-native-worklets:extractReleaseAnnotations
> Task :react-native-worklets:mergeReleaseGeneratedProguardFiles
> Task :react-native-worklets:mergeReleaseConsumerProguardFiles
> Task :react-native-worklets:mergeReleaseJavaResource
> Task :react-native-worklets:syncReleaseLibJars
> Task :react-native-worklets:bundleReleaseLocalLintAar
> Task :rn-encryption:stripReleaseDebugSymbols NO-SOURCE
> Task :rn-encryption:copyReleaseJniLibsProjectAndLocalJars
> Task :rn-encryption:extractDeepLinksForAarRelease
> Task :rn-encryption:extractReleaseAnnotations
> Task :rn-encryption:mergeReleaseGeneratedProguardFiles
> Task :rn-encryption:mergeReleaseConsumerProguardFiles
> Task :rn-encryption:mergeReleaseJavaResource
> Task :rn-encryption:syncReleaseLibJars
> Task :rn-encryption:bundleReleaseLocalLintAar
> Task :livekit_react-native-webrtc:stripReleaseDebugSymbols NO-SOURCE
> Task :livekit_react-native-webrtc:copyReleaseJniLibsProjectAndLocalJars
> Task :livekit_react-native-webrtc:extractDeepLinksForAarRelease
> Task :livekit_react-native-webrtc:extractReleaseAnnotations
> Task :livekit_react-native-webrtc:mergeReleaseGeneratedProguardFiles
> Task :livekit_react-native-webrtc:mergeReleaseConsumerProguardFiles
> Task :livekit_react-native-webrtc:mergeReleaseJavaResource
> Task :livekit_react-native-webrtc:syncReleaseLibJars
> Task :livekit_react-native-webrtc:bundleReleaseLocalLintAar
> Task :more-tech_react-native-libsodium:stripReleaseDebugSymbols
> Task :more-tech_react-native-libsodium:copyReleaseJniLibsProjectAndLocalJars
> Task :more-tech_react-native-libsodium:extractDeepLinksForAarRelease
> Task :more-tech_react-native-libsodium:extractReleaseAnnotations
> Task :more-tech_react-native-libsodium:mergeReleaseGeneratedProguardFiles
> Task :more-tech_react-native-libsodium:mergeReleaseConsumerProguardFiles
> Task :more-tech_react-native-libsodium:mergeReleaseJavaResource
> Task :more-tech_react-native-libsodium:syncReleaseLibJars
> Task :more-tech_react-native-libsodium:bundleReleaseLocalLintAar
> Task :react-native-async-storage_async-storage:stripReleaseDebugSymbols NO-SOURCE
> Task :react-native-async-storage_async-storage:copyReleaseJniLibsProjectAndLocalJars
> Task :react-native-async-storage_async-storage:extractDeepLinksForAarRelease
> Task :react-native-async-storage_async-storage:extractReleaseAnnotations
> Task :react-native-async-storage_async-storage:mergeReleaseGeneratedProguardFiles
> Task :react-native-async-storage_async-storage:mergeReleaseConsumerProguardFiles
> Task :react-native-async-storage_async-storage:mergeReleaseJavaResource
> Task :react-native-async-storage_async-storage:syncReleaseLibJars
> Task :react-native-async-storage_async-storage:bundleReleaseLocalLintAar
> Task :react-native-community_slider:stripReleaseDebugSymbols NO-SOURCE
> Task :react-native-community_slider:copyReleaseJniLibsProjectAndLocalJars
> Task :react-native-community_slider:extractDeepLinksForAarRelease
> Task :react-native-community_slider:extractReleaseAnnotations
> Task :react-native-community_slider:mergeReleaseGeneratedProguardFiles
> Task :react-native-community_slider:mergeReleaseConsumerProguardFiles
> Task :react-native-community_slider:mergeReleaseJavaResource
> Task :react-native-community_slider:syncReleaseLibJars
> Task :react-native-community_slider:bundleReleaseLocalLintAar
> Task :react-native-masked-view_masked-view:stripReleaseDebugSymbols NO-SOURCE
> Task :react-native-masked-view_masked-view:copyReleaseJniLibsProjectAndLocalJars
> Task :react-native-masked-view_masked-view:extractDeepLinksForAarRelease
> Task :react-native-masked-view_masked-view:extractReleaseAnnotations
> Task :react-native-masked-view_masked-view:mergeReleaseGeneratedProguardFiles
> Task :react-native-masked-view_masked-view:mergeReleaseConsumerProguardFiles
> Task :react-native-masked-view_masked-view:mergeReleaseJavaResource
> Task :react-native-masked-view_masked-view:syncReleaseLibJars
> Task :react-native-masked-view_masked-view:bundleReleaseLocalLintAar
> Task :react-native-picker_picker:stripReleaseDebugSymbols NO-SOURCE
> Task :react-native-picker_picker:copyReleaseJniLibsProjectAndLocalJars
> Task :react-native-picker_picker:extractDeepLinksForAarRelease
> Task :react-native-picker_picker:extractReleaseAnnotations
> Task :react-native-picker_picker:mergeReleaseGeneratedProguardFiles
> Task :react-native-picker_picker:mergeReleaseConsumerProguardFiles
> Task :react-native-picker_picker:mergeReleaseJavaResource
> Task :react-native-picker_picker:syncReleaseLibJars
> Task :react-native-picker_picker:bundleReleaseLocalLintAar
> Task :shopify_react-native-skia:stripReleaseDebugSymbols
> Task :shopify_react-native-skia:copyReleaseJniLibsProjectAndLocalJars
> Task :shopify_react-native-skia:extractDeepLinksForAarRelease
> Task :shopify_react-native-skia:extractReleaseAnnotations
> Task :shopify_react-native-skia:mergeReleaseGeneratedProguardFiles
> Task :shopify_react-native-skia:mergeReleaseConsumerProguardFiles
> Task :shopify_react-native-skia:mergeReleaseJavaResource
> Task :shopify_react-native-skia:syncReleaseLibJars
> Task :shopify_react-native-skia:bundleReleaseLocalLintAar
> Task :react-native-device-info:stripReleaseDebugSymbols NO-SOURCE
> Task :react-native-device-info:copyReleaseJniLibsProjectAndLocalJars
> Task :react-native-device-info:extractDeepLinksForAarRelease
> Task :react-native-device-info:extractReleaseAnnotations
> Task :react-native-device-info:mergeReleaseGeneratedProguardFiles
> Task :react-native-device-info:mergeReleaseConsumerProguardFiles
> Task :react-native-device-info:mergeReleaseJavaResource
> Task :react-native-device-info:syncReleaseLibJars
> Task :react-native-device-info:bundleReleaseLocalLintAar
> Task :react-native-mmkv:stripReleaseDebugSymbols NO-SOURCE
> Task :react-native-mmkv:copyReleaseJniLibsProjectAndLocalJars
> Task :react-native-mmkv:extractDeepLinksForAarRelease
> Task :react-native-mmkv:extractReleaseAnnotations
> Task :react-native-mmkv:mergeReleaseGeneratedProguardFiles
> Task :react-native-mmkv:mergeReleaseConsumerProguardFiles
> Task :react-native-mmkv:mergeReleaseJavaResource
> Task :react-native-mmkv:syncReleaseLibJars
> Task :react-native-mmkv:bundleReleaseLocalLintAar
> Task :react-native-purchases:stripReleaseDebugSymbols NO-SOURCE
> Task :react-native-purchases:copyReleaseJniLibsProjectAndLocalJars
> Task :react-native-purchases:extractDeepLinksForAarRelease
> Task :react-native-purchases:extractReleaseAnnotations
> Task :react-native-purchases:mergeReleaseGeneratedProguardFiles
> Task :react-native-purchases:mergeReleaseConsumerProguardFiles
> Task :react-native-purchases:mergeReleaseJavaResource
> Task :react-native-purchases:syncReleaseLibJars
> Task :react-native-purchases:bundleReleaseLocalLintAar
> Task :react-native-svg:stripReleaseDebugSymbols NO-SOURCE
> Task :react-native-svg:copyReleaseJniLibsProjectAndLocalJars
> Task :react-native-svg:extractDeepLinksForAarRelease
> Task :react-native-svg:extractReleaseAnnotations
> Task :react-native-svg:mergeReleaseGeneratedProguardFiles
> Task :react-native-svg:mergeReleaseConsumerProguardFiles
> Task :react-native-svg:mergeReleaseJavaResource
> Task :react-native-svg:syncReleaseLibJars
> Task :react-native-svg:bundleReleaseLocalLintAar
> Task :react-native-view-shot:stripReleaseDebugSymbols NO-SOURCE
> Task :react-native-view-shot:copyReleaseJniLibsProjectAndLocalJars
> Task :react-native-view-shot:extractDeepLinksForAarRelease

> Task :react-native-view-shot:extractReleaseAnnotations
Warning: fr.greweb.reactnativeviewshot.ViewShot.Formats: The typedef annotation should have @Retention(RetentionPolicy.SOURCE)
Warning: fr.greweb.reactnativeviewshot.ViewShot.Results: The typedef annotation should have @Retention(RetentionPolicy.SOURCE)

> Task :react-native-view-shot:mergeReleaseGeneratedProguardFiles
> Task :react-native-view-shot:mergeReleaseConsumerProguardFiles
> Task :react-native-view-shot:mergeReleaseJavaResource
> Task :react-native-view-shot:syncReleaseLibJars
> Task :react-native-view-shot:bundleReleaseLocalLintAar
> Task :expo-log-box:stripReleaseDebugSymbols NO-SOURCE
> Task :expo-log-box:copyReleaseJniLibsProjectAndLocalJars
> Task :expo-log-box:extractDeepLinksForAarRelease
> Task :expo-log-box:extractReleaseAnnotations
> Task :expo-log-box:mergeReleaseGeneratedProguardFiles
> Task :expo-log-box:mergeReleaseConsumerProguardFiles
> Task :expo-log-box:mergeReleaseJavaResource
> Task :expo-log-box:syncReleaseLibJars
> Task :expo-log-box:bundleReleaseLocalLintAar
> Task :expo-dev-launcher:stripReleaseDebugSymbols NO-SOURCE
> Task :expo-dev-launcher:copyReleaseJniLibsProjectAndLocalJars
> Task :expo-dev-launcher:extractDeepLinksForAarRelease
> Task :expo-dev-launcher:extractReleaseAnnotations
> Task :expo-dev-launcher:mergeReleaseGeneratedProguardFiles
> Task :expo-dev-launcher:mergeReleaseConsumerProguardFiles
> Task :expo-dev-launcher:mergeReleaseJavaResource
> Task :expo-dev-launcher:syncReleaseLibJars
> Task :expo-dev-launcher:bundleReleaseLocalLintAar
> Task :expo-dev-menu-interface:stripReleaseDebugSymbols NO-SOURCE
> Task :expo-dev-menu-interface:copyReleaseJniLibsProjectAndLocalJars
> Task :expo-dev-menu-interface:extractDeepLinksForAarRelease
> Task :expo-dev-menu-interface:extractReleaseAnnotations
> Task :expo-dev-menu-interface:mergeReleaseGeneratedProguardFiles
> Task :expo-dev-menu-interface:mergeReleaseConsumerProguardFiles
> Task :expo-dev-menu-interface:mergeReleaseJavaResource
> Task :expo-dev-menu-interface:syncReleaseLibJars
> Task :expo-dev-menu-interface:bundleReleaseLocalLintAar
> Task :expo-updates:stripReleaseDebugSymbols
> Task :expo-updates:copyReleaseJniLibsProjectAndLocalJars
> Task :expo-updates:extractDeepLinksForAarRelease
> Task :expo-updates:extractReleaseAnnotations
> Task :expo-updates:mergeReleaseGeneratedProguardFiles
> Task :expo-updates:mergeReleaseConsumerProguardFiles
> Task :expo-updates:mergeReleaseJavaResource
> Task :expo-updates:syncReleaseLibJars
> Task :expo-updates:bundleReleaseLocalLintAar
> Task :expo-constants:stripReleaseDebugSymbols NO-SOURCE
> Task :expo-constants:copyReleaseJniLibsProjectAndLocalJars
> Task :expo-constants:extractDeepLinksForAarRelease
> Task :expo-constants:extractReleaseAnnotations
> Task :expo-constants:mergeReleaseGeneratedProguardFiles
> Task :expo-constants:mergeReleaseConsumerProguardFiles
> Task :expo-constants:mergeReleaseJavaResource
> Task :expo-constants:syncReleaseLibJars
> Task :expo-constants:bundleReleaseLocalLintAar
> Task :expo-dev-client:stripReleaseDebugSymbols NO-SOURCE
> Task :expo-dev-client:copyReleaseJniLibsProjectAndLocalJars
> Task :expo-dev-client:extractDeepLinksForAarRelease
> Task :expo-dev-client:extractReleaseAnnotations
> Task :expo-dev-client:mergeReleaseGeneratedProguardFiles
> Task :expo-dev-client:mergeReleaseConsumerProguardFiles
> Task :expo-dev-client:mergeReleaseJavaResource
> Task :expo-dev-client:syncReleaseLibJars
> Task :expo-dev-client:bundleReleaseLocalLintAar
> Task :expo-dev-menu:stripReleaseDebugSymbols NO-SOURCE
> Task :expo-dev-menu:copyReleaseJniLibsProjectAndLocalJars
> Task :expo-dev-menu:extractDeepLinksForAarRelease
> Task :expo-dev-menu:extractReleaseAnnotations
> Task :expo-dev-menu:mergeReleaseGeneratedProguardFiles
> Task :expo-dev-menu:mergeReleaseConsumerProguardFiles
> Task :expo-dev-menu:mergeReleaseJavaResource
> Task :expo-dev-menu:syncReleaseLibJars
> Task :expo-dev-menu:bundleReleaseLocalLintAar
> Task :expo-eas-client:stripReleaseDebugSymbols NO-SOURCE
> Task :expo-eas-client:copyReleaseJniLibsProjectAndLocalJars
> Task :expo-eas-client:extractDeepLinksForAarRelease
> Task :expo-eas-client:extractReleaseAnnotations
> Task :expo-eas-client:mergeReleaseGeneratedProguardFiles
> Task :expo-eas-client:mergeReleaseConsumerProguardFiles
> Task :expo-eas-client:mergeReleaseJavaResource
> Task :expo-eas-client:syncReleaseLibJars
> Task :expo-eas-client:bundleReleaseLocalLintAar
> Task :expo-manifests:stripReleaseDebugSymbols NO-SOURCE
> Task :expo-manifests:copyReleaseJniLibsProjectAndLocalJars
> Task :expo-manifests:extractDeepLinksForAarRelease
> Task :expo-manifests:extractReleaseAnnotations
> Task :expo-manifests:mergeReleaseGeneratedProguardFiles
> Task :expo-manifests:mergeReleaseConsumerProguardFiles
> Task :expo-manifests:mergeReleaseJavaResource
> Task :expo-manifests:syncReleaseLibJars
> Task :expo-manifests:bundleReleaseLocalLintAar
> Task :expo-json-utils:stripReleaseDebugSymbols NO-SOURCE
> Task :expo-json-utils:copyReleaseJniLibsProjectAndLocalJars
> Task :expo-json-utils:extractDeepLinksForAarRelease
> Task :expo-json-utils:extractReleaseAnnotations
> Task :expo-json-utils:mergeReleaseGeneratedProguardFiles
> Task :expo-json-utils:mergeReleaseConsumerProguardFiles
> Task :expo-json-utils:mergeReleaseJavaResource
> Task :expo-json-utils:syncReleaseLibJars
> Task :expo-json-utils:bundleReleaseLocalLintAar
> Task :expo-structured-headers:stripReleaseDebugSymbols NO-SOURCE
> Task :expo-structured-headers:copyReleaseJniLibsProjectAndLocalJars
> Task :expo-structured-headers:extractDeepLinksForAarRelease
> Task :expo-structured-headers:extractReleaseAnnotations
> Task :expo-structured-headers:mergeReleaseGeneratedProguardFiles
> Task :expo-structured-headers:mergeReleaseConsumerProguardFiles
> Task :expo-structured-headers:mergeReleaseJavaResource
> Task :expo-structured-headers:syncReleaseLibJars
> Task :expo-structured-headers:bundleReleaseLocalLintAar
> Task :expo-updates-interface:stripReleaseDebugSymbols NO-SOURCE
> Task :expo-updates-interface:copyReleaseJniLibsProjectAndLocalJars
> Task :expo-updates-interface:extractDeepLinksForAarRelease
> Task :expo-updates-interface:extractReleaseAnnotations
> Task :expo-updates-interface:mergeReleaseGeneratedProguardFiles
> Task :expo-updates-interface:mergeReleaseConsumerProguardFiles
> Task :expo-updates-interface:mergeReleaseJavaResource
> Task :expo-updates-interface:syncReleaseLibJars
> Task :expo-updates-interface:bundleReleaseLocalLintAar
> Task :expo-constants:writeReleaseLintModelMetadata
> Task :expo-dev-client:writeReleaseLintModelMetadata
> Task :expo-dev-launcher:writeReleaseLintModelMetadata
> Task :expo-dev-menu:writeReleaseLintModelMetadata
> Task :expo-dev-menu-interface:writeReleaseLintModelMetadata
> Task :expo-eas-client:writeReleaseLintModelMetadata
> Task :expo-http-server:writeReleaseLintModelMetadata
> Task :expo-json-utils:writeReleaseLintModelMetadata
> Task :expo-log-box:writeReleaseLintModelMetadata
> Task :expo-manifests:writeReleaseLintModelMetadata
> Task :expo-modules-core:writeReleaseLintModelMetadata
> Task :expo-structured-headers:writeReleaseLintModelMetadata
> Task :expo-updates:writeReleaseLintModelMetadata
> Task :expo-updates-interface:writeReleaseLintModelMetadata
> Task :livekit-react-native-expo-plugin:writeReleaseLintModelMetadata
> Task :livekit_react-native:writeReleaseLintModelMetadata
> Task :livekit_react-native-webrtc:writeReleaseLintModelMetadata
> Task :react-native-worklets:writeReleaseLintModelMetadata

> Task :app:createReleaseUpdatesResources
[33m[7m[1m WARN [22m[27m[39m Attempted to import the module "<worktree>/node_modules/@paralleldrive/cuid2/node_modules/@noble/hashes/crypto.js" which is not listed in the "exports" of "<worktree>/node_modules/@paralleldrive/cuid2/node_modules/@noble/hashes" under the requested subpath "./crypto.js". Falling back to file-based resolution. Consider updating the call site or asking the package maintainer(s) to expose this API.

> Task :expo:lintVitalAnalyzeRelease
> Task :expo:writeReleaseLintModelMetadata
> Task :expo-constants:lintVitalAnalyzeRelease
> Task :app:compileReleaseArtProfile
> Task :app:generateReleaseAssets UP-TO-DATE
> Task :app:mergeReleaseAssets
> Task :app:compressReleaseAssets
> Task :app:extractReleaseVersionControlInfo
> Task :app:extractProguardFiles
> Task :app:generateReleaseLintVitalReportModel
> Task :expo-dev-client:lintVitalAnalyzeRelease
> Task :expo-dev-menu:lintVitalAnalyzeRelease
> Task :expo-dev-launcher:lintVitalAnalyzeRelease
> Task :expo-dev-menu-interface:lintVitalAnalyzeRelease
> Task :expo-eas-client:lintVitalAnalyzeRelease
> Task :expo-http-server:lintVitalAnalyzeRelease
> Task :expo-json-utils:lintVitalAnalyzeRelease
> Task :expo-log-box:lintVitalAnalyzeRelease
> Task :expo-manifests:lintVitalAnalyzeRelease
> Task :expo-structured-headers:lintVitalAnalyzeRelease
> Task :expo-modules-core:lintVitalAnalyzeRelease
> Task :expo-updates-interface:lintVitalAnalyzeRelease
> Task :expo-updates:lintVitalAnalyzeRelease
> Task :livekit-react-native-expo-plugin:lintVitalAnalyzeRelease
> Task :livekit_react-native:lintVitalAnalyzeRelease
> Task :lottie-react-native:lintVitalAnalyzeRelease
> Task :lottie-react-native:writeReleaseLintModelMetadata
> Task :more-tech_react-native-libsodium:lintVitalAnalyzeRelease
> Task :more-tech_react-native-libsodium:writeReleaseLintModelMetadata
> Task :livekit_react-native-webrtc:lintVitalAnalyzeRelease
> Task :react-native-async-storage_async-storage:writeReleaseLintModelMetadata
> Task :react-native-audio-api:lintVitalAnalyzeRelease
> Task :react-native-audio-api:writeReleaseLintModelMetadata
> Task :react-native-async-storage_async-storage:lintVitalAnalyzeRelease
> Task :react-native-community_datetimepicker:writeReleaseLintModelMetadata
> Task :react-native-community_slider:lintVitalAnalyzeRelease
> Task :react-native-community_slider:writeReleaseLintModelMetadata
> Task :react-native-community_datetimepicker:lintVitalAnalyzeRelease
> Task :react-native-device-info:writeReleaseLintModelMetadata
> Task :react-native-device-info:lintVitalAnalyzeRelease
> Task :react-native-enriched:writeReleaseLintModelMetadata
> Task :react-native-reanimated:writeReleaseLintModelMetadata
> Task :react-native-svg:writeReleaseLintModelMetadata
> Task :react-native-gesture-handler:lintVitalAnalyzeRelease
> Task :react-native-gesture-handler:writeReleaseLintModelMetadata
> Task :react-native-enriched:lintVitalAnalyzeRelease
> Task :react-native-keyboard-controller:writeReleaseLintModelMetadata
> Task :react-native-keyboard-controller:lintVitalAnalyzeRelease
> Task :react-native-localize:writeReleaseLintModelMetadata
> Task :react-native-localize:lintVitalAnalyzeRelease
> Task :react-native-masked-view_masked-view:writeReleaseLintModelMetadata
> Task :react-native-masked-view_masked-view:lintVitalAnalyzeRelease
> Task :react-native-mmkv:writeReleaseLintModelMetadata
> Task :react-native-nitro-modules:lintVitalAnalyzeRelease
> Task :react-native-nitro-modules:writeReleaseLintModelMetadata
> Task :react-native-mmkv:lintVitalAnalyzeRelease
> Task :react-native-picker_picker:writeReleaseLintModelMetadata
> Task :react-native-purchases:lintVitalAnalyzeRelease
> Task :react-native-purchases:writeReleaseLintModelMetadata
> Task :react-native-picker_picker:lintVitalAnalyzeRelease
> Task :react-native-purchases-ui:writeReleaseLintModelMetadata
> Task :react-native-quick-base64:lintVitalAnalyzeRelease
> Task :react-native-quick-base64:writeReleaseLintModelMetadata
> Task :react-native-reanimated:lintVitalAnalyzeRelease SKIPPED
> Task :react-native-safe-area-context:lintVitalAnalyzeRelease
> Task :react-native-safe-area-context:writeReleaseLintModelMetadata
> Task :react-native-purchases-ui:lintVitalAnalyzeRelease
> Task :react-native-screens:writeReleaseLintModelMetadata
> Task :react-native-svg:lintVitalAnalyzeRelease
> Task :react-native-screens:lintVitalAnalyzeRelease
> Task :react-native-unistyles:writeReleaseLintModelMetadata
> Task :react-native-unistyles:lintVitalAnalyzeRelease
> Task :react-native-view-shot:writeReleaseLintModelMetadata
> Task :react-native-view-shot:lintVitalAnalyzeRelease
> Task :react-native-vision-camera:writeReleaseLintModelMetadata
> Task :react-native-vision-camera:lintVitalAnalyzeRelease
> Task :react-native-webview:writeReleaseLintModelMetadata
> Task :react-native-worklets:lintVitalAnalyzeRelease SKIPPED
> Task :react-native-webview:lintVitalAnalyzeRelease
> Task :rn-encryption:writeReleaseLintModelMetadata
> Task :rn-encryption:lintVitalAnalyzeRelease
> Task :shopify_react-native-skia:writeReleaseLintModelMetadata
> Task :expo:generateReleaseLintVitalModel
> Task :expo-constants:generateReleaseLintVitalModel
> Task :expo-dev-client:generateReleaseLintVitalModel
> Task :expo-dev-launcher:generateReleaseLintVitalModel
> Task :expo-dev-menu:generateReleaseLintVitalModel
> Task :expo-dev-menu-interface:generateReleaseLintVitalModel
> Task :expo-eas-client:generateReleaseLintVitalModel
> Task :expo-http-server:generateReleaseLintVitalModel
> Task :expo-json-utils:generateReleaseLintVitalModel
> Task :expo-log-box:generateReleaseLintVitalModel
> Task :expo-manifests:generateReleaseLintVitalModel
> Task :expo-modules-core:generateReleaseLintVitalModel
> Task :expo-structured-headers:generateReleaseLintVitalModel
> Task :expo-updates:generateReleaseLintVitalModel
> Task :expo-updates-interface:generateReleaseLintVitalModel
> Task :livekit-react-native-expo-plugin:generateReleaseLintVitalModel
> Task :livekit_react-native:generateReleaseLintVitalModel
> Task :livekit_react-native-webrtc:generateReleaseLintVitalModel
> Task :lottie-react-native:generateReleaseLintVitalModel
> Task :more-tech_react-native-libsodium:generateReleaseLintVitalModel
> Task :react-native-async-storage_async-storage:generateReleaseLintVitalModel
> Task :react-native-audio-api:generateReleaseLintVitalModel
> Task :react-native-community_datetimepicker:generateReleaseLintVitalModel
> Task :react-native-community_slider:generateReleaseLintVitalModel
> Task :react-native-device-info:generateReleaseLintVitalModel
> Task :react-native-enriched:generateReleaseLintVitalModel
> Task :react-native-gesture-handler:generateReleaseLintVitalModel
> Task :react-native-keyboard-controller:generateReleaseLintVitalModel
> Task :react-native-localize:generateReleaseLintVitalModel
> Task :react-native-masked-view_masked-view:generateReleaseLintVitalModel
> Task :react-native-mmkv:generateReleaseLintVitalModel
> Task :react-native-nitro-modules:generateReleaseLintVitalModel
> Task :react-native-picker_picker:generateReleaseLintVitalModel
> Task :react-native-purchases:generateReleaseLintVitalModel
> Task :react-native-purchases-ui:generateReleaseLintVitalModel
> Task :react-native-quick-base64:generateReleaseLintVitalModel
> Task :react-native-reanimated:generateReleaseLintVitalModel
> Task :react-native-safe-area-context:generateReleaseLintVitalModel
> Task :react-native-screens:generateReleaseLintVitalModel
> Task :react-native-svg:generateReleaseLintVitalModel
> Task :react-native-unistyles:generateReleaseLintVitalModel
> Task :react-native-view-shot:generateReleaseLintVitalModel
> Task :react-native-vision-camera:generateReleaseLintVitalModel
> Task :react-native-webview:generateReleaseLintVitalModel
> Task :react-native-worklets:generateReleaseLintVitalModel
> Task :rn-encryption:generateReleaseLintVitalModel
> Task :shopify_react-native-skia:generateReleaseLintVitalModel
> Task :app:processReleaseJavaRes
> Task :shopify_react-native-skia:lintVitalAnalyzeRelease
> Task :app:lintVitalAnalyzeRelease
> Task :app:lintVitalReportRelease
> Task :app:lintVitalRelease
> Task :app:optimizeReleaseResources
> Task :app:collectReleaseDependencies
> Task :app:sdkReleaseDependencyData
> Task :app:validateSigningRelease
> Task :app:writeReleaseAppMetadata
> Task :app:writeReleaseSigningConfigVersions
> Task :app:mergeReleaseJavaResource
> Task :app:packageRelease
> Task :app:createReleaseApkListingFileRedirect
> Task :app:assembleRelease

[Incubating] Problems report is available at: file://<worktree>/packages/lyntty-app/android/build/reports/problems/problems-report.html

Deprecated Gradle features were used in this build, making it incompatible with Gradle 10.

You can use '--warning-mode all' to show the individual deprecation warnings and determine if they come from your own scripts or plugins.

For more on this, please refer to https://docs.gradle.org/9.0.0/userguide/command_line_interface.html#sec:command_line_warnings in the Gradle documentation.

BUILD SUCCESSFUL in 15m 7s
1947 actionable tasks: 1911 executed, 36 up-to-date
