
  lyntty server
  data dir:   /tmp/lyntty-r75-final4-node.XdlA68/server-data
  server url: http://127.0.0.1:3005
  mode:       source (dev)
  webapp:     (no build) — API only. Run `pnpm bundle:webapp` to build.

Running migrations...
Migrating database in /tmp/lyntty-r75-final4-node.XdlA68/server-data/pglite...
  Applying 20250713002718_initial...
  Applying 20250713004156_add_sessions...
  Applying 20250713032124_add_tag_to_session...
  Applying 20250714030924_add_session_metadata...
  Applying 20250714032124_session_timeouts...
  Applying 20250715012822_add_metadata_version_agent_state...
  Applying 20250718031550_add_local_id_to_session_message...
  Applying 20250718032748_add_push_token...
  Applying 20250719042829_add_terminal_auth_request...
  Applying 20250719061508_add_response_account...
  Applying 20250721073743_add_usage_report...
  Applying 20250726092110_remove_updates...
  Applying 20250726205102_add_settings_to_account...
  Applying 20250726205206_add_account_settings_version...
  Applying 20250812092041_add_machine_model...
  Applying 20250816171155_add_app_to_app_authentication...
  Applying 20250818044258_add_daemon_state_to_machine...
  Applying 20250820051609_add_session_id_seq_index...
  Applying 20250820052449_add_session_sort...
  Applying 20250827015520_add_github_entities...
  Applying 20250827044624_add_user_profile_fields...
  Applying 20250827045037_add_reuse_key_to_file...
  Applying 20250827051355_add_image_parameters...
  Applying 20250901205028_add_service_account_tokens...
  Applying 20250908050408_add_data_encryption_key...
  Applying 20250908052114_add_machine_data_encryption_key...
  Applying 20250911030241_add_version2_field...
  Applying 20250917052000_add_artefacts...
  Applying 20250917055002_add_access_key...
  Applying 20250918045344_add_friendships...
  Applying 20250919021354_fix_relationship_status...
  Applying 20250920025406_add_username...
  Applying 20250920035415_make_github_user_id_unique...
  Applying 20250920213557_add_user_feed...
  Applying 20250920215413_add_last_notified_at...
  Applying 20250922000310_add_user_kv...
  Applying 20260407053500_add_voice_conversation...
  Applying 20260702033500_add_auth_token_revocation...
  Applying 20260704062000_auth_request_expiry_consumption...
Applied 39 migration(s).
Starting server...

✓ lyntty-relay starting at http://127.0.0.1:3005
  Press Ctrl-C to stop.

[18:49:48.795] [32mINFO[39m: [36mINFO Initializing auth module... | [1783968588795][39m
    [35mlocalTime[39m: "02:49:48.795"
    [35mmodule[39m: "auth"
[18:49:48.981] [32mINFO[39m: [36mINFO Auth module initialized | [1783968588981][39m
    [35mlocalTime[39m: "02:49:48.981"
    [35mmodule[39m: "auth"
[18:49:48.982] [32mINFO[39m: [36mINFO Starting API... | [1783968588982][39m
    [35mlocalTime[39m: "02:49:48.982"
[18:49:49.060] [32mINFO[39m: [36mINFO Server listening at http://127.0.0.1:3005 | [1783968589060][39m
    [35mlocalTime[39m: "02:49:49.060"
[18:49:49.060] [32mINFO[39m: [36mINFO Server listening at http://192.168.100.21:3005 | [1783968589060][39m
    [35mlocalTime[39m: "02:49:49.060"
[18:49:49.061] [32mINFO[39m: [36mINFO API ready on http://0.0.0.0:3005 | [1783968589061][39m
    [35mlocalTime[39m: "02:49:49.061"
[18:49:50.017] [32mINFO[39m: [36mINFO incoming request | [1783968590017][39m
    [35mlocalTime[39m: "02:49:50.017"
    [35mreqId[39m: "req-1"
    [35mreq[39m: {
      "method": "POST",
      "url": "/v1/version",
      "host": "127.0.0.1:3005",
      "remoteAddress": "127.0.0.1",
      "remotePort": 58722
    }
[18:49:50.020] [31mERROR[39m: [36mundefined Request error: body/platform Invalid input: expected string, received undefined, body/app_id Invalid input: expected string, received undefined | [1783968590020][39m
    [35mlocalTime[39m: "02:49:50.020"
    [35mmodule[39m: "fastify-hook-error"
    [35mmethod[39m: "POST"
    [35murl[39m: "/v1/version"
    [35mduration[39m: 0.003
    [35mstatusCode[39m: 200
    [35merrorName[39m: "Error"
    [35merrorCode[39m: "FST_ERR_VALIDATION"
[18:49:50.020] [31mERROR[39m: [36mundefined Unhandled error: body/platform Invalid input: expected string, received undefined, body/app_id Invalid input: expected string, received undefined | [1783968590020][39m
    [35mlocalTime[39m: "02:49:50.020"
    [35mmodule[39m: "fastify-error"
    [35mmethod[39m: "POST"
    [35murl[39m: "/v1/version"
    [35muserAgent[39m: "curl/8.21.0"
    [35mip[39m: "127.0.0.1"
    [35mstatusCode[39m: 400
    [35merrorCode[39m: "FST_ERR_VALIDATION"
    [35mstack[39m: "Error: body/platform Invalid input: expected string, received undefined, body/app_id Invalid input: expected string, received undefined\n    at defaultSchemaErrorFormatter (/home/jc/dev/lyntty/worktrees/three-round-hardening/node_modules/fastify/lib/context.js:92:10)\n    at wrapValidationError (/home/jc/dev/lyntty/worktrees/three-round-hardening/node_modules/fastify/lib/validation.js:264:17)\n    at validate (/home/jc/dev/lyntty/worktrees/three-round-hardening/node_modules/fastify/lib/validation.js:182:16)\n    at preValidationCallback (/home/jc/dev/lyntty/worktrees/three-round-hardening/node_modules/fastify/lib/handle-request.js:100:25)\n    at handler (/home/jc/dev/lyntty/worktrees/three-round-hardening/node_modules/fastify/lib/handle-request.js:84:7)\n    at onDone (/home/jc/dev/lyntty/worktrees/three-round-hardening/node_modules/fastify/lib/content-type-parser.js:231:5)\n    at AsyncResource.runInAsyncScope (node:async_hooks:226:14)\n    at bound (node:async_hooks:257:16)\n    at Parser.defaultJsonParser [as fn] (/home/jc/dev/lyntty/worktrees/three-round-hardening/node_modules/fastify/lib/content-type-parser.js:319:7)\n    at IncomingMessage.onEnd (/home/jc/dev/lyntty/worktrees/three-round-hardening/node_modules/fastify/lib/content-type-parser.js:301:27)"
[18:49:50.022] [32mINFO[39m: [36mINFO request completed | [1783968590022][39m
    [35mlocalTime[39m: "02:49:50.022"
    [35mreqId[39m: "req-1"
    [35mres[39m: {
      "statusCode": 400
    }
    [35mresponseTime[39m: 4.318971000000147
[18:50:59.481] [32mINFO[39m: [36mINFO incoming request | [1783968659481][39m
    [35mlocalTime[39m: "02:50:59.481"
    [35mreqId[39m: "req-2"
    [35mreq[39m: {
      "method": "POST",
      "url": "/v1/auth",
      "host": "10.0.2.2:3005",
      "remoteAddress": "127.0.0.1",
      "remotePort": 50550
    }
[18:50:59.533] [32mINFO[39m: [36mINFO request completed | [1783968659533][39m
    [35mlocalTime[39m: "02:50:59.533"
    [35mreqId[39m: "req-2"
    [35mres[39m: {
      "statusCode": 200
    }
    [35mresponseTime[39m: 51.28347599999688
[18:51:00.011] [32mINFO[39m: [36mINFO incoming request | [1783968660011][39m
    [35mlocalTime[39m: "02:51:00.011"
    [35mreqId[39m: "req-3"
    [35mreq[39m: {
      "method": "GET",
      "url": "/v1/account/profile",
      "host": "10.0.2.2:3005",
      "remoteAddress": "127.0.0.1",
      "remotePort": 50550
    }
[18:51:00.011] [32mINFO[39m: [36mINFO Auth check - path: /v1/account/profile, has bearer header: true | [1783968660011][39m
    [35mlocalTime[39m: "02:51:00.011"
    [35mmodule[39m: "auth-decorator"
[18:51:00.015] [32mINFO[39m: [36mINFO Auth success - user: cmrjkvnea0000ovtv9ou6mcht | [1783968660015][39m
    [35mlocalTime[39m: "02:51:00.015"
    [35mmodule[39m: "auth-decorator"
[18:51:00.024] [32mINFO[39m: [36mINFO request completed | [1783968660024][39m
    [35mlocalTime[39m: "02:51:00.024"
    [35mreqId[39m: "req-3"
    [35mres[39m: {
      "statusCode": 200
    }
    [35mresponseTime[39m: 12.195915999996942
[18:51:00.031] [32mINFO[39m: [36mINFO incoming request | [1783968660031][39m
    [35mlocalTime[39m: "02:51:00.031"
    [35mreqId[39m: "req-4"
    [35mreq[39m: {
      "method": "GET",
      "url": "/v1/account/settings",
      "host": "10.0.2.2:3005",
      "remoteAddress": "127.0.0.1",
      "remotePort": 50582
    }
[18:51:00.032] [32mINFO[39m: [36mINFO Auth check - path: /v1/account/settings, has bearer header: true | [1783968660032][39m
    [35mlocalTime[39m: "02:51:00.032"
    [35mmodule[39m: "auth-decorator"
[18:51:00.032] [32mINFO[39m: [36mINFO incoming request | [1783968660032][39m
    [35mlocalTime[39m: "02:51:00.032"
    [35mreqId[39m: "req-5"
    [35mreq[39m: {
      "method": "POST",
      "url": "/v1/version",
      "host": "10.0.2.2:3005",
      "remoteAddress": "127.0.0.1",
      "remotePort": 50584
    }
[18:51:00.041] [32mINFO[39m: [36mINFO incoming request | [1783968660041][39m
    [35mlocalTime[39m: "02:51:00.041"
    [35mreqId[39m: "req-6"
    [35mreq[39m: {
      "method": "GET",
      "url": "/v1/sessions",
      "host": "10.0.2.2:3005",
      "remoteAddress": "127.0.0.1",
      "remotePort": 50566
    }
[18:51:00.042] [32mINFO[39m: [36mINFO Auth check - path: /v1/sessions, has bearer header: true | [1783968660042][39m
    [35mlocalTime[39m: "02:51:00.042"
    [35mmodule[39m: "auth-decorator"
[18:51:00.046] [32mINFO[39m: [36mINFO incoming request | [1783968660046][39m
    [35mlocalTime[39m: "02:51:00.046"
    [35mreqId[39m: "req-7"
    [35mreq[39m: {
      "method": "GET",
      "url": "/v1/machines",
      "host": "10.0.2.2:3005",
      "remoteAddress": "127.0.0.1",
      "remotePort": 50568
    }
[18:51:00.046] [32mINFO[39m: [36mINFO Auth check - path: /v1/machines, has bearer header: true | [1783968660046][39m
    [35mlocalTime[39m: "02:51:00.046"
    [35mmodule[39m: "auth-decorator"
[18:51:00.047] [32mINFO[39m: [36mINFO incoming request | [1783968660047][39m
    [35mlocalTime[39m: "02:51:00.047"
    [35mreqId[39m: "req-8"
    [35mreq[39m: {
      "method": "GET",
      "url": "/v1/artifacts",
      "host": "10.0.2.2:3005",
      "remoteAddress": "127.0.0.1",
      "remotePort": 50550
    }
[18:51:00.047] [32mINFO[39m: [36mINFO Auth check - path: /v1/artifacts, has bearer header: true | [1783968660047][39m
    [35mlocalTime[39m: "02:51:00.047"
    [35mmodule[39m: "auth-decorator"
[18:51:00.055] [32mINFO[39m: [36mINFO Auth success - user: cmrjkvnea0000ovtv9ou6mcht | [1783968660055][39m
    [35mlocalTime[39m: "02:51:00.055"
    [35mmodule[39m: "auth-decorator"
[18:51:00.055] [32mINFO[39m: [36mINFO Auth success - user: cmrjkvnea0000ovtv9ou6mcht | [1783968660055][39m
    [35mlocalTime[39m: "02:51:00.055"
    [35mmodule[39m: "auth-decorator"
[18:51:00.056] [32mINFO[39m: [36mINFO Auth success - user: cmrjkvnea0000ovtv9ou6mcht | [1783968660056][39m
    [35mlocalTime[39m: "02:51:00.056"
    [35mmodule[39m: "auth-decorator"
[18:51:00.057] [32mINFO[39m: [36mINFO Auth success - user: cmrjkvnea0000ovtv9ou6mcht | [1783968660057][39m
    [35mlocalTime[39m: "02:51:00.057"
    [35mmodule[39m: "auth-decorator"
[18:51:00.063] [32mINFO[39m: [36mINFO request completed | [1783968660063][39m
    [35mlocalTime[39m: "02:51:00.063"
    [35mreqId[39m: "req-4"
    [35mres[39m: {
      "statusCode": 200
    }
    [35mresponseTime[39m: 31.324997999996413
[18:51:00.064] [32mINFO[39m: [36mINFO request completed | [1783968660064][39m
    [35mlocalTime[39m: "02:51:00.064"
    [35mreqId[39m: "req-6"
    [35mres[39m: {
      "statusCode": 200
    }
    [35mresponseTime[39m: 22.102393000008306
[18:51:00.064] [32mINFO[39m: [36mINFO request completed | [1783968660064][39m
    [35mlocalTime[39m: "02:51:00.064"
    [35mreqId[39m: "req-7"
    [35mres[39m: {
      "statusCode": 200
    }
    [35mresponseTime[39m: 18.184699000004912
[18:51:00.065] [32mINFO[39m: [36mINFO request completed | [1783968660065][39m
    [35mlocalTime[39m: "02:51:00.065"
    [35mreqId[39m: "req-8"
    [35mres[39m: {
      "statusCode": 200
    }
    [35mresponseTime[39m: 17.59867700000177
[18:51:00.077] [32mINFO[39m: [36mINFO Token verified: cmrjkvnea0000ovtv9ou6mcht, clientType: user-scoped, client: android/1.0.0, sessionId: none, machineId: none, socketId: IVOuL8fGolJ0zIpAAAAB | [1783968660077][39m
    [35mlocalTime[39m: "02:51:00.077"
    [35mmodule[39m: "websocket"
[18:51:00.078] [32mINFO[39m: [36mINFO User connected: cmrjkvnea0000ovtv9ou6mcht | [1783968660078][39m
    [35mlocalTime[39m: "02:51:00.078"
    [35mmodule[39m: "websocket"
[18:51:00.111] [32mINFO[39m: [36mINFO incoming request | [1783968660111][39m
    [35mlocalTime[39m: "02:51:00.111"
    [35mreqId[39m: "req-9"
    [35mreq[39m: {
      "method": "GET",
      "url": "/v1/machines",
      "host": "10.0.2.2:3005",
      "remoteAddress": "127.0.0.1",
      "remotePort": 50550
    }
[18:51:00.111] [32mINFO[39m: [36mINFO Auth check - path: /v1/machines, has bearer header: true | [1783968660111][39m
    [35mlocalTime[39m: "02:51:00.111"
    [35mmodule[39m: "auth-decorator"
[18:51:00.112] [32mINFO[39m: [36mINFO incoming request | [1783968660112][39m
    [35mlocalTime[39m: "02:51:00.112"
    [35mreqId[39m: "req-a"
    [35mreq[39m: {
      "method": "GET",
      "url": "/v1/artifacts",
      "host": "10.0.2.2:3005",
      "remoteAddress": "127.0.0.1",
      "remotePort": 50582
    }
[18:51:00.112] [32mINFO[39m: [36mINFO Auth check - path: /v1/artifacts, has bearer header: true | [1783968660112][39m
    [35mlocalTime[39m: "02:51:00.112"
    [35mmodule[39m: "auth-decorator"
[18:51:00.113] [32mINFO[39m: [36mINFO incoming request | [1783968660113][39m
    [35mlocalTime[39m: "02:51:00.113"
    [35mreqId[39m: "req-b"
    [35mreq[39m: {
      "method": "GET",
      "url": "/v1/sessions",
      "host": "10.0.2.2:3005",
      "remoteAddress": "127.0.0.1",
      "remotePort": 50568
    }
[18:51:00.113] [32mINFO[39m: [36mINFO Auth check - path: /v1/sessions, has bearer header: true | [1783968660113][39m
    [35mlocalTime[39m: "02:51:00.113"
    [35mmodule[39m: "auth-decorator"
[18:51:00.118] [32mINFO[39m: [36mINFO Auth success - user: cmrjkvnea0000ovtv9ou6mcht | [1783968660118][39m
    [35mlocalTime[39m: "02:51:00.118"
    [35mmodule[39m: "auth-decorator"
[18:51:00.119] [32mINFO[39m: [36mINFO Auth success - user: cmrjkvnea0000ovtv9ou6mcht | [1783968660119][39m
    [35mlocalTime[39m: "02:51:00.119"
    [35mmodule[39m: "auth-decorator"
[18:51:00.121] [32mINFO[39m: [36mINFO request completed | [1783968660121][39m
    [35mlocalTime[39m: "02:51:00.121"
    [35mreqId[39m: "req-9"
    [35mres[39m: {
      "statusCode": 200
    }
    [35mresponseTime[39m: 9.662926000004518
[18:51:00.122] [32mINFO[39m: [36mINFO request completed | [1783968660122][39m
    [35mlocalTime[39m: "02:51:00.122"
    [35mreqId[39m: "req-a"
    [35mres[39m: {
      "statusCode": 200
    }
    [35mresponseTime[39m: 9.156405000001541
[18:51:00.122] [32mINFO[39m: [36mINFO Auth success - user: cmrjkvnea0000ovtv9ou6mcht | [1783968660122][39m
    [35mlocalTime[39m: "02:51:00.122"
    [35mmodule[39m: "auth-decorator"
[18:51:00.125] [32mINFO[39m: [36mINFO request completed | [1783968660125][39m
    [35mlocalTime[39m: "02:51:00.125"
    [35mreqId[39m: "req-b"
    [35mres[39m: {
      "statusCode": 200
    }
    [35mresponseTime[39m: 11.45566300000064
[18:51:00.148] [32mINFO[39m: [36mINFO incoming request | [1783968660148][39m
    [35mlocalTime[39m: "02:51:00.148"
    [35mreqId[39m: "req-c"
    [35mreq[39m: {
      "method": "GET",
      "url": "/v1/sessions",
      "host": "10.0.2.2:3005",
      "remoteAddress": "127.0.0.1",
      "remotePort": 50550
    }
[18:51:00.148] [32mINFO[39m: [36mINFO Auth check - path: /v1/sessions, has bearer header: true | [1783968660148][39m
    [35mlocalTime[39m: "02:51:00.148"
    [35mmodule[39m: "auth-decorator"
[18:51:00.151] [32mINFO[39m: [36mINFO Auth success - user: cmrjkvnea0000ovtv9ou6mcht | [1783968660151][39m
    [35mlocalTime[39m: "02:51:00.151"
    [35mmodule[39m: "auth-decorator"
[18:51:00.153] [32mINFO[39m: [36mINFO request completed | [1783968660153][39m
    [35mlocalTime[39m: "02:51:00.153"
    [35mreqId[39m: "req-c"
    [35mres[39m: {
      "statusCode": 200
    }
    [35mresponseTime[39m: 5.177314000000479
[18:51:02.657] [32mINFO[39m: [36mINFO request completed | [1783968662657][39m
    [35mlocalTime[39m: "02:51:02.657"
    [35mreqId[39m: "req-5"
    [35mres[39m: {
      "statusCode": 200
    }
    [35mresponseTime[39m: 2624.442458999998
[18:51:03.896] [32mINFO[39m: [36mINFO incoming request | [1783968663896][39m
    [35mlocalTime[39m: "02:51:03.896"
    [35mreqId[39m: "req-d"
    [35mreq[39m: {
      "method": "POST",
      "url": "/v1/auth/request",
      "host": "127.0.0.1:3005",
      "remoteAddress": "127.0.0.1",
      "remotePort": 50598
    }
[18:51:03.898] [32mINFO[39m: [36mINFO Terminal auth request - publicKey fingerprint: 8d0e5491fd8cdaac | [1783968663898][39m
    [35mlocalTime[39m: "02:51:03.899"
    [35mmodule[39m: "auth-request"
[18:51:03.904] [32mINFO[39m: [36mINFO request completed | [1783968663904][39m
    [35mlocalTime[39m: "02:51:03.904"
    [35mreqId[39m: "req-d"
    [35mres[39m: {
      "statusCode": 200
    }
    [35mresponseTime[39m: 6.823270000008051
[18:51:03.913] [32mINFO[39m: [36mINFO incoming request | [1783968663913][39m
    [35mlocalTime[39m: "02:51:03.913"
    [35mreqId[39m: "req-e"
    [35mreq[39m: {
      "method": "POST",
      "url": "/v1/auth/request",
      "host": "127.0.0.1:3005",
      "remoteAddress": "127.0.0.1",
      "remotePort": 50598
    }
[18:51:03.914] [32mINFO[39m: [36mINFO Terminal auth request - publicKey fingerprint: 8d0e5491fd8cdaac | [1783968663914][39m
    [35mlocalTime[39m: "02:51:03.914"
    [35mmodule[39m: "auth-request"
[18:51:03.918] [32mINFO[39m: [36mINFO request completed | [1783968663918][39m
    [35mlocalTime[39m: "02:51:03.918"
    [35mreqId[39m: "req-e"
    [35mres[39m: {
      "statusCode": 200
    }
    [35mresponseTime[39m: 4.8425720000086585
[18:51:04.921] [32mINFO[39m: [36mINFO incoming request | [1783968664921][39m
    [35mlocalTime[39m: "02:51:04.921"
    [35mreqId[39m: "req-f"
    [35mreq[39m: {
      "method": "POST",
      "url": "/v1/auth/request",
      "host": "127.0.0.1:3005",
      "remoteAddress": "127.0.0.1",
      "remotePort": 50598
    }
[18:51:04.922] [32mINFO[39m: [36mINFO Terminal auth request - publicKey fingerprint: 8d0e5491fd8cdaac | [1783968664922][39m
    [35mlocalTime[39m: "02:51:04.922"
    [35mmodule[39m: "auth-request"
[18:51:04.926] [32mINFO[39m: [36mINFO request completed | [1783968664926][39m
    [35mlocalTime[39m: "02:51:04.926"
    [35mreqId[39m: "req-f"
    [35mres[39m: {
      "statusCode": 200
    }
    [35mresponseTime[39m: 4.733789000005345
[18:51:05.928] [32mINFO[39m: [36mINFO incoming request | [1783968665928][39m
    [35mlocalTime[39m: "02:51:05.928"
    [35mreqId[39m: "req-g"
    [35mreq[39m: {
      "method": "POST",
      "url": "/v1/auth/request",
      "host": "127.0.0.1:3005",
      "remoteAddress": "127.0.0.1",
      "remotePort": 50598
    }
[18:51:05.929] [32mINFO[39m: [36mINFO Terminal auth request - publicKey fingerprint: 8d0e5491fd8cdaac | [1783968665929][39m
    [35mlocalTime[39m: "02:51:05.929"
    [35mmodule[39m: "auth-request"
[18:51:05.933] [32mINFO[39m: [36mINFO request completed | [1783968665933][39m
    [35mlocalTime[39m: "02:51:05.933"
    [35mreqId[39m: "req-g"
    [35mres[39m: {
      "statusCode": 200
    }
    [35mresponseTime[39m: 4.200276999996277
[18:51:06.936] [32mINFO[39m: [36mINFO incoming request | [1783968666936][39m
    [35mlocalTime[39m: "02:51:06.936"
    [35mreqId[39m: "req-h"
    [35mreq[39m: {
      "method": "POST",
      "url": "/v1/auth/request",
      "host": "127.0.0.1:3005",
      "remoteAddress": "127.0.0.1",
      "remotePort": 50598
    }
[18:51:06.937] [32mINFO[39m: [36mINFO Terminal auth request - publicKey fingerprint: 8d0e5491fd8cdaac | [1783968666937][39m
    [35mlocalTime[39m: "02:51:06.937"
    [35mmodule[39m: "auth-request"
[18:51:06.940] [32mINFO[39m: [36mINFO request completed | [1783968666940][39m
    [35mlocalTime[39m: "02:51:06.940"
    [35mreqId[39m: "req-h"
    [35mres[39m: {
      "statusCode": 200
    }
    [35mresponseTime[39m: 4.180739999996149
[18:51:07.942] [32mINFO[39m: [36mINFO incoming request | [1783968667942][39m
    [35mlocalTime[39m: "02:51:07.942"
    [35mreqId[39m: "req-i"
    [35mreq[39m: {
      "method": "POST",
      "url": "/v1/auth/request",
      "host": "127.0.0.1:3005",
      "remoteAddress": "127.0.0.1",
      "remotePort": 50598
    }
[18:51:07.943] [32mINFO[39m: [36mINFO Terminal auth request - publicKey fingerprint: 8d0e5491fd8cdaac | [1783968667943][39m
    [35mlocalTime[39m: "02:51:07.943"
    [35mmodule[39m: "auth-request"
[18:51:07.947] [32mINFO[39m: [36mINFO request completed | [1783968667947][39m
    [35mlocalTime[39m: "02:51:07.947"
    [35mreqId[39m: "req-i"
    [35mres[39m: {
      "statusCode": 200
    }
    [35mresponseTime[39m: 4.528160000001662
[18:51:08.949] [32mINFO[39m: [36mINFO incoming request | [1783968668949][39m
    [35mlocalTime[39m: "02:51:08.949"
    [35mreqId[39m: "req-j"
    [35mreq[39m: {
      "method": "POST",
      "url": "/v1/auth/request",
      "host": "127.0.0.1:3005",
      "remoteAddress": "127.0.0.1",
      "remotePort": 50598
    }
[18:51:08.950] [32mINFO[39m: [36mINFO Terminal auth request - publicKey fingerprint: 8d0e5491fd8cdaac | [1783968668950][39m
    [35mlocalTime[39m: "02:51:08.950"
    [35mmodule[39m: "auth-request"
[18:51:08.954] [32mINFO[39m: [36mINFO request completed | [1783968668954][39m
    [35mlocalTime[39m: "02:51:08.954"
    [35mreqId[39m: "req-j"
    [35mres[39m: {
      "statusCode": 200
    }
    [35mresponseTime[39m: 5.343684999999823
[18:51:09.957] [32mINFO[39m: [36mINFO incoming request | [1783968669957][39m
    [35mlocalTime[39m: "02:51:09.957"
    [35mreqId[39m: "req-k"
    [35mreq[39m: {
      "method": "POST",
      "url": "/v1/auth/request",
      "host": "127.0.0.1:3005",
      "remoteAddress": "127.0.0.1",
      "remotePort": 50598
    }
[18:51:09.958] [32mINFO[39m: [36mINFO Terminal auth request - publicKey fingerprint: 8d0e5491fd8cdaac | [1783968669958][39m
    [35mlocalTime[39m: "02:51:09.958"
    [35mmodule[39m: "auth-request"
[18:51:09.962] [32mINFO[39m: [36mINFO request completed | [1783968669962][39m
    [35mlocalTime[39m: "02:51:09.962"
    [35mreqId[39m: "req-k"
    [35mres[39m: {
      "statusCode": 200
    }
    [35mresponseTime[39m: 5.003148000003421
[18:51:10.964] [32mINFO[39m: [36mINFO incoming request | [1783968670964][39m
    [35mlocalTime[39m: "02:51:10.964"
    [35mreqId[39m: "req-l"
    [35mreq[39m: {
      "method": "POST",
      "url": "/v1/auth/request",
      "host": "127.0.0.1:3005",
      "remoteAddress": "127.0.0.1",
      "remotePort": 50598
    }
[18:51:10.966] [32mINFO[39m: [36mINFO Terminal auth request - publicKey fingerprint: 8d0e5491fd8cdaac | [1783968670966][39m
    [35mlocalTime[39m: "02:51:10.966"
    [35mmodule[39m: "auth-request"
[18:51:10.970] [32mINFO[39m: [36mINFO request completed | [1783968670970][39m
    [35mlocalTime[39m: "02:51:10.970"
    [35mreqId[39m: "req-l"
    [35mres[39m: {
      "statusCode": 200
    }
    [35mresponseTime[39m: 5.609853999994812
[18:51:10.996] [32mINFO[39m: [36mINFO User disconnected: cmrjkvnea0000ovtv9ou6mcht | [1783968670996][39m
    [35mlocalTime[39m: "02:51:10.997"
    [35mmodule[39m: "websocket"
[18:51:11.974] [32mINFO[39m: [36mINFO incoming request | [1783968671974][39m
    [35mlocalTime[39m: "02:51:11.974"
    [35mreqId[39m: "req-m"
    [35mreq[39m: {
      "method": "POST",
      "url": "/v1/auth/request",
      "host": "127.0.0.1:3005",
      "remoteAddress": "127.0.0.1",
      "remotePort": 50598
    }
[18:51:11.974] [32mINFO[39m: [36mINFO Terminal auth request - publicKey fingerprint: 8d0e5491fd8cdaac | [1783968671974][39m
    [35mlocalTime[39m: "02:51:11.974"
    [35mmodule[39m: "auth-request"
[18:51:11.977] [32mINFO[39m: [36mINFO request completed | [1783968671977][39m
    [35mlocalTime[39m: "02:51:11.977"
    [35mreqId[39m: "req-m"
    [35mres[39m: {
      "statusCode": 200
    }
    [35mresponseTime[39m: 3.2213950000004843
[18:51:12.497] [32mINFO[39m: [36mINFO incoming request | [1783968672497][39m
    [35mlocalTime[39m: "02:51:12.497"
    [35mreqId[39m: "req-n"
    [35mreq[39m: {
      "method": "GET",
      "url": "/v1/machines",
      "host": "10.0.2.2:3005",
      "remoteAddress": "127.0.0.1",
      "remotePort": 56800
    }
[18:51:12.498] [32mINFO[39m: [36mINFO Auth check - path: /v1/machines, has bearer header: true | [1783968672498][39m
    [35mlocalTime[39m: "02:51:12.498"
    [35mmodule[39m: "auth-decorator"
[18:51:12.498] [32mINFO[39m: [36mINFO incoming request | [1783968672498][39m
    [35mlocalTime[39m: "02:51:12.498"
    [35mreqId[39m: "req-o"
    [35mreq[39m: {
      "method": "GET",
      "url": "/v1/account/settings",
      "host": "10.0.2.2:3005",
      "remoteAddress": "127.0.0.1",
      "remotePort": 56788
    }
[18:51:12.498] [32mINFO[39m: [36mINFO Auth check - path: /v1/account/settings, has bearer header: true | [1783968672498][39m
    [35mlocalTime[39m: "02:51:12.498"
    [35mmodule[39m: "auth-decorator"
[18:51:12.502] [32mINFO[39m: [36mINFO Auth success - user: cmrjkvnea0000ovtv9ou6mcht | [1783968672502][39m
    [35mlocalTime[39m: "02:51:12.502"
    [35mmodule[39m: "auth-decorator"
[18:51:12.503] [32mINFO[39m: [36mINFO Auth success - user: cmrjkvnea0000ovtv9ou6mcht | [1783968672503][39m
    [35mlocalTime[39m: "02:51:12.503"
    [35mmodule[39m: "auth-decorator"
[18:51:12.506] [32mINFO[39m: [36mINFO request completed | [1783968672506][39m
    [35mlocalTime[39m: "02:51:12.506"
    [35mreqId[39m: "req-n"
    [35mres[39m: {
      "statusCode": 200
    }
    [35mresponseTime[39m: 8.112563999995473
[18:51:12.506] [32mINFO[39m: [36mINFO request completed | [1783968672506][39m
    [35mlocalTime[39m: "02:51:12.506"
    [35mreqId[39m: "req-o"
    [35mres[39m: {
      "statusCode": 200
    }
    [35mresponseTime[39m: 7.962641000005533
[18:51:12.507] [32mINFO[39m: [36mINFO incoming request | [1783968672507][39m
    [35mlocalTime[39m: "02:51:12.507"
    [35mreqId[39m: "req-p"
    [35mreq[39m: {
      "method": "GET",
      "url": "/v1/sessions",
      "host": "10.0.2.2:3005",
      "remoteAddress": "127.0.0.1",
      "remotePort": 56772
    }
[18:51:12.507] [32mINFO[39m: [36mINFO Auth check - path: /v1/sessions, has bearer header: true | [1783968672507][39m
    [35mlocalTime[39m: "02:51:12.507"
    [35mmodule[39m: "auth-decorator"
[18:51:12.508] [32mINFO[39m: [36mINFO incoming request | [1783968672508][39m
    [35mlocalTime[39m: "02:51:12.508"
    [35mreqId[39m: "req-q"
    [35mreq[39m: {
      "method": "POST",
      "url": "/v1/version",
      "host": "10.0.2.2:3005",
      "remoteAddress": "127.0.0.1",
      "remotePort": 56808
    }
[18:51:12.508] [32mINFO[39m: [36mINFO request completed | [1783968672508][39m
    [35mlocalTime[39m: "02:51:12.508"
    [35mreqId[39m: "req-q"
    [35mres[39m: {
      "statusCode": 200
    }
    [35mresponseTime[39m: 0.23682199999166187
[18:51:12.508] [32mINFO[39m: [36mINFO incoming request | [1783968672508][39m
    [35mlocalTime[39m: "02:51:12.508"
    [35mreqId[39m: "req-r"
    [35mreq[39m: {
      "method": "GET",
      "url": "/v1/account/profile",
      "host": "10.0.2.2:3005",
      "remoteAddress": "127.0.0.1",
      "remotePort": 56774
    }
[18:51:12.508] [32mINFO[39m: [36mINFO Auth check - path: /v1/account/profile, has bearer header: true | [1783968672508][39m
    [35mlocalTime[39m: "02:51:12.508"
    [35mmodule[39m: "auth-decorator"
[18:51:12.512] [32mINFO[39m: [36mINFO Auth success - user: cmrjkvnea0000ovtv9ou6mcht | [1783968672512][39m
    [35mlocalTime[39m: "02:51:12.512"
    [35mmodule[39m: "auth-decorator"
[18:51:12.513] [32mINFO[39m: [36mINFO Auth success - user: cmrjkvnea0000ovtv9ou6mcht | [1783968672513][39m
    [35mlocalTime[39m: "02:51:12.513"
    [35mmodule[39m: "auth-decorator"
[18:51:12.516] [32mINFO[39m: [36mINFO request completed | [1783968672516][39m
    [35mlocalTime[39m: "02:51:12.516"
    [35mreqId[39m: "req-p"
    [35mres[39m: {
      "statusCode": 200
    }
    [35mresponseTime[39m: 8.711142000000109
[18:51:12.518] [32mINFO[39m: [36mINFO request completed | [1783968672518][39m
    [35mlocalTime[39m: "02:51:12.518"
    [35mreqId[39m: "req-r"
    [35mres[39m: {
      "statusCode": 200
    }
    [35mresponseTime[39m: 9.851518000010401
[18:51:12.978] [32mINFO[39m: [36mINFO incoming request | [1783968672978][39m
    [35mlocalTime[39m: "02:51:12.978"
    [35mreqId[39m: "req-s"
    [35mreq[39m: {
      "method": "POST",
      "url": "/v1/auth/request",
      "host": "127.0.0.1:3005",
      "remoteAddress": "127.0.0.1",
      "remotePort": 50598
    }
[18:51:12.980] [32mINFO[39m: [36mINFO Terminal auth request - publicKey fingerprint: 8d0e5491fd8cdaac | [1783968672980][39m
    [35mlocalTime[39m: "02:51:12.980"
    [35mmodule[39m: "auth-request"
[18:51:12.984] [32mINFO[39m: [36mINFO request completed | [1783968672984][39m
    [35mlocalTime[39m: "02:51:12.984"
    [35mreqId[39m: "req-s"
    [35mres[39m: {
      "statusCode": 200
    }
    [35mresponseTime[39m: 5.382159999993746
[18:51:13.002] [32mINFO[39m: [36mINFO Token verified: cmrjkvnea0000ovtv9ou6mcht, clientType: user-scoped, client: android/1.0.0, sessionId: none, machineId: none, socketId: Rs_Rl-i6JXHCmXB1AAAD | [1783968673002][39m
    [35mlocalTime[39m: "02:51:13.002"
    [35mmodule[39m: "websocket"
[18:51:13.003] [32mINFO[39m: [36mINFO User connected: cmrjkvnea0000ovtv9ou6mcht | [1783968673003][39m
    [35mlocalTime[39m: "02:51:13.003"
    [35mmodule[39m: "websocket"
[18:51:13.017] [32mINFO[39m: [36mINFO incoming request | [1783968673017][39m
    [35mlocalTime[39m: "02:51:13.017"
    [35mreqId[39m: "req-t"
    [35mreq[39m: {
      "method": "GET",
      "url": "/v1/artifacts",
      "host": "10.0.2.2:3005",
      "remoteAddress": "127.0.0.1",
      "remotePort": 56800
    }
[18:51:13.017] [32mINFO[39m: [36mINFO Auth check - path: /v1/artifacts, has bearer header: true | [1783968673017][39m
    [35mlocalTime[39m: "02:51:13.017"
    [35mmodule[39m: "auth-decorator"
[18:51:13.020] [32mINFO[39m: [36mINFO Auth success - user: cmrjkvnea0000ovtv9ou6mcht | [1783968673020][39m
    [35mlocalTime[39m: "02:51:13.020"
    [35mmodule[39m: "auth-decorator"
[18:51:13.023] [32mINFO[39m: [36mINFO request completed | [1783968673023][39m
    [35mlocalTime[39m: "02:51:13.023"
    [35mreqId[39m: "req-t"
    [35mres[39m: {
      "statusCode": 200
    }
    [35mresponseTime[39m: 5.684259000001475
[18:51:13.060] [32mINFO[39m: [36mINFO incoming request | [1783968673060][39m
    [35mlocalTime[39m: "02:51:13.060"
    [35mreqId[39m: "req-u"
    [35mreq[39m: {
      "method": "GET",
      "url": "/v1/machines",
      "host": "10.0.2.2:3005",
      "remoteAddress": "127.0.0.1",
      "remotePort": 56800
    }
[18:51:13.060] [32mINFO[39m: [36mINFO Auth check - path: /v1/machines, has bearer header: true | [1783968673060][39m
    [35mlocalTime[39m: "02:51:13.060"
    [35mmodule[39m: "auth-decorator"
[18:51:13.061] [32mINFO[39m: [36mINFO incoming request | [1783968673061][39m
    [35mlocalTime[39m: "02:51:13.061"
    [35mreqId[39m: "req-v"
    [35mreq[39m: {
      "method": "GET",
      "url": "/v1/artifacts",
      "host": "10.0.2.2:3005",
      "remoteAddress": "127.0.0.1",
      "remotePort": 56788
    }
[18:51:13.061] [32mINFO[39m: [36mINFO Auth check - path: /v1/artifacts, has bearer header: true | [1783968673061][39m
    [35mlocalTime[39m: "02:51:13.061"
    [35mmodule[39m: "auth-decorator"
[18:51:13.062] [32mINFO[39m: [36mINFO incoming request | [1783968673062][39m
    [35mlocalTime[39m: "02:51:13.062"
    [35mreqId[39m: "req-w"
    [35mreq[39m: {
      "method": "GET",
      "url": "/v1/sessions",
      "host": "10.0.2.2:3005",
      "remoteAddress": "127.0.0.1",
      "remotePort": 56808
    }
[18:51:13.062] [32mINFO[39m: [36mINFO Auth check - path: /v1/sessions, has bearer header: true | [1783968673062][39m
    [35mlocalTime[39m: "02:51:13.062"
    [35mmodule[39m: "auth-decorator"
[18:51:13.066] [32mINFO[39m: [36mINFO Auth success - user: cmrjkvnea0000ovtv9ou6mcht | [1783968673066][39m
    [35mlocalTime[39m: "02:51:13.066"
    [35mmodule[39m: "auth-decorator"
[18:51:13.067] [32mINFO[39m: [36mINFO Auth success - user: cmrjkvnea0000ovtv9ou6mcht | [1783968673067][39m
    [35mlocalTime[39m: "02:51:13.067"
    [35mmodule[39m: "auth-decorator"
[18:51:13.067] [32mINFO[39m: [36mINFO Auth success - user: cmrjkvnea0000ovtv9ou6mcht | [1783968673067][39m
    [35mlocalTime[39m: "02:51:13.067"
    [35mmodule[39m: "auth-decorator"
[18:51:13.070] [32mINFO[39m: [36mINFO request completed | [1783968673070][39m
    [35mlocalTime[39m: "02:51:13.070"
    [35mreqId[39m: "req-u"
    [35mres[39m: {
      "statusCode": 200
    }
    [35mresponseTime[39m: 9.375337000004947
[18:51:13.070] [32mINFO[39m: [36mINFO request completed | [1783968673070][39m
    [35mlocalTime[39m: "02:51:13.070"
    [35mreqId[39m: "req-v"
    [35mres[39m: {
      "statusCode": 200
    }
    [35mresponseTime[39m: 8.956650000007357
[18:51:13.070] [32mINFO[39m: [36mINFO request completed | [1783968673070][39m
    [35mlocalTime[39m: "02:51:13.070"
    [35mreqId[39m: "req-w"
    [35mres[39m: {
      "statusCode": 200
    }
    [35mresponseTime[39m: 8.7355979999993
[18:51:13.115] [32mINFO[39m: [36mINFO incoming request | [1783968673115][39m
    [35mlocalTime[39m: "02:51:13.115"
    [35mreqId[39m: "req-x"
    [35mreq[39m: {
      "method": "GET",
      "url": "/v1/sessions",
      "host": "10.0.2.2:3005",
      "remoteAddress": "127.0.0.1",
      "remotePort": 56800
    }
[18:51:13.115] [32mINFO[39m: [36mINFO Auth check - path: /v1/sessions, has bearer header: true | [1783968673115][39m
    [35mlocalTime[39m: "02:51:13.115"
    [35mmodule[39m: "auth-decorator"
[18:51:13.118] [32mINFO[39m: [36mINFO Auth success - user: cmrjkvnea0000ovtv9ou6mcht | [1783968673118][39m
    [35mlocalTime[39m: "02:51:13.118"
    [35mmodule[39m: "auth-decorator"
[18:51:13.120] [32mINFO[39m: [36mINFO request completed | [1783968673120][39m
    [35mlocalTime[39m: "02:51:13.120"
    [35mreqId[39m: "req-x"
    [35mres[39m: {
      "statusCode": 200
    }
    [35mresponseTime[39m: 4.785579999996116
[18:51:13.986] [32mINFO[39m: [36mINFO incoming request | [1783968673986][39m
    [35mlocalTime[39m: "02:51:13.986"
    [35mreqId[39m: "req-y"
    [35mreq[39m: {
      "method": "POST",
      "url": "/v1/auth/request",
      "host": "127.0.0.1:3005",
      "remoteAddress": "127.0.0.1",
      "remotePort": 50598
    }
[18:51:13.987] [32mINFO[39m: [36mINFO Terminal auth request - publicKey fingerprint: 8d0e5491fd8cdaac | [1783968673987][39m
    [35mlocalTime[39m: "02:51:13.987"
    [35mmodule[39m: "auth-request"
[18:51:13.992] [32mINFO[39m: [36mINFO request completed | [1783968673992][39m
    [35mlocalTime[39m: "02:51:13.992"
    [35mreqId[39m: "req-y"
    [35mres[39m: {
      "statusCode": 200
    }
    [35mresponseTime[39m: 5.107714999991003
[18:51:14.993] [32mINFO[39m: [36mINFO incoming request | [1783968674993][39m
    [35mlocalTime[39m: "02:51:14.993"
    [35mreqId[39m: "req-z"
    [35mreq[39m: {
      "method": "POST",
      "url": "/v1/auth/request",
      "host": "127.0.0.1:3005",
      "remoteAddress": "127.0.0.1",
      "remotePort": 50598
    }
[18:51:14.994] [32mINFO[39m: [36mINFO Terminal auth request - publicKey fingerprint: 8d0e5491fd8cdaac | [1783968674994][39m
    [35mlocalTime[39m: "02:51:14.994"
    [35mmodule[39m: "auth-request"
[18:51:14.996] [32mINFO[39m: [36mINFO request completed | [1783968674996][39m
    [35mlocalTime[39m: "02:51:14.996"
    [35mreqId[39m: "req-z"
    [35mres[39m: {
      "statusCode": 200
    }
    [35mresponseTime[39m: 3.097435999996378
[18:51:15.998] [32mINFO[39m: [36mINFO incoming request | [1783968675998][39m
    [35mlocalTime[39m: "02:51:15.998"
    [35mreqId[39m: "req-10"
    [35mreq[39m: {
      "method": "POST",
      "url": "/v1/auth/request",
      "host": "127.0.0.1:3005",
      "remoteAddress": "127.0.0.1",
      "remotePort": 50598
    }
[18:51:15.998] [32mINFO[39m: [36mINFO Terminal auth request - publicKey fingerprint: 8d0e5491fd8cdaac | [1783968675998][39m
    [35mlocalTime[39m: "02:51:15.998"
    [35mmodule[39m: "auth-request"
[18:51:16.002] [32mINFO[39m: [36mINFO request completed | [1783968676002][39m
    [35mlocalTime[39m: "02:51:16.002"
    [35mreqId[39m: "req-10"
    [35mres[39m: {
      "statusCode": 200
    }
    [35mresponseTime[39m: 4.164369999998598
[18:51:17.003] [32mINFO[39m: [36mINFO incoming request | [1783968677003][39m
    [35mlocalTime[39m: "02:51:17.003"
    [35mreqId[39m: "req-11"
    [35mreq[39m: {
      "method": "POST",
      "url": "/v1/auth/request",
      "host": "127.0.0.1:3005",
      "remoteAddress": "127.0.0.1",
      "remotePort": 50598
    }
[18:51:17.004] [32mINFO[39m: [36mINFO Terminal auth request - publicKey fingerprint: 8d0e5491fd8cdaac | [1783968677004][39m
    [35mlocalTime[39m: "02:51:17.004"
    [35mmodule[39m: "auth-request"
[18:51:17.007] [32mINFO[39m: [36mINFO request completed | [1783968677007][39m
    [35mlocalTime[39m: "02:51:17.007"
    [35mreqId[39m: "req-11"
    [35mres[39m: {
      "statusCode": 200
    }
    [35mresponseTime[39m: 3.0251729999872623
[18:51:18.009] [32mINFO[39m: [36mINFO incoming request | [1783968678009][39m
    [35mlocalTime[39m: "02:51:18.009"
    [35mreqId[39m: "req-12"
    [35mreq[39m: {
      "method": "POST",
      "url": "/v1/auth/request",
      "host": "127.0.0.1:3005",
      "remoteAddress": "127.0.0.1",
      "remotePort": 50598
    }
[18:51:18.010] [32mINFO[39m: [36mINFO Terminal auth request - publicKey fingerprint: 8d0e5491fd8cdaac | [1783968678010][39m
    [35mlocalTime[39m: "02:51:18.010"
    [35mmodule[39m: "auth-request"
[18:51:18.013] [32mINFO[39m: [36mINFO request completed | [1783968678013][39m
    [35mlocalTime[39m: "02:51:18.013"
    [35mreqId[39m: "req-12"
    [35mres[39m: {
      "statusCode": 200
    }
    [35mresponseTime[39m: 3.4697729999898
[18:51:18.604] [32mINFO[39m: [36mINFO incoming request | [1783968678604][39m
    [35mlocalTime[39m: "02:51:18.604"
    [35mreqId[39m: "req-13"
    [35mreq[39m: {
      "method": "POST",
      "url": "/v1/version",
      "host": "10.0.2.2:3005",
      "remoteAddress": "127.0.0.1",
      "remotePort": 56800
    }
[18:51:18.604] [32mINFO[39m: [36mINFO request completed | [1783968678604][39m
    [35mlocalTime[39m: "02:51:18.604"
    [35mreqId[39m: "req-13"
    [35mres[39m: {
      "statusCode": 200
    }
    [35mresponseTime[39m: 0.33686300000408664
[18:51:18.604] [32mINFO[39m: [36mINFO incoming request | [1783968678604][39m
    [35mlocalTime[39m: "02:51:18.604"
    [35mreqId[39m: "req-14"
    [35mreq[39m: {
      "method": "GET",
      "url": "/v1/account/profile",
      "host": "10.0.2.2:3005",
      "remoteAddress": "127.0.0.1",
      "remotePort": 56808
    }
[18:51:18.605] [32mINFO[39m: [36mINFO Auth check - path: /v1/account/profile, has bearer header: true | [1783968678605][39m
    [35mlocalTime[39m: "02:51:18.605"
    [35mmodule[39m: "auth-decorator"
[18:51:18.605] [32mINFO[39m: [36mINFO incoming request | [1783968678605][39m
    [35mlocalTime[39m: "02:51:18.605"
    [35mreqId[39m: "req-15"
    [35mreq[39m: {
      "method": "GET",
      "url": "/v1/artifacts",
      "host": "10.0.2.2:3005",
      "remoteAddress": "127.0.0.1",
      "remotePort": 56788
    }
[18:51:18.605] [32mINFO[39m: [36mINFO Auth check - path: /v1/artifacts, has bearer header: true | [1783968678605][39m
    [35mlocalTime[39m: "02:51:18.605"
    [35mmodule[39m: "auth-decorator"
[18:51:18.605] [32mINFO[39m: [36mINFO incoming request | [1783968678605][39m
    [35mlocalTime[39m: "02:51:18.605"
    [35mreqId[39m: "req-16"
    [35mreq[39m: {
      "method": "GET",
      "url": "/v1/sessions",
      "host": "10.0.2.2:3005",
      "remoteAddress": "127.0.0.1",
      "remotePort": 56772
    }
[18:51:18.605] [32mINFO[39m: [36mINFO Auth check - path: /v1/sessions, has bearer header: true | [1783968678605][39m
    [35mlocalTime[39m: "02:51:18.605"
    [35mmodule[39m: "auth-decorator"
[18:51:18.608] [32mINFO[39m: [36mINFO incoming request | [1783968678608][39m
    [35mlocalTime[39m: "02:51:18.608"
    [35mreqId[39m: "req-17"
    [35mreq[39m: {
      "method": "GET",
      "url": "/v1/machines",
      "host": "10.0.2.2:3005",
      "remoteAddress": "127.0.0.1",
      "remotePort": 56774
    }
[18:51:18.608] [32mINFO[39m: [36mINFO Auth check - path: /v1/machines, has bearer header: true | [1783968678608][39m
    [35mlocalTime[39m: "02:51:18.608"
    [35mmodule[39m: "auth-decorator"
[18:51:18.610] [32mINFO[39m: [36mINFO Auth success - user: cmrjkvnea0000ovtv9ou6mcht | [1783968678610][39m
    [35mlocalTime[39m: "02:51:18.610"
    [35mmodule[39m: "auth-decorator"
[18:51:18.610] [32mINFO[39m: [36mINFO Auth success - user: cmrjkvnea0000ovtv9ou6mcht | [1783968678610][39m
    [35mlocalTime[39m: "02:51:18.610"
    [35mmodule[39m: "auth-decorator"
[18:51:18.610] [32mINFO[39m: [36mINFO Auth success - user: cmrjkvnea0000ovtv9ou6mcht | [1783968678610][39m
    [35mlocalTime[39m: "02:51:18.610"
    [35mmodule[39m: "auth-decorator"
[18:51:18.613] [32mINFO[39m: [36mINFO request completed | [1783968678613][39m
    [35mlocalTime[39m: "02:51:18.613"
    [35mreqId[39m: "req-15"
    [35mres[39m: {
      "statusCode": 200
    }
    [35mresponseTime[39m: 7.591361999991932
[18:51:18.613] [32mINFO[39m: [36mINFO request completed | [1783968678613][39m
    [35mlocalTime[39m: "02:51:18.613"
    [35mreqId[39m: "req-16"
    [35mres[39m: {
      "statusCode": 200
    }
    [35mresponseTime[39m: 7.558617000002414
[18:51:18.613] [32mINFO[39m: [36mINFO Auth success - user: cmrjkvnea0000ovtv9ou6mcht | [1783968678613][39m
    [35mlocalTime[39m: "02:51:18.613"
    [35mmodule[39m: "auth-decorator"
[18:51:18.616] [32mINFO[39m: [36mINFO request completed | [1783968678616][39m
    [35mlocalTime[39m: "02:51:18.616"
    [35mreqId[39m: "req-14"
    [35mres[39m: {
      "statusCode": 200
    }
    [35mresponseTime[39m: 11.482143000001088
[18:51:18.616] [32mINFO[39m: [36mINFO request completed | [1783968678616][39m
    [35mlocalTime[39m: "02:51:18.616"
    [35mreqId[39m: "req-17"
    [35mres[39m: {
      "statusCode": 200
    }
    [35mresponseTime[39m: 8.480559000003268
[18:51:18.636] [32mINFO[39m: [36mINFO incoming request | [1783968678636][39m
    [35mlocalTime[39m: "02:51:18.636"
    [35mreqId[39m: "req-18"
    [35mreq[39m: {
      "method": "GET",
      "url": "/v1/sessions",
      "host": "10.0.2.2:3005",
      "remoteAddress": "127.0.0.1",
      "remotePort": 56800
    }
[18:51:18.637] [32mINFO[39m: [36mINFO Auth check - path: /v1/sessions, has bearer header: true | [1783968678637][39m
    [35mlocalTime[39m: "02:51:18.637"
    [35mmodule[39m: "auth-decorator"
[18:51:18.640] [32mINFO[39m: [36mINFO Auth success - user: cmrjkvnea0000ovtv9ou6mcht | [1783968678640][39m
    [35mlocalTime[39m: "02:51:18.640"
    [35mmodule[39m: "auth-decorator"
[18:51:18.643] [32mINFO[39m: [36mINFO request completed | [1783968678643][39m
    [35mlocalTime[39m: "02:51:18.643"
    [35mreqId[39m: "req-18"
    [35mres[39m: {
      "statusCode": 200
    }
    [35mresponseTime[39m: 6.047040000004927
[18:51:19.014] [32mINFO[39m: [36mINFO incoming request | [1783968679014][39m
    [35mlocalTime[39m: "02:51:19.014"
    [35mreqId[39m: "req-19"
    [35mreq[39m: {
      "method": "POST",
      "url": "/v1/auth/request",
      "host": "127.0.0.1:3005",
      "remoteAddress": "127.0.0.1",
      "remotePort": 50598
    }
[18:51:19.015] [32mINFO[39m: [36mINFO Terminal auth request - publicKey fingerprint: 8d0e5491fd8cdaac | [1783968679015][39m
    [35mlocalTime[39m: "02:51:19.015"
    [35mmodule[39m: "auth-request"
[18:51:19.020] [32mINFO[39m: [36mINFO request completed | [1783968679020][39m
    [35mlocalTime[39m: "02:51:19.020"
    [35mreqId[39m: "req-19"
    [35mres[39m: {
      "statusCode": 200
    }
    [35mresponseTime[39m: 5.742375999994692
[18:51:20.022] [32mINFO[39m: [36mINFO incoming request | [1783968680022][39m
    [35mlocalTime[39m: "02:51:20.022"
    [35mreqId[39m: "req-1a"
    [35mreq[39m: {
      "method": "POST",
      "url": "/v1/auth/request",
      "host": "127.0.0.1:3005",
      "remoteAddress": "127.0.0.1",
      "remotePort": 50598
    }
[18:51:20.023] [32mINFO[39m: [36mINFO Terminal auth request - publicKey fingerprint: 8d0e5491fd8cdaac | [1783968680023][39m
    [35mlocalTime[39m: "02:51:20.023"
    [35mmodule[39m: "auth-request"
[18:51:20.026] [32mINFO[39m: [36mINFO request completed | [1783968680026][39m
    [35mlocalTime[39m: "02:51:20.026"
    [35mreqId[39m: "req-1a"
    [35mres[39m: {
      "statusCode": 200
    }
    [35mresponseTime[39m: 4.170684999990044
[18:51:20.969] [32mINFO[39m: [36mINFO incoming request | [1783968680969][39m
    [35mlocalTime[39m: "02:51:20.969"
    [35mreqId[39m: "req-1b"
    [35mreq[39m: {
      "method": "GET",
      "url": "/v1/auth/request/status?publicKey=[REDACTED]%3D",
      "host": "10.0.2.2:3005",
      "remoteAddress": "127.0.0.1",
      "remotePort": 56800
    }
[18:51:20.973] [32mINFO[39m: [36mINFO request completed | [1783968680973][39m
    [35mlocalTime[39m: "02:51:20.973"
    [35mreqId[39m: "req-1b"
    [35mres[39m: {
      "statusCode": 200
    }
    [35mresponseTime[39m: 3.1834689999959664
[18:51:20.981] [32mINFO[39m: [36mINFO incoming request | [1783968680981][39m
    [35mlocalTime[39m: "02:51:20.981"
    [35mreqId[39m: "req-1c"
    [35mreq[39m: {
      "method": "POST",
      "url": "/v1/auth/response",
      "host": "10.0.2.2:3005",
      "remoteAddress": "127.0.0.1",
      "remotePort": 56800
    }
[18:51:20.982] [32mINFO[39m: [36mINFO Auth check - path: /v1/auth/response, has bearer header: true | [1783968680982][39m
    [35mlocalTime[39m: "02:51:20.982"
    [35mmodule[39m: "auth-decorator"
[18:51:20.985] [32mINFO[39m: [36mINFO Auth success - user: cmrjkvnea0000ovtv9ou6mcht | [1783968680985][39m
    [35mlocalTime[39m: "02:51:20.985"
    [35mmodule[39m: "auth-decorator"
[18:51:20.986] [32mINFO[39m: [36mINFO Auth response endpoint hit - user: cmrjkvnea0000ovtv9ou6mcht | [1783968680986][39m
    [35mlocalTime[39m: "02:51:20.986"
    [35mmodule[39m: "auth-response"
[18:51:20.986] [32mINFO[39m: [36mINFO Looking for auth request with publicKey fingerprint: 8d0e5491fd8cdaac | [1783968680986][39m
    [35mlocalTime[39m: "02:51:20.986"
    [35mmodule[39m: "auth-response"
[18:51:20.995] [32mINFO[39m: [36mINFO request completed | [1783968680995][39m
    [35mlocalTime[39m: "02:51:20.995"
    [35mreqId[39m: "req-1c"
    [35mres[39m: {
      "statusCode": 200
    }
    [35mresponseTime[39m: 13.385241999989375
[18:51:21.027] [32mINFO[39m: [36mINFO incoming request | [1783968681027][39m
    [35mlocalTime[39m: "02:51:21.027"
    [35mreqId[39m: "req-1d"
    [35mreq[39m: {
      "method": "POST",
      "url": "/v1/auth/request",
      "host": "127.0.0.1:3005",
      "remoteAddress": "127.0.0.1",
      "remotePort": 50598
    }
[18:51:21.028] [32mINFO[39m: [36mINFO Terminal auth request - publicKey fingerprint: 8d0e5491fd8cdaac | [1783968681028][39m
    [35mlocalTime[39m: "02:51:21.028"
    [35mmodule[39m: "auth-request"
[18:51:21.034] [32mINFO[39m: [36mINFO request completed | [1783968681034][39m
    [35mlocalTime[39m: "02:51:21.034"
    [35mreqId[39m: "req-1d"
    [35mres[39m: {
      "statusCode": 200
    }
    [35mresponseTime[39m: 6.518856000009691
[18:51:24.726] [32mINFO[39m: [36mINFO incoming request | [1783968684726][39m
    [35mlocalTime[39m: "02:51:24.726"
    [35mreqId[39m: "req-1e"
    [35mreq[39m: {
      "method": "POST",
      "url": "/v1/machines",
      "host": "127.0.0.1:3005",
      "remoteAddress": "127.0.0.1",
      "remotePort": 48236
    }
[18:51:24.727] [32mINFO[39m: [36mINFO Auth check - path: /v1/machines, has bearer header: true | [1783968684727][39m
    [35mlocalTime[39m: "02:51:24.727"
    [35mmodule[39m: "auth-decorator"
[18:51:24.729] [32mINFO[39m: [36mINFO Auth success - user: cmrjkvnea0000ovtv9ou6mcht | [1783968684729][39m
    [35mlocalTime[39m: "02:51:24.729"
    [35mmodule[39m: "auth-decorator"
[18:51:24.730] [32mINFO[39m: [36mINFO Creating new machine | [1783968684730][39m
    [35mlocalTime[39m: "02:51:24.730"
    [35mmodule[39m: "machines"
    [35mmachineId[39m: "c656a4e1-31f7-4acd-889d-9c2bfe459890"
    [35muserId[39m: "cmrjkvnea0000ovtv9ou6mcht"
[18:51:24.736] [32mINFO[39m: [36mINFO request completed | [1783968684736][39m
    [35mlocalTime[39m: "02:51:24.736"
    [35mreqId[39m: "req-1e"
    [35mres[39m: {
      "statusCode": 200
    }
    [35mresponseTime[39m: 9.037645000003977
[18:51:25.719] [32mINFO[39m: [36mINFO incoming request | [1783968685719][39m
    [35mlocalTime[39m: "02:51:25.719"
    [35mreqId[39m: "req-1f"
    [35mreq[39m: {
      "method": "POST",
      "url": "/v1/machines",
      "host": "127.0.0.1:3005",
      "remoteAddress": "127.0.0.1",
      "remotePort": 40136
    }
[18:51:25.720] [32mINFO[39m: [36mINFO Auth check - path: /v1/machines, has bearer header: true | [1783968685720][39m
    [35mlocalTime[39m: "02:51:25.720"
    [35mmodule[39m: "auth-decorator"
[18:51:25.722] [32mINFO[39m: [36mINFO Auth success - user: cmrjkvnea0000ovtv9ou6mcht | [1783968685722][39m
    [35mlocalTime[39m: "02:51:25.722"
    [35mmodule[39m: "auth-decorator"
[18:51:25.723] [32mINFO[39m: [36mINFO Found existing machine | [1783968685723][39m
    [35mlocalTime[39m: "02:51:25.723"
    [35mmodule[39m: "machines"
    [35mmachineId[39m: "c656a4e1-31f7-4acd-889d-9c2bfe459890"
    [35muserId[39m: "cmrjkvnea0000ovtv9ou6mcht"
[18:51:25.724] [32mINFO[39m: [36mINFO request completed | [1783968685724][39m
    [35mlocalTime[39m: "02:51:25.724"
    [35mreqId[39m: "req-1f"
    [35mres[39m: {
      "statusCode": 200
    }
    [35mresponseTime[39m: 4.240214999997988
[18:51:25.735] [32mINFO[39m: [36mINFO Token verified: cmrjkvnea0000ovtv9ou6mcht, clientType: machine-scoped, client: cli-daemon/1.1.10, sessionId: none, machineId: c656a4e1-31f7-4acd-889d-9c2bfe459890, socketId: OBz5xIurSYJ1tgQIAAAF | [1783968685735][39m
    [35mlocalTime[39m: "02:51:25.735"
    [35mmodule[39m: "websocket"
[18:51:25.735] [32mINFO[39m: [36mINFO User connected: cmrjkvnea0000ovtv9ou6mcht | [1783968685735][39m
    [35mlocalTime[39m: "02:51:25.735"
    [35mmodule[39m: "websocket"
[18:51:40.597] [32mINFO[39m: [36mINFO incoming request | [1783968700597][39m
    [35mlocalTime[39m: "02:51:40.597"
    [35mreqId[39m: "req-1g"
    [35mreq[39m: {
      "method": "POST",
      "url": "/v1/sessions",
      "host": "127.0.0.1:3005",
      "remoteAddress": "127.0.0.1",
      "remotePort": 36172
    }
[18:51:40.598] [32mINFO[39m: [36mINFO Auth check - path: /v1/sessions, has bearer header: true | [1783968700598][39m
    [35mlocalTime[39m: "02:51:40.598"
    [35mmodule[39m: "auth-decorator"
[18:51:40.600] [32mINFO[39m: [36mINFO Auth success - user: cmrjkvnea0000ovtv9ou6mcht | [1783968700600][39m
    [35mlocalTime[39m: "02:51:40.600"
    [35mmodule[39m: "auth-decorator"
[18:51:40.603] [32mINFO[39m: [36mINFO Creating new session for user cmrjkvnea0000ovtv9ou6mcht with tag pi:fa6f66393a722fce877dd40b24f4148d | [1783968700603][39m
    [35mlocalTime[39m: "02:51:40.603"
    [35mmodule[39m: "session-create"
    [35muserId[39m: "cmrjkvnea0000ovtv9ou6mcht"
    [35mtag[39m: "pi:fa6f66393a722fce877dd40b24f4148d"
[18:51:40.606] [32mINFO[39m: [36mINFO Session created: cmrjkwj3w0003ovtv9re7dcn0 | [1783968700606][39m
    [35mlocalTime[39m: "02:51:40.606"
    [35mmodule[39m: "session-create"
    [35msessionId[39m: "cmrjkwj3w0003ovtv9re7dcn0"
    [35muserId[39m: "cmrjkvnea0000ovtv9ou6mcht"
[18:51:40.606] [32mINFO[39m: [36mINFO Emitting new-session update to user-scoped connections | [1783968700606][39m
    [35mlocalTime[39m: "02:51:40.606"
    [35mmodule[39m: "session-create"
    [35muserId[39m: "cmrjkvnea0000ovtv9ou6mcht"
    [35msessionId[39m: "cmrjkwj3w0003ovtv9re7dcn0"
    [35mupdateType[39m: "new-session"
    [35mupdateSeq[39m: 4
[18:51:40.607] [32mINFO[39m: [36mINFO request completed | [1783968700607][39m
    [35mlocalTime[39m: "02:51:40.607"
    [35mreqId[39m: "req-1g"
    [35mres[39m: {
      "statusCode": 200
    }
    [35mresponseTime[39m: 9.369403999997303
[18:51:40.617] [32mINFO[39m: [36mINFO incoming request | [1783968700617][39m
    [35mlocalTime[39m: "02:51:40.617"
    [35mreqId[39m: "req-1h"
    [35mreq[39m: {
      "method": "POST",
      "url": "/v3/sessions/cmrjkwj3w0003ovtv9re7dcn0/messages",
      "host": "127.0.0.1:3005",
      "remoteAddress": "127.0.0.1",
      "remotePort": 36172
    }
[18:51:40.617] [32mINFO[39m: [36mINFO Auth check - path: /v3/sessions/cmrjkwj3w0003ovtv9re7dcn0/messages, has bearer header: true | [1783968700617][39m
    [35mlocalTime[39m: "02:51:40.617"
    [35mmodule[39m: "auth-decorator"
[18:51:40.618] [32mINFO[39m: [36mINFO Token verified: cmrjkvnea0000ovtv9ou6mcht, clientType: session-scoped, client: cli-coding-session/1.1.10, sessionId: cmrjkwj3w0003ovtv9re7dcn0, machineId: none, socketId: DMMSpBhkIOdDg3V6AAAH | [1783968700618][39m
    [35mlocalTime[39m: "02:51:40.618"
    [35mmodule[39m: "websocket"
[18:51:40.618] [32mINFO[39m: [36mINFO User connected: cmrjkvnea0000ovtv9ou6mcht | [1783968700618][39m
    [35mlocalTime[39m: "02:51:40.618"
    [35mmodule[39m: "websocket"
[18:51:40.620] [32mINFO[39m: [36mINFO Auth success - user: cmrjkvnea0000ovtv9ou6mcht | [1783968700620][39m
    [35mlocalTime[39m: "02:51:40.620"
    [35mmodule[39m: "auth-decorator"
[18:51:40.624] [32mINFO[39m: [36mINFO incoming request | [1783968700624][39m
    [35mlocalTime[39m: "02:51:40.624"
    [35mreqId[39m: "req-1i"
    [35mreq[39m: {
      "method": "GET",
      "url": "/v3/sessions/cmrjkwj3w0003ovtv9re7dcn0/messages?after_seq=0&limit=100",
      "host": "127.0.0.1:3005",
      "remoteAddress": "127.0.0.1",
      "remotePort": 36196
    }
[18:51:40.624] [32mINFO[39m: [36mINFO Auth check - path: /v3/sessions/cmrjkwj3w0003ovtv9re7dcn0/messages?after_seq=0&limit=100, has bearer header: true | [1783968700624][39m
    [35mlocalTime[39m: "02:51:40.624"
    [35mmodule[39m: "auth-decorator"
[18:51:40.635] [32mINFO[39m: [36mINFO request completed | [1783968700635][39m
    [35mlocalTime[39m: "02:51:40.635"
    [35mreqId[39m: "req-1h"
    [35mres[39m: {
      "statusCode": 200
    }
    [35mresponseTime[39m: 18.275844000003417
[18:51:40.635] [32mINFO[39m: [36mINFO Auth success - user: cmrjkvnea0000ovtv9ou6mcht | [1783968700635][39m
    [35mlocalTime[39m: "02:51:40.635"
    [35mmodule[39m: "auth-decorator"
[18:51:40.638] [32mINFO[39m: [36mINFO request completed | [1783968700638][39m
    [35mlocalTime[39m: "02:51:40.638"
    [35mreqId[39m: "req-1i"
    [35mres[39m: {
      "statusCode": 200
    }
    [35mresponseTime[39m: 13.974382000000332
[18:51:40.642] [32mINFO[39m: [36mINFO incoming request | [1783968700642][39m
    [35mlocalTime[39m: "02:51:40.642"
    [35mreqId[39m: "req-1j"
    [35mreq[39m: {
      "method": "POST",
      "url": "/v3/sessions/cmrjkwj3w0003ovtv9re7dcn0/messages",
      "host": "127.0.0.1:3005",
      "remoteAddress": "127.0.0.1",
      "remotePort": 36196
    }
[18:51:40.642] [32mINFO[39m: [36mINFO Auth check - path: /v3/sessions/cmrjkwj3w0003ovtv9re7dcn0/messages, has bearer header: true | [1783968700642][39m
    [35mlocalTime[39m: "02:51:40.642"
    [35mmodule[39m: "auth-decorator"
[18:51:40.644] [32mINFO[39m: [36mINFO Auth success - user: cmrjkvnea0000ovtv9ou6mcht | [1783968700644][39m
    [35mlocalTime[39m: "02:51:40.644"
    [35mmodule[39m: "auth-decorator"
[18:51:40.651] [32mINFO[39m: [36mINFO incoming request | [1783968700651][39m
    [35mlocalTime[39m: "02:51:40.651"
    [35mreqId[39m: "req-1k"
    [35mreq[39m: {
      "method": "GET",
      "url": "/v1/sessions",
      "host": "10.0.2.2:3005",
      "remoteAddress": "127.0.0.1",
      "remotePort": 56800
    }
[18:51:40.652] [32mINFO[39m: [36mINFO Auth check - path: /v1/sessions, has bearer header: true | [1783968700652][39m
    [35mlocalTime[39m: "02:51:40.652"
    [35mmodule[39m: "auth-decorator"
[18:51:40.658] [32mINFO[39m: [36mINFO request completed | [1783968700658][39m
    [35mlocalTime[39m: "02:51:40.658"
    [35mreqId[39m: "req-1j"
    [35mres[39m: {
      "statusCode": 200
    }
    [35mresponseTime[39m: 15.929113999998663
[18:51:40.659] [32mINFO[39m: [36mINFO Auth success - user: cmrjkvnea0000ovtv9ou6mcht | [1783968700659][39m
    [35mlocalTime[39m: "02:51:40.659"
    [35mmodule[39m: "auth-decorator"
[18:51:40.661] [32mINFO[39m: [36mINFO request completed | [1783968700661][39m
    [35mlocalTime[39m: "02:51:40.661"
    [35mreqId[39m: "req-1k"
    [35mres[39m: {
      "statusCode": 200
    }
    [35mresponseTime[39m: 9.673763000013423
[18:51:40.750] [32mINFO[39m: [36mINFO incoming request | [1783968700750][39m
    [35mlocalTime[39m: "02:51:40.750"
    [35mreqId[39m: "req-1l"
    [35mreq[39m: {
      "method": "GET",
      "url": "/v3/sessions/cmrjkwj3w0003ovtv9re7dcn0/messages?before_seq=2147483647&limit=100",
      "host": "10.0.2.2:3005",
      "remoteAddress": "127.0.0.1",
      "remotePort": 56800
    }
[18:51:40.751] [32mINFO[39m: [36mINFO Auth check - path: /v3/sessions/cmrjkwj3w0003ovtv9re7dcn0/messages?before_seq=2147483647&limit=100, has bearer header: true | [1783968700751][39m
    [35mlocalTime[39m: "02:51:40.751"
    [35mmodule[39m: "auth-decorator"
[18:51:40.755] [32mINFO[39m: [36mINFO Auth success - user: cmrjkvnea0000ovtv9ou6mcht | [1783968700755][39m
    [35mlocalTime[39m: "02:51:40.755"
    [35mmodule[39m: "auth-decorator"
[18:51:40.758] [32mINFO[39m: [36mINFO request completed | [1783968700758][39m
    [35mlocalTime[39m: "02:51:40.758"
    [35mreqId[39m: "req-1l"
    [35mres[39m: {
      "statusCode": 200
    }
    [35mresponseTime[39m: 7.050050000005285
[18:51:40.780] [32mINFO[39m: [36mINFO incoming request | [1783968700780][39m
    [35mlocalTime[39m: "02:51:40.780"
    [35mreqId[39m: "req-1m"
    [35mreq[39m: {
      "method": "GET",
      "url": "/v3/sessions/cmrjkwj3w0003ovtv9re7dcn0/messages?after_seq=2&limit=100",
      "host": "10.0.2.2:3005",
      "remoteAddress": "127.0.0.1",
      "remotePort": 56800
    }
[18:51:40.781] [32mINFO[39m: [36mINFO Auth check - path: /v3/sessions/cmrjkwj3w0003ovtv9re7dcn0/messages?after_seq=2&limit=100, has bearer header: true | [1783968700781][39m
    [35mlocalTime[39m: "02:51:40.781"
    [35mmodule[39m: "auth-decorator"
[18:51:40.783] [32mINFO[39m: [36mINFO Auth success - user: cmrjkvnea0000ovtv9ou6mcht | [1783968700783][39m
    [35mlocalTime[39m: "02:51:40.783"
    [35mmodule[39m: "auth-decorator"
[18:51:40.786] [32mINFO[39m: [36mINFO request completed | [1783968700786][39m
    [35mlocalTime[39m: "02:51:40.786"
    [35mreqId[39m: "req-1m"
    [35mres[39m: {
      "statusCode": 200
    }
    [35mresponseTime[39m: 5.171512000000803
[18:51:43.037] [32mINFO[39m: [36mINFO incoming request | [1783968703037][39m
    [35mlocalTime[39m: "02:51:43.037"
    [35mreqId[39m: "req-1n"
    [35mreq[39m: {
      "method": "POST",
      "url": "/v3/sessions/cmrjkwj3w0003ovtv9re7dcn0/messages",
      "host": "127.0.0.1:3005",
      "remoteAddress": "127.0.0.1",
      "remotePort": 36196
    }
[18:51:43.038] [32mINFO[39m: [36mINFO Auth check - path: /v3/sessions/cmrjkwj3w0003ovtv9re7dcn0/messages, has bearer header: true | [1783968703038][39m
    [35mlocalTime[39m: "02:51:43.038"
    [35mmodule[39m: "auth-decorator"
[18:51:43.040] [32mINFO[39m: [36mINFO Auth success - user: cmrjkvnea0000ovtv9ou6mcht | [1783968703040][39m
    [35mlocalTime[39m: "02:51:43.040"
    [35mmodule[39m: "auth-decorator"
[18:51:43.047] [32mINFO[39m: [36mINFO request completed | [1783968703047][39m
    [35mlocalTime[39m: "02:51:43.047"
    [35mreqId[39m: "req-1n"
    [35mres[39m: {
      "statusCode": 200
    }
    [35mresponseTime[39m: 9.426730999999563
[18:51:43.052] [32mINFO[39m: [36mINFO incoming request | [1783968703052][39m
    [35mlocalTime[39m: "02:51:43.052"
    [35mreqId[39m: "req-1o"
    [35mreq[39m: {
      "method": "POST",
      "url": "/v3/sessions/cmrjkwj3w0003ovtv9re7dcn0/messages",
      "host": "127.0.0.1:3005",
      "remoteAddress": "127.0.0.1",
      "remotePort": 36196
    }
[18:51:43.052] [32mINFO[39m: [36mINFO Auth check - path: /v3/sessions/cmrjkwj3w0003ovtv9re7dcn0/messages, has bearer header: true | [1783968703052][39m
    [35mlocalTime[39m: "02:51:43.052"
    [35mmodule[39m: "auth-decorator"
[18:51:43.054] [32mINFO[39m: [36mINFO Auth success - user: cmrjkvnea0000ovtv9ou6mcht | [1783968703054][39m
    [35mlocalTime[39m: "02:51:43.054"
    [35mmodule[39m: "auth-decorator"
[18:51:43.062] [32mINFO[39m: [36mINFO request completed | [1783968703062][39m
    [35mlocalTime[39m: "02:51:43.062"
    [35mreqId[39m: "req-1o"
    [35mres[39m: {
      "statusCode": 200
    }
    [35mresponseTime[39m: 10.36431299999822
[18:51:43.063] [32mINFO[39m: [36mINFO incoming request | [1783968703063][39m
    [35mlocalTime[39m: "02:51:43.063"
    [35mreqId[39m: "req-1p"
    [35mreq[39m: {
      "method": "GET",
      "url": "/v3/sessions/cmrjkwj3w0003ovtv9re7dcn0/messages?after_seq=3&limit=100",
      "host": "10.0.2.2:3005",
      "remoteAddress": "127.0.0.1",
      "remotePort": 56800
    }
[18:51:43.063] [32mINFO[39m: [36mINFO Auth check - path: /v3/sessions/cmrjkwj3w0003ovtv9re7dcn0/messages?after_seq=3&limit=100, has bearer header: true | [1783968703063][39m
    [35mlocalTime[39m: "02:51:43.063"
    [35mmodule[39m: "auth-decorator"
[18:51:43.066] [32mINFO[39m: [36mINFO Auth success - user: cmrjkvnea0000ovtv9ou6mcht | [1783968703066][39m
    [35mlocalTime[39m: "02:51:43.066"
    [35mmodule[39m: "auth-decorator"
[18:51:43.068] [32mINFO[39m: [36mINFO incoming request | [1783968703068][39m
    [35mlocalTime[39m: "02:51:43.068"
    [35mreqId[39m: "req-1q"
    [35mreq[39m: {
      "method": "POST",
      "url": "/v1/sessions/cmrjkwj3w0003ovtv9re7dcn0/push-event",
      "host": "127.0.0.1:3005",
      "remoteAddress": "127.0.0.1",
      "remotePort": 36196
    }
[18:51:43.069] [32mINFO[39m: [36mINFO Auth check - path: /v1/sessions/cmrjkwj3w0003ovtv9re7dcn0/push-event, has bearer header: true | [1783968703069][39m
    [35mlocalTime[39m: "02:51:43.069"
    [35mmodule[39m: "auth-decorator"
[18:51:43.072] [32mINFO[39m: [36mINFO request completed | [1783968703072][39m
    [35mlocalTime[39m: "02:51:43.072"
    [35mreqId[39m: "req-1p"
    [35mres[39m: {
      "statusCode": 200
    }
    [35mresponseTime[39m: 8.297653000001446
[18:51:43.074] [32mINFO[39m: [36mINFO Auth success - user: cmrjkvnea0000ovtv9ou6mcht | [1783968703074][39m
    [35mlocalTime[39m: "02:51:43.074"
    [35mmodule[39m: "auth-decorator"
[18:51:43.076] [32mINFO[39m: [36mINFO request completed | [1783968703076][39m
    [35mlocalTime[39m: "02:51:43.076"
    [35mreqId[39m: "req-1q"
    [35mres[39m: {
      "statusCode": 200
    }
    [35mresponseTime[39m: 7.990113000007113
[18:51:43.077] [32mINFO[39m: [36mINFO User disconnected: cmrjkvnea0000ovtv9ou6mcht | [1783968703077][39m
    [35mlocalTime[39m: "02:51:43.077"
    [35mmodule[39m: "websocket"
[18:51:43.079] [32mINFO[39m: [36mINFO No push tokens for user cmrjkvnea0000ovtv9ou6mcht session cmrjkwj3w0003ovtv9re7dcn0 — skipped | [1783968703079][39m
    [35mlocalTime[39m: "02:51:43.079"
    [35mmodule[39m: "push"
[18:51:43.132] [32mINFO[39m: [36mINFO incoming request | [1783968703132][39m
    [35mlocalTime[39m: "02:51:43.132"
    [35mreqId[39m: "req-1r"
    [35mreq[39m: {
      "method": "GET",
      "url": "/v3/sessions/cmrjkwj3w0003ovtv9re7dcn0/messages?after_seq=4&limit=100",
      "host": "10.0.2.2:3005",
      "remoteAddress": "127.0.0.1",
      "remotePort": 56800
    }
[18:51:43.132] [32mINFO[39m: [36mINFO Auth check - path: /v3/sessions/cmrjkwj3w0003ovtv9re7dcn0/messages?after_seq=4&limit=100, has bearer header: true | [1783968703132][39m
    [35mlocalTime[39m: "02:51:43.132"
    [35mmodule[39m: "auth-decorator"
[18:51:43.136] [32mINFO[39m: [36mINFO Auth success - user: cmrjkvnea0000ovtv9ou6mcht | [1783968703136][39m
    [35mlocalTime[39m: "02:51:43.136"
    [35mmodule[39m: "auth-decorator"
[18:51:43.140] [32mINFO[39m: [36mINFO request completed | [1783968703140][39m
    [35mlocalTime[39m: "02:51:43.140"
    [35mreqId[39m: "req-1r"
    [35mres[39m: {
      "statusCode": 200
    }
    [35mresponseTime[39m: 7.834027000004426
[18:51:43.867] [32mINFO[39m: [36mINFO incoming request | [1783968703867][39m
    [35mlocalTime[39m: "02:51:43.867"
    [35mreqId[39m: "req-1s"
    [35mreq[39m: {
      "method": "POST",
      "url": "/v1/sessions",
      "host": "127.0.0.1:3005",
      "remoteAddress": "127.0.0.1",
      "remotePort": 36196
    }
[18:51:43.867] [32mINFO[39m: [36mINFO Auth check - path: /v1/sessions, has bearer header: true | [1783968703867][39m
    [35mlocalTime[39m: "02:51:43.867"
    [35mmodule[39m: "auth-decorator"
[18:51:43.871] [32mINFO[39m: [36mINFO Auth success - user: cmrjkvnea0000ovtv9ou6mcht | [1783968703871][39m
    [35mlocalTime[39m: "02:51:43.871"
    [35mmodule[39m: "auth-decorator"
[18:51:43.872] [32mINFO[39m: [36mINFO Found existing session: cmrjkwj3w0003ovtv9re7dcn0 for tag pi:fa6f66393a722fce877dd40b24f4148d | [1783968703872][39m
    [35mlocalTime[39m: "02:51:43.872"
    [35mmodule[39m: "session-create"
    [35msessionId[39m: "cmrjkwj3w0003ovtv9re7dcn0"
    [35muserId[39m: "cmrjkvnea0000ovtv9ou6mcht"
    [35mtag[39m: "pi:fa6f66393a722fce877dd40b24f4148d"
[18:51:43.874] [32mINFO[39m: [36mINFO request completed | [1783968703874][39m
    [35mlocalTime[39m: "02:51:43.874"
    [35mreqId[39m: "req-1s"
    [35mres[39m: {
      "statusCode": 200
    }
    [35mresponseTime[39m: 7.151422000009916
[18:51:43.882] [32mINFO[39m: [36mINFO Token verified: cmrjkvnea0000ovtv9ou6mcht, clientType: session-scoped, client: cli-coding-session/1.1.10, sessionId: cmrjkwj3w0003ovtv9re7dcn0, machineId: none, socketId: qMiaU0jtJzvKgnOKAAAJ | [1783968703882][39m
    [35mlocalTime[39m: "02:51:43.882"
    [35mmodule[39m: "websocket"
[18:51:43.882] [32mINFO[39m: [36mINFO User connected: cmrjkvnea0000ovtv9ou6mcht | [1783968703882][39m
    [35mlocalTime[39m: "02:51:43.882"
    [35mmodule[39m: "websocket"
[18:51:43.884] [32mINFO[39m: [36mINFO incoming request | [1783968703884][39m
    [35mlocalTime[39m: "02:51:43.884"
    [35mreqId[39m: "req-1t"
    [35mreq[39m: {
      "method": "GET",
      "url": "/v3/sessions/cmrjkwj3w0003ovtv9re7dcn0/messages?after_seq=0&limit=100",
      "host": "127.0.0.1:3005",
      "remoteAddress": "127.0.0.1",
      "remotePort": 36196
    }
[18:51:43.884] [32mINFO[39m: [36mINFO Auth check - path: /v3/sessions/cmrjkwj3w0003ovtv9re7dcn0/messages?after_seq=0&limit=100, has bearer header: true | [1783968703884][39m
    [35mlocalTime[39m: "02:51:43.884"
    [35mmodule[39m: "auth-decorator"
[18:51:43.888] [32mINFO[39m: [36mINFO Auth success - user: cmrjkvnea0000ovtv9ou6mcht | [1783968703888][39m
    [35mlocalTime[39m: "02:51:43.888"
    [35mmodule[39m: "auth-decorator"
[18:51:43.892] [32mINFO[39m: [36mINFO request completed | [1783968703892][39m
    [35mlocalTime[39m: "02:51:43.892"
    [35mreqId[39m: "req-1t"
    [35mres[39m: {
      "statusCode": 200
    }
    [35mresponseTime[39m: 8.000892999989446
[18:51:48.574] [32mINFO[39m: [36mINFO Flushed 1 session updates | [1783968708574][39m
    [35mlocalTime[39m: "02:51:48.574"
    [35mmodule[39m: "session-cache"
[18:52:08.584] [32mINFO[39m: [36mINFO Flushed 1 machine updates | [1783968728584][39m
    [35mlocalTime[39m: "02:52:08.584"
    [35mmodule[39m: "session-cache"
[18:52:16.377] [32mINFO[39m: [36mINFO User disconnected: cmrjkvnea0000ovtv9ou6mcht | [1783968736377][39m
    [35mlocalTime[39m: "02:52:16.377"
    [35mmodule[39m: "websocket"
[18:52:17.964] [32mINFO[39m: [36mINFO incoming request | [1783968737964][39m
    [35mlocalTime[39m: "02:52:17.964"
    [35mreqId[39m: "req-1u"
    [35mreq[39m: {
      "method": "GET",
      "url": "/v1/sessions",
      "host": "10.0.2.2:3005",
      "remoteAddress": "127.0.0.1",
      "remotePort": 35890
    }
[18:52:17.964] [32mINFO[39m: [36mINFO Auth check - path: /v1/sessions, has bearer header: true | [1783968737964][39m
    [35mlocalTime[39m: "02:52:17.964"
    [35mmodule[39m: "auth-decorator"
[18:52:17.964] [32mINFO[39m: [36mINFO incoming request | [1783968737964][39m
    [35mlocalTime[39m: "02:52:17.964"
    [35mreqId[39m: "req-1v"
    [35mreq[39m: {
      "method": "GET",
      "url": "/v1/machines",
      "host": "10.0.2.2:3005",
      "remoteAddress": "127.0.0.1",
      "remotePort": 35870
    }
[18:52:17.965] [32mINFO[39m: [36mINFO Auth check - path: /v1/machines, has bearer header: true | [1783968737965][39m
    [35mlocalTime[39m: "02:52:17.965"
    [35mmodule[39m: "auth-decorator"
[18:52:17.968] [32mINFO[39m: [36mINFO incoming request | [1783968737968][39m
    [35mlocalTime[39m: "02:52:17.968"
    [35mreqId[39m: "req-1w"
    [35mreq[39m: {
      "method": "POST",
      "url": "/v1/version",
      "host": "10.0.2.2:3005",
      "remoteAddress": "127.0.0.1",
      "remotePort": 35860
    }
[18:52:17.969] [32mINFO[39m: [36mINFO request completed | [1783968737969][39m
    [35mlocalTime[39m: "02:52:17.969"
    [35mreqId[39m: "req-1w"
    [35mres[39m: {
      "statusCode": 200
    }
    [35mresponseTime[39m: 0.6538510000100359
[18:52:17.970] [32mINFO[39m: [36mINFO Auth success - user: cmrjkvnea0000ovtv9ou6mcht | [1783968737970][39m
    [35mlocalTime[39m: "02:52:17.970"
    [35mmodule[39m: "auth-decorator"
[18:52:17.970] [32mINFO[39m: [36mINFO Auth success - user: cmrjkvnea0000ovtv9ou6mcht | [1783968737970][39m
    [35mlocalTime[39m: "02:52:17.970"
    [35mmodule[39m: "auth-decorator"
[18:52:17.971] [32mINFO[39m: [36mINFO incoming request | [1783968737971][39m
    [35mlocalTime[39m: "02:52:17.971"
    [35mreqId[39m: "req-1x"
    [35mreq[39m: {
      "method": "GET",
      "url": "/v1/account/settings",
      "host": "10.0.2.2:3005",
      "remoteAddress": "127.0.0.1",
      "remotePort": 35868
    }
[18:52:17.971] [32mINFO[39m: [36mINFO Auth check - path: /v1/account/settings, has bearer header: true | [1783968737971][39m
    [35mlocalTime[39m: "02:52:17.971"
    [35mmodule[39m: "auth-decorator"
[18:52:17.973] [32mINFO[39m: [36mINFO request completed | [1783968737973][39m
    [35mlocalTime[39m: "02:52:17.973"
    [35mreqId[39m: "req-1u"
    [35mres[39m: {
      "statusCode": 200
    }
    [35mresponseTime[39m: 9.234513000003062
[18:52:17.974] [32mINFO[39m: [36mINFO request completed | [1783968737974][39m
    [35mlocalTime[39m: "02:52:17.974"
    [35mreqId[39m: "req-1v"
    [35mres[39m: {
      "statusCode": 200
    }
    [35mresponseTime[39m: 9.010548000020208
[18:52:17.974] [32mINFO[39m: [36mINFO incoming request | [1783968737974][39m
    [35mlocalTime[39m: "02:52:17.974"
    [35mreqId[39m: "req-1y"
    [35mreq[39m: {
      "method": "GET",
      "url": "/v1/account/profile",
      "host": "10.0.2.2:3005",
      "remoteAddress": "127.0.0.1",
      "remotePort": 35878
    }
[18:52:17.974] [32mINFO[39m: [36mINFO Auth check - path: /v1/account/profile, has bearer header: true | [1783968737974][39m
    [35mlocalTime[39m: "02:52:17.974"
    [35mmodule[39m: "auth-decorator"
[18:52:17.976] [32mINFO[39m: [36mINFO Auth success - user: cmrjkvnea0000ovtv9ou6mcht | [1783968737976][39m
    [35mlocalTime[39m: "02:52:17.976"
    [35mmodule[39m: "auth-decorator"
[18:52:17.978] [32mINFO[39m: [36mINFO request completed | [1783968737978][39m
    [35mlocalTime[39m: "02:52:17.978"
    [35mreqId[39m: "req-1x"
    [35mres[39m: {
      "statusCode": 200
    }
    [35mresponseTime[39m: 7.240047999977833
[18:52:17.978] [32mINFO[39m: [36mINFO Auth success - user: cmrjkvnea0000ovtv9ou6mcht | [1783968737978][39m
    [35mlocalTime[39m: "02:52:17.978"
    [35mmodule[39m: "auth-decorator"
[18:52:17.982] [32mINFO[39m: [36mINFO request completed | [1783968737982][39m
    [35mlocalTime[39m: "02:52:17.982"
    [35mreqId[39m: "req-1y"
    [35mres[39m: {
      "statusCode": 200
    }
    [35mresponseTime[39m: 8.040665999986231
[18:52:18.467] [32mINFO[39m: [36mINFO Token verified: cmrjkvnea0000ovtv9ou6mcht, clientType: user-scoped, client: android/1.0.0, sessionId: none, machineId: none, socketId: qCRCrDKDvw-h6Wu3AAAL | [1783968738467][39m
    [35mlocalTime[39m: "02:52:18.467"
    [35mmodule[39m: "websocket"
[18:52:18.468] [32mINFO[39m: [36mINFO User connected: cmrjkvnea0000ovtv9ou6mcht | [1783968738468][39m
    [35mlocalTime[39m: "02:52:18.468"
    [35mmodule[39m: "websocket"
[18:52:18.468] [32mINFO[39m: [36mINFO incoming request | [1783968738468][39m
    [35mlocalTime[39m: "02:52:18.468"
    [35mreqId[39m: "req-1z"
    [35mreq[39m: {
      "method": "GET",
      "url": "/v1/artifacts",
      "host": "10.0.2.2:3005",
      "remoteAddress": "127.0.0.1",
      "remotePort": 35890
    }
[18:52:18.468] [32mINFO[39m: [36mINFO Auth check - path: /v1/artifacts, has bearer header: true | [1783968738468][39m
    [35mlocalTime[39m: "02:52:18.468"
    [35mmodule[39m: "auth-decorator"
[18:52:18.471] [32mINFO[39m: [36mINFO Auth success - user: cmrjkvnea0000ovtv9ou6mcht | [1783968738471][39m
    [35mlocalTime[39m: "02:52:18.471"
    [35mmodule[39m: "auth-decorator"
[18:52:18.474] [32mINFO[39m: [36mINFO request completed | [1783968738474][39m
    [35mlocalTime[39m: "02:52:18.474"
    [35mreqId[39m: "req-1z"
    [35mres[39m: {
      "statusCode": 200
    }
    [35mresponseTime[39m: 5.664178000006359
[18:52:18.511] [32mINFO[39m: [36mINFO incoming request | [1783968738511][39m
    [35mlocalTime[39m: "02:52:18.511"
    [35mreqId[39m: "req-20"
    [35mreq[39m: {
      "method": "GET",
      "url": "/v1/sessions",
      "host": "10.0.2.2:3005",
      "remoteAddress": "127.0.0.1",
      "remotePort": 35890
    }
[18:52:18.511] [32mINFO[39m: [36mINFO Auth check - path: /v1/sessions, has bearer header: true | [1783968738511][39m
    [35mlocalTime[39m: "02:52:18.511"
    [35mmodule[39m: "auth-decorator"
[18:52:18.514] [32mINFO[39m: [36mINFO Auth success - user: cmrjkvnea0000ovtv9ou6mcht | [1783968738514][39m
    [35mlocalTime[39m: "02:52:18.514"
    [35mmodule[39m: "auth-decorator"
[18:52:18.517] [32mINFO[39m: [36mINFO request completed | [1783968738517][39m
    [35mlocalTime[39m: "02:52:18.517"
    [35mreqId[39m: "req-20"
    [35mres[39m: {
      "statusCode": 200
    }
    [35mresponseTime[39m: 5.212865999987116
[18:52:18.517] [32mINFO[39m: [36mINFO incoming request | [1783968738517][39m
    [35mlocalTime[39m: "02:52:18.517"
    [35mreqId[39m: "req-21"
    [35mreq[39m: {
      "method": "GET",
      "url": "/v1/machines",
      "host": "10.0.2.2:3005",
      "remoteAddress": "127.0.0.1",
      "remotePort": 35870
    }
[18:52:18.517] [32mINFO[39m: [36mINFO Auth check - path: /v1/machines, has bearer header: true | [1783968738517][39m
    [35mlocalTime[39m: "02:52:18.517"
    [35mmodule[39m: "auth-decorator"
[18:52:18.518] [32mINFO[39m: [36mINFO incoming request | [1783968738518][39m
    [35mlocalTime[39m: "02:52:18.518"
    [35mreqId[39m: "req-22"
    [35mreq[39m: {
      "method": "GET",
      "url": "/v1/artifacts",
      "host": "10.0.2.2:3005",
      "remoteAddress": "127.0.0.1",
      "remotePort": 35860
    }
[18:52:18.518] [32mINFO[39m: [36mINFO Auth check - path: /v1/artifacts, has bearer header: true | [1783968738518][39m
    [35mlocalTime[39m: "02:52:18.518"
    [35mmodule[39m: "auth-decorator"
[18:52:18.521] [32mINFO[39m: [36mINFO Auth success - user: cmrjkvnea0000ovtv9ou6mcht | [1783968738521][39m
    [35mlocalTime[39m: "02:52:18.521"
    [35mmodule[39m: "auth-decorator"
[18:52:18.521] [32mINFO[39m: [36mINFO Auth success - user: cmrjkvnea0000ovtv9ou6mcht | [1783968738521][39m
    [35mlocalTime[39m: "02:52:18.521"
    [35mmodule[39m: "auth-decorator"
[18:52:18.523] [32mINFO[39m: [36mINFO request completed | [1783968738523][39m
    [35mlocalTime[39m: "02:52:18.523"
    [35mreqId[39m: "req-21"
    [35mres[39m: {
      "statusCode": 200
    }
    [35mresponseTime[39m: 5.603234999987762
[18:52:18.523] [32mINFO[39m: [36mINFO request completed | [1783968738523][39m
    [35mlocalTime[39m: "02:52:18.523"
    [35mreqId[39m: "req-22"
    [35mres[39m: {
      "statusCode": 200
    }
    [35mresponseTime[39m: 5.460806000017328
[18:52:18.543] [32mINFO[39m: [36mINFO incoming request | [1783968738543][39m
    [35mlocalTime[39m: "02:52:18.543"
    [35mreqId[39m: "req-23"
    [35mreq[39m: {
      "method": "GET",
      "url": "/v1/sessions",
      "host": "10.0.2.2:3005",
      "remoteAddress": "127.0.0.1",
      "remotePort": 35890
    }
[18:52:18.544] [32mINFO[39m: [36mINFO Auth check - path: /v1/sessions, has bearer header: true | [1783968738544][39m
    [35mlocalTime[39m: "02:52:18.544"
    [35mmodule[39m: "auth-decorator"
[18:52:18.548] [32mINFO[39m: [36mINFO Auth success - user: cmrjkvnea0000ovtv9ou6mcht | [1783968738548][39m
    [35mlocalTime[39m: "02:52:18.548"
    [35mmodule[39m: "auth-decorator"
[18:52:18.550] [32mINFO[39m: [36mINFO request completed | [1783968738550][39m
    [35mlocalTime[39m: "02:52:18.550"
    [35mreqId[39m: "req-23"
    [35mres[39m: {
      "statusCode": 200
    }
    [35mresponseTime[39m: 6.533517999981996
[18:52:18.570] [32mINFO[39m: [36mINFO incoming request | [1783968738570][39m
    [35mlocalTime[39m: "02:52:18.570"
    [35mreqId[39m: "req-24"
    [35mreq[39m: {
      "method": "GET",
      "url": "/v1/sessions",
      "host": "10.0.2.2:3005",
      "remoteAddress": "127.0.0.1",
      "remotePort": 35890
    }
[18:52:18.571] [32mINFO[39m: [36mINFO Auth check - path: /v1/sessions, has bearer header: true | [1783968738571][39m
    [35mlocalTime[39m: "02:52:18.571"
    [35mmodule[39m: "auth-decorator"
[18:52:18.573] [32mINFO[39m: [36mINFO Auth success - user: cmrjkvnea0000ovtv9ou6mcht | [1783968738573][39m
    [35mlocalTime[39m: "02:52:18.573"
    [35mmodule[39m: "auth-decorator"
[18:52:18.575] [32mINFO[39m: [36mINFO request completed | [1783968738575][39m
    [35mlocalTime[39m: "02:52:18.575"
    [35mreqId[39m: "req-24"
    [35mres[39m: {
      "statusCode": 200
    }
    [35mresponseTime[39m: 4.636601999984123
[18:52:25.334] [32mINFO[39m: [36mINFO incoming request | [1783968745334][39m
    [35mlocalTime[39m: "02:52:25.334"
    [35mreqId[39m: "req-25"
    [35mreq[39m: {
      "method": "GET",
      "url": "/v3/sessions/cmrjkwj3w0003ovtv9re7dcn0/messages?before_seq=2147483647&limit=100",
      "host": "10.0.2.2:3005",
      "remoteAddress": "127.0.0.1",
      "remotePort": 35890
    }
[18:52:25.335] [32mINFO[39m: [36mINFO Auth check - path: /v3/sessions/cmrjkwj3w0003ovtv9re7dcn0/messages?before_seq=2147483647&limit=100, has bearer header: true | [1783968745335][39m
    [35mlocalTime[39m: "02:52:25.335"
    [35mmodule[39m: "auth-decorator"
[18:52:25.337] [32mINFO[39m: [36mINFO Auth success - user: cmrjkvnea0000ovtv9ou6mcht | [1783968745337][39m
    [35mlocalTime[39m: "02:52:25.337"
    [35mmodule[39m: "auth-decorator"
[18:52:25.340] [32mINFO[39m: [36mINFO request completed | [1783968745340][39m
    [35mlocalTime[39m: "02:52:25.340"
    [35mreqId[39m: "req-25"
    [35mres[39m: {
      "statusCode": 200
    }
    [35mresponseTime[39m: 5.498262999986764
[18:52:46.944] [32mINFO[39m: [36mINFO incoming request | [1783968766944][39m
    [35mlocalTime[39m: "02:52:46.944"
    [35mreqId[39m: "req-26"
    [35mreq[39m: {
      "method": "POST",
      "url": "/v3/sessions/cmrjkwj3w0003ovtv9re7dcn0/messages",
      "host": "10.0.2.2:3005",
      "remoteAddress": "127.0.0.1",
      "remotePort": 35890
    }
[18:52:46.945] [32mINFO[39m: [36mINFO Auth check - path: /v3/sessions/cmrjkwj3w0003ovtv9re7dcn0/messages, has bearer header: true | [1783968766945][39m
    [35mlocalTime[39m: "02:52:46.945"
    [35mmodule[39m: "auth-decorator"
[18:52:46.948] [32mINFO[39m: [36mINFO Auth success - user: cmrjkvnea0000ovtv9ou6mcht | [1783968766948][39m
    [35mlocalTime[39m: "02:52:46.948"
    [35mmodule[39m: "auth-decorator"
[18:52:46.958] [32mINFO[39m: [36mINFO request completed | [1783968766958][39m
    [35mlocalTime[39m: "02:52:46.958"
    [35mreqId[39m: "req-26"
    [35mres[39m: {
      "statusCode": 200
    }
    [35mresponseTime[39m: 13.5604839999869
[18:52:47.027] [32mINFO[39m: [36mINFO incoming request | [1783968767027][39m
    [35mlocalTime[39m: "02:52:47.027"
    [35mreqId[39m: "req-27"
    [35mreq[39m: {
      "method": "GET",
      "url": "/v3/sessions/cmrjkwj3w0003ovtv9re7dcn0/messages?after_seq=5&limit=100",
      "host": "10.0.2.2:3005",
      "remoteAddress": "127.0.0.1",
      "remotePort": 35890
    }
[18:52:47.028] [32mINFO[39m: [36mINFO Auth check - path: /v3/sessions/cmrjkwj3w0003ovtv9re7dcn0/messages?after_seq=5&limit=100, has bearer header: true | [1783968767028][39m
    [35mlocalTime[39m: "02:52:47.028"
    [35mmodule[39m: "auth-decorator"
[18:52:47.032] [32mINFO[39m: [36mINFO Auth success - user: cmrjkvnea0000ovtv9ou6mcht | [1783968767032][39m
    [35mlocalTime[39m: "02:52:47.032"
    [35mmodule[39m: "auth-decorator"
[18:52:47.034] [32mINFO[39m: [36mINFO request completed | [1783968767034][39m
    [35mlocalTime[39m: "02:52:47.034"
    [35mreqId[39m: "req-27"
    [35mres[39m: {
      "statusCode": 200
    }
    [35mresponseTime[39m: 6.524727999989409
[18:52:47.887] [32mINFO[39m: [36mINFO incoming request | [1783968767887][39m
    [35mlocalTime[39m: "02:52:47.887"
    [35mreqId[39m: "req-28"
    [35mreq[39m: {
      "method": "POST",
      "url": "/v3/sessions/cmrjkwj3w0003ovtv9re7dcn0/messages",
      "host": "127.0.0.1:3005",
      "remoteAddress": "127.0.0.1",
      "remotePort": 33144
    }
[18:52:47.887] [32mINFO[39m: [36mINFO Auth check - path: /v3/sessions/cmrjkwj3w0003ovtv9re7dcn0/messages, has bearer header: true | [1783968767887][39m
    [35mlocalTime[39m: "02:52:47.887"
    [35mmodule[39m: "auth-decorator"
[18:52:47.894] [32mINFO[39m: [36mINFO Auth success - user: cmrjkvnea0000ovtv9ou6mcht | [1783968767894][39m
    [35mlocalTime[39m: "02:52:47.894"
    [35mmodule[39m: "auth-decorator"
[18:52:47.906] [32mINFO[39m: [36mINFO request completed | [1783968767906][39m
    [35mlocalTime[39m: "02:52:47.906"
    [35mreqId[39m: "req-28"
    [35mres[39m: {
      "statusCode": 200
    }
    [35mresponseTime[39m: 18.76113100000657
[18:52:47.938] [32mINFO[39m: [36mINFO incoming request | [1783968767938][39m
    [35mlocalTime[39m: "02:52:47.938"
    [35mreqId[39m: "req-29"
    [35mreq[39m: {
      "method": "GET",
      "url": "/v3/sessions/cmrjkwj3w0003ovtv9re7dcn0/messages?after_seq=5&limit=100",
      "host": "10.0.2.2:3005",
      "remoteAddress": "127.0.0.1",
      "remotePort": 35890
    }
[18:52:47.939] [32mINFO[39m: [36mINFO Auth check - path: /v3/sessions/cmrjkwj3w0003ovtv9re7dcn0/messages?after_seq=5&limit=100, has bearer header: true | [1783968767939][39m
    [35mlocalTime[39m: "02:52:47.939"
    [35mmodule[39m: "auth-decorator"
[18:52:47.942] [32mINFO[39m: [36mINFO Auth success - user: cmrjkvnea0000ovtv9ou6mcht | [1783968767942][39m
    [35mlocalTime[39m: "02:52:47.942"
    [35mmodule[39m: "auth-decorator"
[18:52:47.946] [32mINFO[39m: [36mINFO request completed | [1783968767946][39m
    [35mlocalTime[39m: "02:52:47.946"
    [35mreqId[39m: "req-29"
    [35mres[39m: {
      "statusCode": 200
    }
    [35mresponseTime[39m: 7.6151109999918845
[18:52:47.965] [32mINFO[39m: [36mINFO incoming request | [1783968767965][39m
    [35mlocalTime[39m: "02:52:47.965"
    [35mreqId[39m: "req-2a"
    [35mreq[39m: {
      "method": "GET",
      "url": "/v3/sessions/cmrjkwj3w0003ovtv9re7dcn0/messages?after_seq=6&limit=100",
      "host": "10.0.2.2:3005",
      "remoteAddress": "127.0.0.1",
      "remotePort": 35890
    }
[18:52:47.966] [32mINFO[39m: [36mINFO Auth check - path: /v3/sessions/cmrjkwj3w0003ovtv9re7dcn0/messages?after_seq=6&limit=100, has bearer header: true | [1783968767966][39m
    [35mlocalTime[39m: "02:52:47.966"
    [35mmodule[39m: "auth-decorator"
[18:52:47.969] [32mINFO[39m: [36mINFO Auth success - user: cmrjkvnea0000ovtv9ou6mcht | [1783968767969][39m
    [35mlocalTime[39m: "02:52:47.969"
    [35mmodule[39m: "auth-decorator"
[18:52:47.972] [32mINFO[39m: [36mINFO request completed | [1783968767972][39m
    [35mlocalTime[39m: "02:52:47.972"
    [35mreqId[39m: "req-2a"
    [35mres[39m: {
      "statusCode": 200
    }
    [35mresponseTime[39m: 6.673035999992862
[18:52:48.593] [32mINFO[39m: [36mINFO Flushed 1 session updates | [1783968768593][39m
    [35mlocalTime[39m: "02:52:48.593"
    [35mmodule[39m: "session-cache"
[18:52:48.596] [32mINFO[39m: [36mINFO Flushed 1 machine updates | [1783968768596][39m
    [35mlocalTime[39m: "02:52:48.596"
    [35mmodule[39m: "session-cache"
[18:52:50.772] [32mINFO[39m: [36mINFO incoming request | [1783968770772][39m
    [35mlocalTime[39m: "02:52:50.772"
    [35mreqId[39m: "req-2b"
    [35mreq[39m: {
      "method": "POST",
      "url": "/v3/sessions/cmrjkwj3w0003ovtv9re7dcn0/messages",
      "host": "127.0.0.1:3005",
      "remoteAddress": "127.0.0.1",
      "remotePort": 33144
    }
[18:52:50.773] [32mINFO[39m: [36mINFO Auth check - path: /v3/sessions/cmrjkwj3w0003ovtv9re7dcn0/messages, has bearer header: true | [1783968770773][39m
    [35mlocalTime[39m: "02:52:50.773"
    [35mmodule[39m: "auth-decorator"
[18:52:50.776] [32mINFO[39m: [36mINFO Auth success - user: cmrjkvnea0000ovtv9ou6mcht | [1783968770776][39m
    [35mlocalTime[39m: "02:52:50.776"
    [35mmodule[39m: "auth-decorator"
[18:52:50.795] [32mINFO[39m: [36mINFO request completed | [1783968770795][39m
    [35mlocalTime[39m: "02:52:50.795"
    [35mreqId[39m: "req-2b"
    [35mres[39m: {
      "statusCode": 200
    }
    [35mresponseTime[39m: 21.9891040000075
[18:52:50.802] [32mINFO[39m: [36mINFO incoming request | [1783968770802][39m
    [35mlocalTime[39m: "02:52:50.802"
    [35mreqId[39m: "req-2c"
    [35mreq[39m: {
      "method": "POST",
      "url": "/v3/sessions/cmrjkwj3w0003ovtv9re7dcn0/messages",
      "host": "127.0.0.1:3005",
      "remoteAddress": "127.0.0.1",
      "remotePort": 33144
    }
[18:52:50.803] [32mINFO[39m: [36mINFO Auth check - path: /v3/sessions/cmrjkwj3w0003ovtv9re7dcn0/messages, has bearer header: true | [1783968770803][39m
    [35mlocalTime[39m: "02:52:50.803"
    [35mmodule[39m: "auth-decorator"
[18:52:50.807] [32mINFO[39m: [36mINFO Auth success - user: cmrjkvnea0000ovtv9ou6mcht | [1783968770807][39m
    [35mlocalTime[39m: "02:52:50.807"
    [35mmodule[39m: "auth-decorator"
[18:52:50.822] [32mINFO[39m: [36mINFO request completed | [1783968770822][39m
    [35mlocalTime[39m: "02:52:50.822"
    [35mreqId[39m: "req-2c"
    [35mres[39m: {
      "statusCode": 200
    }
    [35mresponseTime[39m: 18.998377999989316
[18:52:50.830] [32mINFO[39m: [36mINFO incoming request | [1783968770830][39m
    [35mlocalTime[39m: "02:52:50.830"
    [35mreqId[39m: "req-2d"
    [35mreq[39m: {
      "method": "POST",
      "url": "/v1/sessions/cmrjkwj3w0003ovtv9re7dcn0/push-event",
      "host": "127.0.0.1:3005",
      "remoteAddress": "127.0.0.1",
      "remotePort": 33144
    }
[18:52:50.831] [32mINFO[39m: [36mINFO Auth check - path: /v1/sessions/cmrjkwj3w0003ovtv9re7dcn0/push-event, has bearer header: true | [1783968770831][39m
    [35mlocalTime[39m: "02:52:50.831"
    [35mmodule[39m: "auth-decorator"
[18:52:50.835] [32mINFO[39m: [36mINFO Auth success - user: cmrjkvnea0000ovtv9ou6mcht | [1783968770835][39m
    [35mlocalTime[39m: "02:52:50.835"
    [35mmodule[39m: "auth-decorator"
[18:52:50.838] [32mINFO[39m: [36mINFO Suppressed session-event push for user cmrjkvnea0000ovtv9ou6mcht session cmrjkwj3w0003ovtv9re7dcn0: same session visible | [1783968770838][39m
    [35mlocalTime[39m: "02:52:50.838"
    [35mmodule[39m: "push"
[18:52:50.838] [32mINFO[39m: [36mINFO request completed | [1783968770838][39m
    [35mlocalTime[39m: "02:52:50.838"
    [35mreqId[39m: "req-2d"
    [35mres[39m: {
      "statusCode": 200
    }
    [35mresponseTime[39m: 7.63718499999959
[18:52:50.861] [32mINFO[39m: [36mINFO incoming request | [1783968770861][39m
    [35mlocalTime[39m: "02:52:50.861"
    [35mreqId[39m: "req-2e"
    [35mreq[39m: {
      "method": "GET",
      "url": "/v3/sessions/cmrjkwj3w0003ovtv9re7dcn0/messages?after_seq=8&limit=100",
      "host": "10.0.2.2:3005",
      "remoteAddress": "127.0.0.1",
      "remotePort": 35890
    }
[18:52:50.862] [32mINFO[39m: [36mINFO Auth check - path: /v3/sessions/cmrjkwj3w0003ovtv9re7dcn0/messages?after_seq=8&limit=100, has bearer header: true | [1783968770862][39m
    [35mlocalTime[39m: "02:52:50.862"
    [35mmodule[39m: "auth-decorator"
[18:52:50.865] [32mINFO[39m: [36mINFO Auth success - user: cmrjkvnea0000ovtv9ou6mcht | [1783968770865][39m
    [35mlocalTime[39m: "02:52:50.865"
    [35mmodule[39m: "auth-decorator"
[18:52:50.868] [32mINFO[39m: [36mINFO request completed | [1783968770868][39m
    [35mlocalTime[39m: "02:52:50.868"
    [35mreqId[39m: "req-2e"
    [35mres[39m: {
      "statusCode": 200
    }
    [35mresponseTime[39m: 6.213110999990022
[18:52:50.954] [32mINFO[39m: [36mINFO incoming request | [1783968770954][39m
    [35mlocalTime[39m: "02:52:50.954"
    [35mreqId[39m: "req-2f"
    [35mreq[39m: {
      "method": "GET",
      "url": "/v3/sessions/cmrjkwj3w0003ovtv9re7dcn0/messages?after_seq=8&limit=100",
      "host": "10.0.2.2:3005",
      "remoteAddress": "127.0.0.1",
      "remotePort": 35890
    }
[18:52:50.954] [32mINFO[39m: [36mINFO Auth check - path: /v3/sessions/cmrjkwj3w0003ovtv9re7dcn0/messages?after_seq=8&limit=100, has bearer header: true | [1783968770954][39m
    [35mlocalTime[39m: "02:52:50.954"
    [35mmodule[39m: "auth-decorator"
[18:52:50.957] [32mINFO[39m: [36mINFO Auth success - user: cmrjkvnea0000ovtv9ou6mcht | [1783968770957][39m
    [35mlocalTime[39m: "02:52:50.957"
    [35mmodule[39m: "auth-decorator"
[18:52:50.960] [32mINFO[39m: [36mINFO request completed | [1783968770960][39m
    [35mlocalTime[39m: "02:52:50.960"
    [35mreqId[39m: "req-2f"
    [35mres[39m: {
      "statusCode": 200
    }
    [35mresponseTime[39m: 6.360829000012018
[18:52:57.891] [32mINFO[39m: [36mINFO incoming request | [1783968777891][39m
    [35mlocalTime[39m: "02:52:57.891"
    [35mreqId[39m: "req-2g"
    [35mreq[39m: {
      "method": "POST",
      "url": "/v3/sessions/cmrjkwj3w0003ovtv9re7dcn0/messages",
      "host": "127.0.0.1:3005",
      "remoteAddress": "127.0.0.1",
      "remotePort": 50552
    }
[18:52:57.891] [32mINFO[39m: [36mINFO Auth check - path: /v3/sessions/cmrjkwj3w0003ovtv9re7dcn0/messages, has bearer header: true | [1783968777891][39m
    [35mlocalTime[39m: "02:52:57.891"
    [35mmodule[39m: "auth-decorator"
[18:52:57.894] [32mINFO[39m: [36mINFO Auth success - user: cmrjkvnea0000ovtv9ou6mcht | [1783968777894][39m
    [35mlocalTime[39m: "02:52:57.894"
    [35mmodule[39m: "auth-decorator"
[18:52:57.901] [32mINFO[39m: [36mINFO request completed | [1783968777901][39m
    [35mlocalTime[39m: "02:52:57.901"
    [35mreqId[39m: "req-2g"
    [35mres[39m: {
      "statusCode": 200
    }
    [35mresponseTime[39m: 10.35934999998426
[18:52:57.926] [32mINFO[39m: [36mINFO incoming request | [1783968777926][39m
    [35mlocalTime[39m: "02:52:57.926"
    [35mreqId[39m: "req-2h"
    [35mreq[39m: {
      "method": "GET",
      "url": "/v3/sessions/cmrjkwj3w0003ovtv9re7dcn0/messages?after_seq=9&limit=100",
      "host": "10.0.2.2:3005",
      "remoteAddress": "127.0.0.1",
      "remotePort": 35890
    }
[18:52:57.927] [32mINFO[39m: [36mINFO Auth check - path: /v3/sessions/cmrjkwj3w0003ovtv9re7dcn0/messages?after_seq=9&limit=100, has bearer header: true | [1783968777927][39m
    [35mlocalTime[39m: "02:52:57.927"
    [35mmodule[39m: "auth-decorator"
[18:52:57.929] [32mINFO[39m: [36mINFO Auth success - user: cmrjkvnea0000ovtv9ou6mcht | [1783968777929][39m
    [35mlocalTime[39m: "02:52:57.929"
    [35mmodule[39m: "auth-decorator"
[18:52:57.932] [32mINFO[39m: [36mINFO request completed | [1783968777932][39m
    [35mlocalTime[39m: "02:52:57.932"
    [35mreqId[39m: "req-2h"
    [35mres[39m: {
      "statusCode": 200
    }
    [35mresponseTime[39m: 5.707758000004105
[18:53:00.977] [32mINFO[39m: [36mINFO User disconnected: cmrjkvnea0000ovtv9ou6mcht | [1783968780977][39m
    [35mlocalTime[39m: "02:53:00.977"
    [35mmodule[39m: "websocket"
[18:53:02.481] [32mINFO[39m: [36mINFO incoming request | [1783968782481][39m
    [35mlocalTime[39m: "02:53:02.481"
    [35mreqId[39m: "req-2i"
    [35mreq[39m: {
      "method": "GET",
      "url": "/v1/account/profile",
      "host": "10.0.2.2:3005",
      "remoteAddress": "127.0.0.1",
      "remotePort": 50574
    }
[18:53:02.482] [32mINFO[39m: [36mINFO Auth check - path: /v1/account/profile, has bearer header: true | [1783968782482][39m
    [35mlocalTime[39m: "02:53:02.482"
    [35mmodule[39m: "auth-decorator"
[18:53:02.483] [32mINFO[39m: [36mINFO incoming request | [1783968782483][39m
    [35mlocalTime[39m: "02:53:02.483"
    [35mreqId[39m: "req-2j"
    [35mreq[39m: {
      "method": "GET",
      "url": "/v1/machines",
      "host": "10.0.2.2:3005",
      "remoteAddress": "127.0.0.1",
      "remotePort": 50578
    }
[18:53:02.483] [32mINFO[39m: [36mINFO Auth check - path: /v1/machines, has bearer header: true | [1783968782483][39m
    [35mlocalTime[39m: "02:53:02.483"
    [35mmodule[39m: "auth-decorator"
[18:53:02.485] [32mINFO[39m: [36mINFO incoming request | [1783968782485][39m
    [35mlocalTime[39m: "02:53:02.485"
    [35mreqId[39m: "req-2k"
    [35mreq[39m: {
      "method": "GET",
      "url": "/v1/account/settings",
      "host": "10.0.2.2:3005",
      "remoteAddress": "127.0.0.1",
      "remotePort": 50586
    }
[18:53:02.486] [32mINFO[39m: [36mINFO Auth check - path: /v1/account/settings, has bearer header: true | [1783968782486][39m
    [35mlocalTime[39m: "02:53:02.486"
    [35mmodule[39m: "auth-decorator"
[18:53:02.486] [32mINFO[39m: [36mINFO incoming request | [1783968782486][39m
    [35mlocalTime[39m: "02:53:02.486"
    [35mreqId[39m: "req-2l"
    [35mreq[39m: {
      "method": "GET",
      "url": "/v1/sessions",
      "host": "10.0.2.2:3005",
      "remoteAddress": "127.0.0.1",
      "remotePort": 50588
    }
[18:53:02.486] [32mINFO[39m: [36mINFO Auth check - path: /v1/sessions, has bearer header: true | [1783968782486][39m
    [35mlocalTime[39m: "02:53:02.486"
    [35mmodule[39m: "auth-decorator"
[18:53:02.486] [32mINFO[39m: [36mINFO incoming request | [1783968782486][39m
    [35mlocalTime[39m: "02:53:02.486"
    [35mreqId[39m: "req-2m"
    [35mreq[39m: {
      "method": "POST",
      "url": "/v1/version",
      "host": "10.0.2.2:3005",
      "remoteAddress": "127.0.0.1",
      "remotePort": 50566
    }
[18:53:02.487] [32mINFO[39m: [36mINFO request completed | [1783968782487][39m
    [35mlocalTime[39m: "02:53:02.487"
    [35mreqId[39m: "req-2m"
    [35mres[39m: {
      "statusCode": 200
    }
    [35mresponseTime[39m: 0.35942699998850003
[18:53:02.490] [32mINFO[39m: [36mINFO Auth success - user: cmrjkvnea0000ovtv9ou6mcht | [1783968782490][39m
    [35mlocalTime[39m: "02:53:02.490"
    [35mmodule[39m: "auth-decorator"
[18:53:02.491] [32mINFO[39m: [36mINFO Auth success - user: cmrjkvnea0000ovtv9ou6mcht | [1783968782491][39m
    [35mlocalTime[39m: "02:53:02.491"
    [35mmodule[39m: "auth-decorator"
[18:53:02.497] [32mINFO[39m: [36mINFO request completed | [1783968782497][39m
    [35mlocalTime[39m: "02:53:02.497"
    [35mreqId[39m: "req-2j"
    [35mres[39m: {
      "statusCode": 200
    }
    [35mresponseTime[39m: 14.163135999988299
[18:53:02.497] [32mINFO[39m: [36mINFO Auth success - user: cmrjkvnea0000ovtv9ou6mcht | [1783968782497][39m
    [35mlocalTime[39m: "02:53:02.497"
    [35mmodule[39m: "auth-decorator"
[18:53:02.498] [32mINFO[39m: [36mINFO Auth success - user: cmrjkvnea0000ovtv9ou6mcht | [1783968782498][39m
    [35mlocalTime[39m: "02:53:02.498"
    [35mmodule[39m: "auth-decorator"
[18:53:02.502] [32mINFO[39m: [36mINFO request completed | [1783968782502][39m
    [35mlocalTime[39m: "02:53:02.502"
    [35mreqId[39m: "req-2i"
    [35mres[39m: {
      "statusCode": 200
    }
    [35mresponseTime[39m: 20.182216999994125
[18:53:02.502] [32mINFO[39m: [36mINFO request completed | [1783968782502][39m
    [35mlocalTime[39m: "02:53:02.502"
    [35mreqId[39m: "req-2k"
    [35mres[39m: {
      "statusCode": 200
    }
    [35mresponseTime[39m: 16.85668799999985
[18:53:02.503] [32mINFO[39m: [36mINFO request completed | [1783968782503][39m
    [35mlocalTime[39m: "02:53:02.503"
    [35mreqId[39m: "req-2l"
    [35mres[39m: {
      "statusCode": 200
    }
    [35mresponseTime[39m: 16.977501999994274
[18:53:02.983] [32mINFO[39m: [36mINFO incoming request | [1783968782983][39m
    [35mlocalTime[39m: "02:53:02.983"
    [35mreqId[39m: "req-2n"
    [35mreq[39m: {
      "method": "GET",
      "url": "/v1/artifacts",
      "host": "10.0.2.2:3005",
      "remoteAddress": "127.0.0.1",
      "remotePort": 50574
    }
[18:53:02.984] [32mINFO[39m: [36mINFO Auth check - path: /v1/artifacts, has bearer header: true | [1783968782984][39m
    [35mlocalTime[39m: "02:53:02.984"
    [35mmodule[39m: "auth-decorator"
[18:53:02.986] [32mINFO[39m: [36mINFO Token verified: cmrjkvnea0000ovtv9ou6mcht, clientType: user-scoped, client: android/1.0.0, sessionId: none, machineId: none, socketId: GLZer8kFK6TrHu-WAAAN | [1783968782986][39m
    [35mlocalTime[39m: "02:53:02.986"
    [35mmodule[39m: "websocket"
[18:53:02.986] [32mINFO[39m: [36mINFO User connected: cmrjkvnea0000ovtv9ou6mcht | [1783968782986][39m
    [35mlocalTime[39m: "02:53:02.986"
    [35mmodule[39m: "websocket"
[18:53:02.988] [32mINFO[39m: [36mINFO Auth success - user: cmrjkvnea0000ovtv9ou6mcht | [1783968782988][39m
    [35mlocalTime[39m: "02:53:02.988"
    [35mmodule[39m: "auth-decorator"
[18:53:02.990] [32mINFO[39m: [36mINFO request completed | [1783968782990][39m
    [35mlocalTime[39m: "02:53:02.990"
    [35mreqId[39m: "req-2n"
    [35mres[39m: {
      "statusCode": 200
    }
    [35mresponseTime[39m: 6.300347000011243
[18:53:03.038] [32mINFO[39m: [36mINFO incoming request | [1783968783038][39m
    [35mlocalTime[39m: "02:53:03.038"
    [35mreqId[39m: "req-2o"
    [35mreq[39m: {
      "method": "GET",
      "url": "/v1/sessions",
      "host": "10.0.2.2:3005",
      "remoteAddress": "127.0.0.1",
      "remotePort": 50574
    }
[18:53:03.039] [32mINFO[39m: [36mINFO Auth check - path: /v1/sessions, has bearer header: true | [1783968783039][39m
    [35mlocalTime[39m: "02:53:03.039"
    [35mmodule[39m: "auth-decorator"
[18:53:03.042] [32mINFO[39m: [36mINFO Auth success - user: cmrjkvnea0000ovtv9ou6mcht | [1783968783042][39m
    [35mlocalTime[39m: "02:53:03.042"
    [35mmodule[39m: "auth-decorator"
[18:53:03.044] [32mINFO[39m: [36mINFO request completed | [1783968783044][39m
    [35mlocalTime[39m: "02:53:03.044"
    [35mreqId[39m: "req-2o"
    [35mres[39m: {
      "statusCode": 200
    }
    [35mresponseTime[39m: 5.573088999983156
[18:53:03.046] [32mINFO[39m: [36mINFO incoming request | [1783968783046][39m
    [35mlocalTime[39m: "02:53:03.046"
    [35mreqId[39m: "req-2p"
    [35mreq[39m: {
      "method": "GET",
      "url": "/v1/artifacts",
      "host": "10.0.2.2:3005",
      "remoteAddress": "127.0.0.1",
      "remotePort": 50578
    }
[18:53:03.046] [32mINFO[39m: [36mINFO Auth check - path: /v1/artifacts, has bearer header: true | [1783968783046][39m
    [35mlocalTime[39m: "02:53:03.046"
    [35mmodule[39m: "auth-decorator"
[18:53:03.047] [32mINFO[39m: [36mINFO incoming request | [1783968783047][39m
    [35mlocalTime[39m: "02:53:03.047"
    [35mreqId[39m: "req-2q"
    [35mreq[39m: {
      "method": "GET",
      "url": "/v1/machines",
      "host": "10.0.2.2:3005",
      "remoteAddress": "127.0.0.1",
      "remotePort": 50588
    }
[18:53:03.047] [32mINFO[39m: [36mINFO Auth check - path: /v1/machines, has bearer header: true | [1783968783047][39m
    [35mlocalTime[39m: "02:53:03.047"
    [35mmodule[39m: "auth-decorator"
[18:53:03.050] [32mINFO[39m: [36mINFO Auth success - user: cmrjkvnea0000ovtv9ou6mcht | [1783968783050][39m
    [35mlocalTime[39m: "02:53:03.050"
    [35mmodule[39m: "auth-decorator"
[18:53:03.051] [32mINFO[39m: [36mINFO Auth success - user: cmrjkvnea0000ovtv9ou6mcht | [1783968783051][39m
    [35mlocalTime[39m: "02:53:03.051"
    [35mmodule[39m: "auth-decorator"
[18:53:03.053] [32mINFO[39m: [36mINFO request completed | [1783968783053][39m
    [35mlocalTime[39m: "02:53:03.053"
    [35mreqId[39m: "req-2p"
    [35mres[39m: {
      "statusCode": 200
    }
    [35mresponseTime[39m: 6.852935999981128
[18:53:03.054] [32mINFO[39m: [36mINFO request completed | [1783968783054][39m
    [35mlocalTime[39m: "02:53:03.054"
    [35mreqId[39m: "req-2q"
    [35mres[39m: {
      "statusCode": 200
    }
    [35mresponseTime[39m: 6.7585869999893475
[18:53:03.113] [32mINFO[39m: [36mINFO incoming request | [1783968783113][39m
    [35mlocalTime[39m: "02:53:03.113"
    [35mreqId[39m: "req-2r"
    [35mreq[39m: {
      "method": "GET",
      "url": "/v1/sessions",
      "host": "10.0.2.2:3005",
      "remoteAddress": "127.0.0.1",
      "remotePort": 50574
    }
[18:53:03.114] [32mINFO[39m: [36mINFO Auth check - path: /v1/sessions, has bearer header: true | [1783968783114][39m
    [35mlocalTime[39m: "02:53:03.114"
    [35mmodule[39m: "auth-decorator"
[18:53:03.117] [32mINFO[39m: [36mINFO Auth success - user: cmrjkvnea0000ovtv9ou6mcht | [1783968783117][39m
    [35mlocalTime[39m: "02:53:03.117"
    [35mmodule[39m: "auth-decorator"
[18:53:03.118] [32mINFO[39m: [36mINFO request completed | [1783968783118][39m
    [35mlocalTime[39m: "02:53:03.118"
    [35mreqId[39m: "req-2r"
    [35mres[39m: {
      "statusCode": 200
    }
    [35mresponseTime[39m: 4.6420689999940805
[18:53:09.823] [32mINFO[39m: [36mINFO incoming request | [1783968789823][39m
    [35mlocalTime[39m: "02:53:09.823"
    [35mreqId[39m: "req-2s"
    [35mreq[39m: {
      "method": "GET",
      "url": "/v3/sessions/cmrjkwj3w0003ovtv9re7dcn0/messages?before_seq=2147483647&limit=100",
      "host": "10.0.2.2:3005",
      "remoteAddress": "127.0.0.1",
      "remotePort": 50574
    }
[18:53:09.823] [32mINFO[39m: [36mINFO Auth check - path: /v3/sessions/cmrjkwj3w0003ovtv9re7dcn0/messages?before_seq=2147483647&limit=100, has bearer header: true | [1783968789823][39m
    [35mlocalTime[39m: "02:53:09.823"
    [35mmodule[39m: "auth-decorator"
[18:53:09.827] [32mINFO[39m: [36mINFO Auth success - user: cmrjkvnea0000ovtv9ou6mcht | [1783968789827][39m
    [35mlocalTime[39m: "02:53:09.827"
    [35mmodule[39m: "auth-decorator"
[18:53:09.830] [32mINFO[39m: [36mINFO request completed | [1783968789830][39m
    [35mlocalTime[39m: "02:53:09.830"
    [35mreqId[39m: "req-2s"
    [35mres[39m: {
      "statusCode": 200
    }
    [35mresponseTime[39m: 7.01427899999544
[18:53:12.920] [32mINFO[39m: [36mINFO User disconnected: cmrjkvnea0000ovtv9ou6mcht | [1783968792920][39m
    [35mlocalTime[39m: "02:53:12.920"
    [35mmodule[39m: "websocket"
[18:53:15.919] [32mINFO[39m: [36mINFO incoming request | [1783968795919][39m
    [35mlocalTime[39m: "02:53:15.919"
    [35mreqId[39m: "req-2t"
    [35mreq[39m: {
      "method": "GET",
      "url": "/v1/account/settings",
      "host": "10.0.2.2:3005",
      "remoteAddress": "127.0.0.1",
      "remotePort": 59288
    }
[18:53:15.920] [32mINFO[39m: [36mINFO Auth check - path: /v1/account/settings, has bearer header: true | [1783968795920][39m
    [35mlocalTime[39m: "02:53:15.920"
    [35mmodule[39m: "auth-decorator"
[18:53:15.920] [32mINFO[39m: [36mINFO incoming request | [1783968795920][39m
    [35mlocalTime[39m: "02:53:15.920"
    [35mreqId[39m: "req-2u"
    [35mreq[39m: {
      "method": "GET",
      "url": "/v1/account/profile",
      "host": "10.0.2.2:3005",
      "remoteAddress": "127.0.0.1",
      "remotePort": 59282
    }
[18:53:15.921] [32mINFO[39m: [36mINFO Auth check - path: /v1/account/profile, has bearer header: true | [1783968795921][39m
    [35mlocalTime[39m: "02:53:15.921"
    [35mmodule[39m: "auth-decorator"
[18:53:15.924] [32mINFO[39m: [36mINFO incoming request | [1783968795924][39m
    [35mlocalTime[39m: "02:53:15.924"
    [35mreqId[39m: "req-2v"
    [35mreq[39m: {
      "method": "GET",
      "url": "/v1/machines",
      "host": "10.0.2.2:3005",
      "remoteAddress": "127.0.0.1",
      "remotePort": 59270
    }
[18:53:15.924] [32mINFO[39m: [36mINFO Auth check - path: /v1/machines, has bearer header: true | [1783968795924][39m
    [35mlocalTime[39m: "02:53:15.924"
    [35mmodule[39m: "auth-decorator"
[18:53:15.925] [32mINFO[39m: [36mINFO incoming request | [1783968795925][39m
    [35mlocalTime[39m: "02:53:15.925"
    [35mreqId[39m: "req-2w"
    [35mreq[39m: {
      "method": "GET",
      "url": "/v1/sessions",
      "host": "10.0.2.2:3005",
      "remoteAddress": "127.0.0.1",
      "remotePort": 59278
    }
[18:53:15.925] [32mINFO[39m: [36mINFO Auth check - path: /v1/sessions, has bearer header: true | [1783968795925][39m
    [35mlocalTime[39m: "02:53:15.925"
    [35mmodule[39m: "auth-decorator"
[18:53:15.925] [32mINFO[39m: [36mINFO incoming request | [1783968795925][39m
    [35mlocalTime[39m: "02:53:15.925"
    [35mreqId[39m: "req-2x"
    [35mreq[39m: {
      "method": "POST",
      "url": "/v1/version",
      "host": "10.0.2.2:3005",
      "remoteAddress": "127.0.0.1",
      "remotePort": 59256
    }
[18:53:15.925] [32mINFO[39m: [36mINFO request completed | [1783968795925][39m
    [35mlocalTime[39m: "02:53:15.925"
    [35mreqId[39m: "req-2x"
    [35mres[39m: {
      "statusCode": 200
    }
    [35mresponseTime[39m: 0.3064239999803249
[18:53:15.928] [32mINFO[39m: [36mINFO Auth success - user: cmrjkvnea0000ovtv9ou6mcht | [1783968795928][39m
    [35mlocalTime[39m: "02:53:15.928"
    [35mmodule[39m: "auth-decorator"
[18:53:15.928] [32mINFO[39m: [36mINFO Auth success - user: cmrjkvnea0000ovtv9ou6mcht | [1783968795928][39m
    [35mlocalTime[39m: "02:53:15.928"
    [35mmodule[39m: "auth-decorator"
[18:53:15.931] [32mINFO[39m: [36mINFO request completed | [1783968795931][39m
    [35mlocalTime[39m: "02:53:15.931"
    [35mreqId[39m: "req-2t"
    [35mres[39m: {
      "statusCode": 200
    }
    [35mresponseTime[39m: 11.121852000011131
[18:53:15.931] [32mINFO[39m: [36mINFO Auth success - user: cmrjkvnea0000ovtv9ou6mcht | [1783968795931][39m
    [35mlocalTime[39m: "02:53:15.931"
    [35mmodule[39m: "auth-decorator"
[18:53:15.931] [32mINFO[39m: [36mINFO Auth success - user: cmrjkvnea0000ovtv9ou6mcht | [1783968795931][39m
    [35mlocalTime[39m: "02:53:15.931"
    [35mmodule[39m: "auth-decorator"
[18:53:15.933] [32mINFO[39m: [36mINFO request completed | [1783968795933][39m
    [35mlocalTime[39m: "02:53:15.933"
    [35mreqId[39m: "req-2u"
    [35mres[39m: {
      "statusCode": 200
    }
    [35mresponseTime[39m: 12.61134599999059
[18:53:15.933] [32mINFO[39m: [36mINFO request completed | [1783968795933][39m
    [35mlocalTime[39m: "02:53:15.933"
    [35mreqId[39m: "req-2v"
    [35mres[39m: {
      "statusCode": 200
    }
    [35mresponseTime[39m: 9.216289000003599
[18:53:15.934] [32mINFO[39m: [36mINFO request completed | [1783968795934][39m
    [35mlocalTime[39m: "02:53:15.934"
    [35mreqId[39m: "req-2w"
    [35mres[39m: {
      "statusCode": 200
    }
    [35mresponseTime[39m: 8.944109999982174
[18:53:16.426] [32mINFO[39m: [36mINFO Token verified: cmrjkvnea0000ovtv9ou6mcht, clientType: user-scoped, client: android/1.0.0, sessionId: none, machineId: none, socketId: BvSOB3Q-k6GBB6HiAAAP | [1783968796426][39m
    [35mlocalTime[39m: "02:53:16.426"
    [35mmodule[39m: "websocket"
[18:53:16.426] [32mINFO[39m: [36mINFO User connected: cmrjkvnea0000ovtv9ou6mcht | [1783968796426][39m
    [35mlocalTime[39m: "02:53:16.426"
    [35mmodule[39m: "websocket"
[18:53:16.426] [32mINFO[39m: [36mINFO incoming request | [1783968796426][39m
    [35mlocalTime[39m: "02:53:16.426"
    [35mreqId[39m: "req-2y"
    [35mreq[39m: {
      "method": "GET",
      "url": "/v1/artifacts",
      "host": "10.0.2.2:3005",
      "remoteAddress": "127.0.0.1",
      "remotePort": 59288
    }
[18:53:16.426] [32mINFO[39m: [36mINFO Auth check - path: /v1/artifacts, has bearer header: true | [1783968796426][39m
    [35mlocalTime[39m: "02:53:16.426"
    [35mmodule[39m: "auth-decorator"
[18:53:16.429] [32mINFO[39m: [36mINFO Auth success - user: cmrjkvnea0000ovtv9ou6mcht | [1783968796429][39m
    [35mlocalTime[39m: "02:53:16.429"
    [35mmodule[39m: "auth-decorator"
[18:53:16.430] [32mINFO[39m: [36mINFO request completed | [1783968796430][39m
    [35mlocalTime[39m: "02:53:16.430"
    [35mreqId[39m: "req-2y"
    [35mres[39m: {
      "statusCode": 200
    }
    [35mresponseTime[39m: 3.9882269999943674
[18:53:16.463] [32mINFO[39m: [36mINFO incoming request | [1783968796463][39m
    [35mlocalTime[39m: "02:53:16.463"
    [35mreqId[39m: "req-2z"
    [35mreq[39m: {
      "method": "GET",
      "url": "/v1/artifacts",
      "host": "10.0.2.2:3005",
      "remoteAddress": "127.0.0.1",
      "remotePort": 59288
    }
[18:53:16.463] [32mINFO[39m: [36mINFO Auth check - path: /v1/artifacts, has bearer header: true | [1783968796463][39m
    [35mlocalTime[39m: "02:53:16.463"
    [35mmodule[39m: "auth-decorator"
[18:53:16.466] [32mINFO[39m: [36mINFO Auth success - user: cmrjkvnea0000ovtv9ou6mcht | [1783968796466][39m
    [35mlocalTime[39m: "02:53:16.466"
    [35mmodule[39m: "auth-decorator"
[18:53:16.467] [32mINFO[39m: [36mINFO request completed | [1783968796467][39m
    [35mlocalTime[39m: "02:53:16.467"
    [35mreqId[39m: "req-2z"
    [35mres[39m: {
      "statusCode": 200
    }
    [35mresponseTime[39m: 4.133270000020275
[18:53:16.484] [32mINFO[39m: [36mINFO incoming request | [1783968796484][39m
    [35mlocalTime[39m: "02:53:16.484"
    [35mreqId[39m: "req-30"
    [35mreq[39m: {
      "method": "GET",
      "url": "/v1/sessions",
      "host": "10.0.2.2:3005",
      "remoteAddress": "127.0.0.1",
      "remotePort": 59288
    }
[18:53:16.484] [32mINFO[39m: [36mINFO Auth check - path: /v1/sessions, has bearer header: true | [1783968796484][39m
    [35mlocalTime[39m: "02:53:16.484"
    [35mmodule[39m: "auth-decorator"
[18:53:16.488] [32mINFO[39m: [36mINFO Auth success - user: cmrjkvnea0000ovtv9ou6mcht | [1783968796488][39m
    [35mlocalTime[39m: "02:53:16.488"
    [35mmodule[39m: "auth-decorator"
[18:53:16.491] [32mINFO[39m: [36mINFO request completed | [1783968796491][39m
    [35mlocalTime[39m: "02:53:16.491"
    [35mreqId[39m: "req-30"
    [35mres[39m: {
      "statusCode": 200
    }
    [35mresponseTime[39m: 6.549379999982193
[18:53:16.492] [32mINFO[39m: [36mINFO incoming request | [1783968796492][39m
    [35mlocalTime[39m: "02:53:16.492"
    [35mreqId[39m: "req-31"
    [35mreq[39m: {
      "method": "GET",
      "url": "/v1/machines",
      "host": "10.0.2.2:3005",
      "remoteAddress": "127.0.0.1",
      "remotePort": 59282
    }
[18:53:16.492] [32mINFO[39m: [36mINFO Auth check - path: /v1/machines, has bearer header: true | [1783968796492][39m
    [35mlocalTime[39m: "02:53:16.492"
    [35mmodule[39m: "auth-decorator"
[18:53:16.495] [32mINFO[39m: [36mINFO Auth success - user: cmrjkvnea0000ovtv9ou6mcht | [1783968796495][39m
    [35mlocalTime[39m: "02:53:16.495"
    [35mmodule[39m: "auth-decorator"
[18:53:16.497] [32mINFO[39m: [36mINFO request completed | [1783968796497][39m
    [35mlocalTime[39m: "02:53:16.497"
    [35mreqId[39m: "req-31"
    [35mres[39m: {
      "statusCode": 200
    }
    [35mresponseTime[39m: 4.821893000014825
[18:53:16.544] [32mINFO[39m: [36mINFO incoming request | [1783968796544][39m
    [35mlocalTime[39m: "02:53:16.544"
    [35mreqId[39m: "req-32"
    [35mreq[39m: {
      "method": "GET",
      "url": "/v1/sessions",
      "host": "10.0.2.2:3005",
      "remoteAddress": "127.0.0.1",
      "remotePort": 59288
    }
[18:53:16.544] [32mINFO[39m: [36mINFO Auth check - path: /v1/sessions, has bearer header: true | [1783968796544][39m
    [35mlocalTime[39m: "02:53:16.544"
    [35mmodule[39m: "auth-decorator"
[18:53:16.547] [32mINFO[39m: [36mINFO Auth success - user: cmrjkvnea0000ovtv9ou6mcht | [1783968796547][39m
    [35mlocalTime[39m: "02:53:16.547"
    [35mmodule[39m: "auth-decorator"
[18:53:16.549] [32mINFO[39m: [36mINFO request completed | [1783968796549][39m
    [35mlocalTime[39m: "02:53:16.549"
    [35mreqId[39m: "req-32"
    [35mres[39m: {
      "statusCode": 200
    }
    [35mresponseTime[39m: 4.6405419999791775
[18:53:28.604] [32mINFO[39m: [36mINFO Flushed 1 machine updates | [1783968808604][39m
    [35mlocalTime[39m: "02:53:28.604"
    [35mmodule[39m: "session-cache"
[18:53:44.105] [32mINFO[39m: [36mINFO incoming request | [1783968824105][39m
    [35mlocalTime[39m: "02:53:44.105"
    [35mreqId[39m: "req-33"
    [35mreq[39m: {
      "method": "POST",
      "url": "/v1/machines/c656a4e1-31f7-4acd-889d-9c2bfe459890/offline",
      "host": "127.0.0.1:3005",
      "remoteAddress": "127.0.0.1",
      "remotePort": 48190
    }
[18:53:44.106] [32mINFO[39m: [36mINFO Auth check - path: /v1/machines/c656a4e1-31f7-4acd-889d-9c2bfe459890/offline, has bearer header: true | [1783968824106][39m
    [35mlocalTime[39m: "02:53:44.106"
    [35mmodule[39m: "auth-decorator"
[18:53:44.108] [32mINFO[39m: [36mINFO Auth success - user: cmrjkvnea0000ovtv9ou6mcht | [1783968824108][39m
    [35mlocalTime[39m: "02:53:44.108"
    [35mmodule[39m: "auth-decorator"
[18:53:44.111] [32mINFO[39m: [36mINFO request completed | [1783968824111][39m
    [35mlocalTime[39m: "02:53:44.111"
    [35mreqId[39m: "req-33"
    [35mres[39m: {
      "statusCode": 200
    }
    [35mresponseTime[39m: 6.0435319999814965
[18:53:44.112] [32mINFO[39m: [36mINFO User disconnected: cmrjkvnea0000ovtv9ou6mcht | [1783968824112][39m
    [35mlocalTime[39m: "02:53:44.112"
    [35mmodule[39m: "websocket"
[18:53:44.113] [32mINFO[39m: [36mINFO User disconnected: cmrjkvnea0000ovtv9ou6mcht | [1783968824113][39m
    [35mlocalTime[39m: "02:53:44.113"
    [35mmodule[39m: "websocket"
[18:53:48.619] [32mINFO[39m: [36mINFO Flushed 1 session updates | [1783968828619][39m
    [35mlocalTime[39m: "02:53:48.619"
    [35mmodule[39m: "session-cache"
[18:53:51.424] [32mINFO[39m: [36mINFO User disconnected: cmrjkvnea0000ovtv9ou6mcht | [1783968831424][39m
    [35mlocalTime[39m: "02:53:51.424"
    [35mmodule[39m: "websocket"
[18:53:52.425] [32mINFO[39m: [36mINFO incoming request | [1783968832425][39m
    [35mlocalTime[39m: "02:53:52.425"
    [35mreqId[39m: "req-34"
    [35mreq[39m: {
      "method": "GET",
      "url": "/v1/machines",
      "host": "10.0.2.2:3005",
      "remoteAddress": "127.0.0.1",
      "remotePort": 50238
    }
[18:53:52.426] [32mINFO[39m: [36mINFO Auth check - path: /v1/machines, has bearer header: true | [1783968832426][39m
    [35mlocalTime[39m: "02:53:52.426"
    [35mmodule[39m: "auth-decorator"
[18:53:52.426] [32mINFO[39m: [36mINFO incoming request | [1783968832426][39m
    [35mlocalTime[39m: "02:53:52.426"
    [35mreqId[39m: "req-35"
    [35mreq[39m: {
      "method": "GET",
      "url": "/v1/account/settings",
      "host": "10.0.2.2:3005",
      "remoteAddress": "127.0.0.1",
      "remotePort": 50248
    }
[18:53:52.426] [32mINFO[39m: [36mINFO Auth check - path: /v1/account/settings, has bearer header: true | [1783968832426][39m
    [35mlocalTime[39m: "02:53:52.426"
    [35mmodule[39m: "auth-decorator"
[18:53:52.427] [32mINFO[39m: [36mINFO incoming request | [1783968832427][39m
    [35mlocalTime[39m: "02:53:52.427"
    [35mreqId[39m: "req-36"
    [35mreq[39m: {
      "method": "GET",
      "url": "/v1/sessions",
      "host": "10.0.2.2:3005",
      "remoteAddress": "127.0.0.1",
      "remotePort": 50258
    }
[18:53:52.428] [32mINFO[39m: [36mINFO Auth check - path: /v1/sessions, has bearer header: true | [1783968832428][39m
    [35mlocalTime[39m: "02:53:52.428"
    [35mmodule[39m: "auth-decorator"
[18:53:52.428] [32mINFO[39m: [36mINFO incoming request | [1783968832428][39m
    [35mlocalTime[39m: "02:53:52.428"
    [35mreqId[39m: "req-37"
    [35mreq[39m: {
      "method": "GET",
      "url": "/v1/account/profile",
      "host": "10.0.2.2:3005",
      "remoteAddress": "127.0.0.1",
      "remotePort": 50234
    }
[18:53:52.428] [32mINFO[39m: [36mINFO Auth check - path: /v1/account/profile, has bearer header: true | [1783968832428][39m
    [35mlocalTime[39m: "02:53:52.428"
    [35mmodule[39m: "auth-decorator"
[18:53:52.428] [32mINFO[39m: [36mINFO incoming request | [1783968832428][39m
    [35mlocalTime[39m: "02:53:52.428"
    [35mreqId[39m: "req-38"
    [35mreq[39m: {
      "method": "POST",
      "url": "/v1/version",
      "host": "10.0.2.2:3005",
      "remoteAddress": "127.0.0.1",
      "remotePort": 50226
    }
[18:53:52.428] [32mINFO[39m: [36mINFO request completed | [1783968832428][39m
    [35mlocalTime[39m: "02:53:52.428"
    [35mreqId[39m: "req-38"
    [35mres[39m: {
      "statusCode": 200
    }
    [35mresponseTime[39m: 0.25511999998707324
[18:53:52.432] [32mINFO[39m: [36mINFO Auth success - user: cmrjkvnea0000ovtv9ou6mcht | [1783968832432][39m
    [35mlocalTime[39m: "02:53:52.432"
    [35mmodule[39m: "auth-decorator"
[18:53:52.433] [32mINFO[39m: [36mINFO Auth success - user: cmrjkvnea0000ovtv9ou6mcht | [1783968832433][39m
    [35mlocalTime[39m: "02:53:52.433"
    [35mmodule[39m: "auth-decorator"
[18:53:52.433] [32mINFO[39m: [36mINFO Auth success - user: cmrjkvnea0000ovtv9ou6mcht | [1783968832433][39m
    [35mlocalTime[39m: "02:53:52.433"
    [35mmodule[39m: "auth-decorator"
[18:53:52.433] [32mINFO[39m: [36mINFO Auth success - user: cmrjkvnea0000ovtv9ou6mcht | [1783968832433][39m
    [35mlocalTime[39m: "02:53:52.433"
    [35mmodule[39m: "auth-decorator"
[18:53:52.436] [32mINFO[39m: [36mINFO request completed | [1783968832436][39m
    [35mlocalTime[39m: "02:53:52.436"
    [35mreqId[39m: "req-34"
    [35mres[39m: {
      "statusCode": 200
    }
    [35mresponseTime[39m: 9.958299999998417
[18:53:52.436] [32mINFO[39m: [36mINFO request completed | [1783968832436][39m
    [35mlocalTime[39m: "02:53:52.436"
    [35mreqId[39m: "req-35"
    [35mres[39m: {
      "statusCode": 200
    }
    [35mresponseTime[39m: 9.549193000013474
[18:53:52.436] [32mINFO[39m: [36mINFO request completed | [1783968832436][39m
    [35mlocalTime[39m: "02:53:52.436"
    [35mreqId[39m: "req-36"
    [35mres[39m: {
      "statusCode": 200
    }
    [35mresponseTime[39m: 8.886149999976624
[18:53:52.438] [32mINFO[39m: [36mINFO request completed | [1783968832438][39m
    [35mlocalTime[39m: "02:53:52.438"
    [35mreqId[39m: "req-37"
    [35mres[39m: {
      "statusCode": 200
    }
    [35mresponseTime[39m: 9.839223999995738
[18:53:52.944] [32mINFO[39m: [36mINFO incoming request | [1783968832944][39m
    [35mlocalTime[39m: "02:53:52.944"
    [35mreqId[39m: "req-39"
    [35mreq[39m: {
      "method": "GET",
      "url": "/v1/artifacts",
      "host": "10.0.2.2:3005",
      "remoteAddress": "127.0.0.1",
      "remotePort": 50258
    }
[18:53:52.945] [32mINFO[39m: [36mINFO Auth check - path: /v1/artifacts, has bearer header: true | [1783968832945][39m
    [35mlocalTime[39m: "02:53:52.945"
    [35mmodule[39m: "auth-decorator"
[18:53:52.947] [32mINFO[39m: [36mINFO Token verified: cmrjkvnea0000ovtv9ou6mcht, clientType: user-scoped, client: android/1.0.0, sessionId: none, machineId: none, socketId: gQTryOPO9iJUrNyAAAAR | [1783968832947][39m
    [35mlocalTime[39m: "02:53:52.947"
    [35mmodule[39m: "websocket"
[18:53:52.948] [32mINFO[39m: [36mINFO User connected: cmrjkvnea0000ovtv9ou6mcht | [1783968832948][39m
    [35mlocalTime[39m: "02:53:52.948"
    [35mmodule[39m: "websocket"
[18:53:52.953] [32mINFO[39m: [36mINFO Auth success - user: cmrjkvnea0000ovtv9ou6mcht | [1783968832953][39m
    [35mlocalTime[39m: "02:53:52.953"
    [35mmodule[39m: "auth-decorator"
[18:53:52.956] [32mINFO[39m: [36mINFO request completed | [1783968832956][39m
    [35mlocalTime[39m: "02:53:52.956"
    [35mreqId[39m: "req-39"
    [35mres[39m: {
      "statusCode": 200
    }
    [35mresponseTime[39m: 11.62150800001109
[18:53:53.007] [32mINFO[39m: [36mINFO incoming request | [1783968833007][39m
    [35mlocalTime[39m: "02:53:53.007"
    [35mreqId[39m: "req-3a"
    [35mreq[39m: {
      "method": "GET",
      "url": "/v1/sessions",
      "host": "10.0.2.2:3005",
      "remoteAddress": "127.0.0.1",
      "remotePort": 50258
    }
[18:53:53.008] [32mINFO[39m: [36mINFO Auth check - path: /v1/sessions, has bearer header: true | [1783968833008][39m
    [35mlocalTime[39m: "02:53:53.008"
    [35mmodule[39m: "auth-decorator"
[18:53:53.008] [32mINFO[39m: [36mINFO incoming request | [1783968833008][39m
    [35mlocalTime[39m: "02:53:53.008"
    [35mreqId[39m: "req-3b"
    [35mreq[39m: {
      "method": "GET",
      "url": "/v1/machines",
      "host": "10.0.2.2:3005",
      "remoteAddress": "127.0.0.1",
      "remotePort": 50234
    }
[18:53:53.008] [32mINFO[39m: [36mINFO Auth check - path: /v1/machines, has bearer header: true | [1783968833008][39m
    [35mlocalTime[39m: "02:53:53.008"
    [35mmodule[39m: "auth-decorator"
[18:53:53.013] [32mINFO[39m: [36mINFO Auth success - user: cmrjkvnea0000ovtv9ou6mcht | [1783968833013][39m
    [35mlocalTime[39m: "02:53:53.013"
    [35mmodule[39m: "auth-decorator"
[18:53:53.014] [32mINFO[39m: [36mINFO Auth success - user: cmrjkvnea0000ovtv9ou6mcht | [1783968833014][39m
    [35mlocalTime[39m: "02:53:53.014"
    [35mmodule[39m: "auth-decorator"
[18:53:53.014] [32mINFO[39m: [36mINFO incoming request | [1783968833014][39m
    [35mlocalTime[39m: "02:53:53.014"
    [35mreqId[39m: "req-3c"
    [35mreq[39m: {
      "method": "GET",
      "url": "/v1/artifacts",
      "host": "10.0.2.2:3005",
      "remoteAddress": "127.0.0.1",
      "remotePort": 50238
    }
[18:53:53.014] [32mINFO[39m: [36mINFO Auth check - path: /v1/artifacts, has bearer header: true | [1783968833014][39m
    [35mlocalTime[39m: "02:53:53.014"
    [35mmodule[39m: "auth-decorator"
[18:53:53.018] [32mINFO[39m: [36mINFO request completed | [1783968833018][39m
    [35mlocalTime[39m: "02:53:53.018"
    [35mreqId[39m: "req-3a"
    [35mres[39m: {
      "statusCode": 200
    }
    [35mresponseTime[39m: 10.015010000002803
[18:53:53.018] [32mINFO[39m: [36mINFO request completed | [1783968833018][39m
    [35mlocalTime[39m: "02:53:53.018"
    [35mreqId[39m: "req-3b"
    [35mres[39m: {
      "statusCode": 200
    }
    [35mresponseTime[39m: 9.80293299999903
[18:53:53.020] [32mINFO[39m: [36mINFO Auth success - user: cmrjkvnea0000ovtv9ou6mcht | [1783968833020][39m
    [35mlocalTime[39m: "02:53:53.020"
    [35mmodule[39m: "auth-decorator"
[18:53:53.022] [32mINFO[39m: [36mINFO request completed | [1783968833022][39m
    [35mlocalTime[39m: "02:53:53.022"
    [35mreqId[39m: "req-3c"
    [35mres[39m: {
      "statusCode": 200
    }
    [35mresponseTime[39m: 7.694948000018485
[18:53:53.032] [32mINFO[39m: [36mINFO incoming request | [1783968833032][39m
    [35mlocalTime[39m: "02:53:53.032"
    [35mreqId[39m: "req-3d"
    [35mreq[39m: {
      "method": "GET",
      "url": "/v1/sessions",
      "host": "10.0.2.2:3005",
      "remoteAddress": "127.0.0.1",
      "remotePort": 50258
    }
[18:53:53.032] [32mINFO[39m: [36mINFO Auth check - path: /v1/sessions, has bearer header: true | [1783968833032][39m
    [35mlocalTime[39m: "02:53:53.032"
    [35mmodule[39m: "auth-decorator"
[18:53:53.035] [32mINFO[39m: [36mINFO Auth success - user: cmrjkvnea0000ovtv9ou6mcht | [1783968833035][39m
    [35mlocalTime[39m: "02:53:53.035"
    [35mmodule[39m: "auth-decorator"
[18:53:53.036] [32mINFO[39m: [36mINFO request completed | [1783968833036][39m
    [35mlocalTime[39m: "02:53:53.036"
    [35mreqId[39m: "req-3d"
    [35mres[39m: {
      "statusCode": 200
    }
    [35mresponseTime[39m: 4.095767999999225
[18:53:55.262] [32mINFO[39m: [36mINFO incoming request | [1783968835262][39m
    [35mlocalTime[39m: "02:53:55.262"
    [35mreqId[39m: "req-3e"
    [35mreq[39m: {
      "method": "GET",
      "url": "/v3/sessions/cmrjkwj3w0003ovtv9re7dcn0/messages?before_seq=2147483647&limit=100",
      "host": "10.0.2.2:3005",
      "remoteAddress": "127.0.0.1",
      "remotePort": 50258
    }
[18:53:55.262] [32mINFO[39m: [36mINFO Auth check - path: /v3/sessions/cmrjkwj3w0003ovtv9re7dcn0/messages?before_seq=2147483647&limit=100, has bearer header: true | [1783968835262][39m
    [35mlocalTime[39m: "02:53:55.262"
    [35mmodule[39m: "auth-decorator"
[18:53:55.265] [32mINFO[39m: [36mINFO Auth success - user: cmrjkvnea0000ovtv9ou6mcht | [1783968835265][39m
    [35mlocalTime[39m: "02:53:55.265"
    [35mmodule[39m: "auth-decorator"
[18:53:55.268] [32mINFO[39m: [36mINFO request completed | [1783968835268][39m
    [35mlocalTime[39m: "02:53:55.268"
    [35mreqId[39m: "req-3e"
    [35mres[39m: {
      "statusCode": 200
    }
    [35mresponseTime[39m: 5.9909349999798
[18:54:17.015] [32mINFO[39m: [36mINFO incoming request | [1783968857015][39m
    [35mlocalTime[39m: "02:54:17.015"
    [35mreqId[39m: "req-3f"
    [35mreq[39m: {
      "method": "POST",
      "url": "/v3/sessions/cmrjkwj3w0003ovtv9re7dcn0/messages",
      "host": "10.0.2.2:3005",
      "remoteAddress": "127.0.0.1",
      "remotePort": 50258
    }
[18:54:17.016] [32mINFO[39m: [36mINFO Auth check - path: /v3/sessions/cmrjkwj3w0003ovtv9re7dcn0/messages, has bearer header: true | [1783968857016][39m
    [35mlocalTime[39m: "02:54:17.016"
    [35mmodule[39m: "auth-decorator"
[18:54:17.018] [32mINFO[39m: [36mINFO Auth success - user: cmrjkvnea0000ovtv9ou6mcht | [1783968857018][39m
    [35mlocalTime[39m: "02:54:17.018"
    [35mmodule[39m: "auth-decorator"
[18:54:17.026] [32mINFO[39m: [36mINFO request completed | [1783968857026][39m
    [35mlocalTime[39m: "02:54:17.026"
    [35mreqId[39m: "req-3f"
    [35mres[39m: {
      "statusCode": 200
    }
    [35mresponseTime[39m: 10.710158000001684
[18:54:17.100] [32mINFO[39m: [36mINFO incoming request | [1783968857100][39m
    [35mlocalTime[39m: "02:54:17.100"
    [35mreqId[39m: "req-3g"
    [35mreq[39m: {
      "method": "GET",
      "url": "/v3/sessions/cmrjkwj3w0003ovtv9re7dcn0/messages?after_seq=10&limit=100",
      "host": "10.0.2.2:3005",
      "remoteAddress": "127.0.0.1",
      "remotePort": 50258
    }
[18:54:17.101] [32mINFO[39m: [36mINFO Auth check - path: /v3/sessions/cmrjkwj3w0003ovtv9re7dcn0/messages?after_seq=10&limit=100, has bearer header: true | [1783968857101][39m
    [35mlocalTime[39m: "02:54:17.101"
    [35mmodule[39m: "auth-decorator"
[18:54:17.104] [32mINFO[39m: [36mINFO Auth success - user: cmrjkvnea0000ovtv9ou6mcht | [1783968857104][39m
    [35mlocalTime[39m: "02:54:17.104"
    [35mmodule[39m: "auth-decorator"
[18:54:17.106] [32mINFO[39m: [36mINFO request completed | [1783968857106][39m
    [35mlocalTime[39m: "02:54:17.106"
    [35mreqId[39m: "req-3g"
    [35mres[39m: {
      "statusCode": 200
    }
    [35mresponseTime[39m: 5.759323000034783
[18:54:17.150] [32mINFO[39m: [36mINFO incoming request | [1783968857150][39m
    [35mlocalTime[39m: "02:54:17.150"
    [35mreqId[39m: "req-3h"
    [35mreq[39m: {
      "method": "GET",
      "url": "/v3/sessions/cmrjkwj3w0003ovtv9re7dcn0/messages?after_seq=10&limit=100",
      "host": "10.0.2.2:3005",
      "remoteAddress": "127.0.0.1",
      "remotePort": 50258
    }
[18:54:17.150] [32mINFO[39m: [36mINFO Auth check - path: /v3/sessions/cmrjkwj3w0003ovtv9re7dcn0/messages?after_seq=10&limit=100, has bearer header: true | [1783968857150][39m
    [35mlocalTime[39m: "02:54:17.150"
    [35mmodule[39m: "auth-decorator"
[18:54:17.153] [32mINFO[39m: [36mINFO Auth success - user: cmrjkvnea0000ovtv9ou6mcht | [1783968857153][39m
    [35mlocalTime[39m: "02:54:17.153"
    [35mmodule[39m: "auth-decorator"
[18:54:17.156] [32mINFO[39m: [36mINFO request completed | [1783968857156][39m
    [35mlocalTime[39m: "02:54:17.156"
    [35mreqId[39m: "req-3h"
    [35mres[39m: {
      "statusCode": 200
    }
    [35mresponseTime[39m: 5.845480999967549
[18:54:18.571] [32mINFO[39m: [36mINFO incoming request | [1783968858571][39m
    [35mlocalTime[39m: "02:54:18.571"
    [35mreqId[39m: "req-3i"
    [35mreq[39m: {
      "method": "POST",
      "url": "/v1/machines",
      "host": "127.0.0.1:3005",
      "remoteAddress": "127.0.0.1",
      "remotePort": 46564
    }
[18:54:18.571] [32mINFO[39m: [36mINFO Auth check - path: /v1/machines, has bearer header: true | [1783968858571][39m
    [35mlocalTime[39m: "02:54:18.571"
    [35mmodule[39m: "auth-decorator"
[18:54:18.574] [32mINFO[39m: [36mINFO Auth success - user: cmrjkvnea0000ovtv9ou6mcht | [1783968858574][39m
    [35mlocalTime[39m: "02:54:18.574"
    [35mmodule[39m: "auth-decorator"
[18:54:18.576] [32mINFO[39m: [36mINFO Found existing machine | [1783968858576][39m
    [35mlocalTime[39m: "02:54:18.576"
    [35mmodule[39m: "machines"
    [35mmachineId[39m: "c656a4e1-31f7-4acd-889d-9c2bfe459890"
    [35muserId[39m: "cmrjkvnea0000ovtv9ou6mcht"
[18:54:18.577] [32mINFO[39m: [36mINFO request completed | [1783968858577][39m
    [35mlocalTime[39m: "02:54:18.577"
    [35mreqId[39m: "req-3i"
    [35mres[39m: {
      "statusCode": 200
    }
    [35mresponseTime[39m: 5.4248220000299625
[18:54:19.750] [32mINFO[39m: [36mINFO incoming request | [1783968859750][39m
    [35mlocalTime[39m: "02:54:19.750"
    [35mreqId[39m: "req-3j"
    [35mreq[39m: {
      "method": "POST",
      "url": "/v1/machines",
      "host": "127.0.0.1:3005",
      "remoteAddress": "127.0.0.1",
      "remotePort": 46572
    }
[18:54:19.750] [32mINFO[39m: [36mINFO Auth check - path: /v1/machines, has bearer header: true | [1783968859750][39m
    [35mlocalTime[39m: "02:54:19.750"
    [35mmodule[39m: "auth-decorator"
[18:54:19.753] [32mINFO[39m: [36mINFO Auth success - user: cmrjkvnea0000ovtv9ou6mcht | [1783968859753][39m
    [35mlocalTime[39m: "02:54:19.753"
    [35mmodule[39m: "auth-decorator"
[18:54:19.754] [32mINFO[39m: [36mINFO Found existing machine | [1783968859754][39m
    [35mlocalTime[39m: "02:54:19.754"
    [35mmodule[39m: "machines"
    [35mmachineId[39m: "c656a4e1-31f7-4acd-889d-9c2bfe459890"
    [35muserId[39m: "cmrjkvnea0000ovtv9ou6mcht"
[18:54:19.754] [32mINFO[39m: [36mINFO request completed | [1783968859754][39m
    [35mlocalTime[39m: "02:54:19.754"
    [35mreqId[39m: "req-3j"
    [35mres[39m: {
      "statusCode": 200
    }
    [35mresponseTime[39m: 3.874086999974679
[18:54:19.765] [32mINFO[39m: [36mINFO Token verified: cmrjkvnea0000ovtv9ou6mcht, clientType: machine-scoped, client: cli-daemon/1.1.10, sessionId: none, machineId: c656a4e1-31f7-4acd-889d-9c2bfe459890, socketId: ELwOJ5HFr0vBcNP1AAAT | [1783968859765][39m
    [35mlocalTime[39m: "02:54:19.765"
    [35mmodule[39m: "websocket"
[18:54:19.766] [32mINFO[39m: [36mINFO User connected: cmrjkvnea0000ovtv9ou6mcht | [1783968859766][39m
    [35mlocalTime[39m: "02:54:19.766"
    [35mmodule[39m: "websocket"
[18:54:43.865] [32mINFO[39m: [36mINFO incoming request | [1783968883865][39m
    [35mlocalTime[39m: "02:54:43.865"
    [35mreqId[39m: "req-3k"
    [35mreq[39m: {
      "method": "POST",
      "url": "/v1/sessions",
      "host": "127.0.0.1:3005",
      "remoteAddress": "127.0.0.1",
      "remotePort": 55468
    }
[18:54:43.866] [32mINFO[39m: [36mINFO Auth check - path: /v1/sessions, has bearer header: true | [1783968883866][39m
    [35mlocalTime[39m: "02:54:43.866"
    [35mmodule[39m: "auth-decorator"
[18:54:43.869] [32mINFO[39m: [36mINFO Auth success - user: cmrjkvnea0000ovtv9ou6mcht | [1783968883869][39m
    [35mlocalTime[39m: "02:54:43.869"
    [35mmodule[39m: "auth-decorator"
[18:54:43.870] [32mINFO[39m: [36mINFO Found existing session: cmrjkwj3w0003ovtv9re7dcn0 for tag pi:fa6f66393a722fce877dd40b24f4148d | [1783968883870][39m
    [35mlocalTime[39m: "02:54:43.870"
    [35mmodule[39m: "session-create"
    [35msessionId[39m: "cmrjkwj3w0003ovtv9re7dcn0"
    [35muserId[39m: "cmrjkvnea0000ovtv9ou6mcht"
    [35mtag[39m: "pi:fa6f66393a722fce877dd40b24f4148d"
[18:54:43.872] [32mINFO[39m: [36mINFO request completed | [1783968883872][39m
    [35mlocalTime[39m: "02:54:43.872"
    [35mreqId[39m: "req-3k"
    [35mres[39m: {
      "statusCode": 200
    }
    [35mresponseTime[39m: 6.979236000042874
[18:54:43.882] [32mINFO[39m: [36mINFO Token verified: cmrjkvnea0000ovtv9ou6mcht, clientType: session-scoped, client: cli-coding-session/1.1.10, sessionId: cmrjkwj3w0003ovtv9re7dcn0, machineId: none, socketId: aIYsSja88BMe6nYZAAAV | [1783968883882][39m
    [35mlocalTime[39m: "02:54:43.882"
    [35mmodule[39m: "websocket"
[18:54:43.883] [32mINFO[39m: [36mINFO User connected: cmrjkvnea0000ovtv9ou6mcht | [1783968883883][39m
    [35mlocalTime[39m: "02:54:43.883"
    [35mmodule[39m: "websocket"
[18:54:43.885] [32mINFO[39m: [36mINFO incoming request | [1783968883885][39m
    [35mlocalTime[39m: "02:54:43.885"
    [35mreqId[39m: "req-3l"
    [35mreq[39m: {
      "method": "GET",
      "url": "/v3/sessions/cmrjkwj3w0003ovtv9re7dcn0/messages?after_seq=0&limit=100",
      "host": "127.0.0.1:3005",
      "remoteAddress": "127.0.0.1",
      "remotePort": 55468
    }
[18:54:43.885] [32mINFO[39m: [36mINFO Auth check - path: /v3/sessions/cmrjkwj3w0003ovtv9re7dcn0/messages?after_seq=0&limit=100, has bearer header: true | [1783968883885][39m
    [35mlocalTime[39m: "02:54:43.885"
    [35mmodule[39m: "auth-decorator"
[18:54:43.888] [32mINFO[39m: [36mINFO Auth success - user: cmrjkvnea0000ovtv9ou6mcht | [1783968883888][39m
    [35mlocalTime[39m: "02:54:43.888"
    [35mmodule[39m: "auth-decorator"
[18:54:43.891] [32mINFO[39m: [36mINFO request completed | [1783968883891][39m
    [35mlocalTime[39m: "02:54:43.891"
    [35mreqId[39m: "req-3l"
    [35mres[39m: {
      "statusCode": 200
    }
    [35mresponseTime[39m: 5.753754000004847
[18:54:43.976] [32mINFO[39m: [36mINFO incoming request | [1783968883976][39m
    [35mlocalTime[39m: "02:54:43.976"
    [35mreqId[39m: "req-3m"
    [35mreq[39m: {
      "method": "POST",
      "url": "/v3/sessions/cmrjkwj3w0003ovtv9re7dcn0/messages",
      "host": "127.0.0.1:3005",
      "remoteAddress": "127.0.0.1",
      "remotePort": 55468
    }
[18:54:43.977] [32mINFO[39m: [36mINFO Auth check - path: /v3/sessions/cmrjkwj3w0003ovtv9re7dcn0/messages, has bearer header: true | [1783968883977][39m
    [35mlocalTime[39m: "02:54:43.977"
    [35mmodule[39m: "auth-decorator"
[18:54:43.985] [32mINFO[39m: [36mINFO Auth success - user: cmrjkvnea0000ovtv9ou6mcht | [1783968883985][39m
    [35mlocalTime[39m: "02:54:43.985"
    [35mmodule[39m: "auth-decorator"
[18:54:44.006] [32mINFO[39m: [36mINFO request completed | [1783968884006][39m
    [35mlocalTime[39m: "02:54:44.006"
    [35mreqId[39m: "req-3m"
    [35mres[39m: {
      "statusCode": 200
    }
    [35mresponseTime[39m: 29.021420000004582
[18:54:44.053] [32mINFO[39m: [36mINFO incoming request | [1783968884053][39m
    [35mlocalTime[39m: "02:54:44.053"
    [35mreqId[39m: "req-3n"
    [35mreq[39m: {
      "method": "GET",
      "url": "/v3/sessions/cmrjkwj3w0003ovtv9re7dcn0/messages?after_seq=10&limit=100",
      "host": "10.0.2.2:3005",
      "remoteAddress": "127.0.0.1",
      "remotePort": 50258
    }
[18:54:44.053] [32mINFO[39m: [36mINFO Auth check - path: /v3/sessions/cmrjkwj3w0003ovtv9re7dcn0/messages?after_seq=10&limit=100, has bearer header: true | [1783968884053][39m
    [35mlocalTime[39m: "02:54:44.053"
    [35mmodule[39m: "auth-decorator"
[18:54:44.056] [32mINFO[39m: [36mINFO Auth success - user: cmrjkvnea0000ovtv9ou6mcht | [1783968884056][39m
    [35mlocalTime[39m: "02:54:44.056"
    [35mmodule[39m: "auth-decorator"
[18:54:44.061] [32mINFO[39m: [36mINFO request completed | [1783968884061][39m
    [35mlocalTime[39m: "02:54:44.061"
    [35mreqId[39m: "req-3n"
    [35mres[39m: {
      "statusCode": 200
    }
    [35mresponseTime[39m: 6.820443000004161
[18:54:44.087] [32mINFO[39m: [36mINFO incoming request | [1783968884087][39m
    [35mlocalTime[39m: "02:54:44.087"
    [35mreqId[39m: "req-3o"
    [35mreq[39m: {
      "method": "GET",
      "url": "/v3/sessions/cmrjkwj3w0003ovtv9re7dcn0/messages?after_seq=11&limit=100",
      "host": "10.0.2.2:3005",
      "remoteAddress": "127.0.0.1",
      "remotePort": 50258
    }
[18:54:44.087] [32mINFO[39m: [36mINFO Auth check - path: /v3/sessions/cmrjkwj3w0003ovtv9re7dcn0/messages?after_seq=11&limit=100, has bearer header: true | [1783968884087][39m
    [35mlocalTime[39m: "02:54:44.087"
    [35mmodule[39m: "auth-decorator"
[18:54:44.091] [32mINFO[39m: [36mINFO Auth success - user: cmrjkvnea0000ovtv9ou6mcht | [1783968884091][39m
    [35mlocalTime[39m: "02:54:44.091"
    [35mmodule[39m: "auth-decorator"
[18:54:44.096] [32mINFO[39m: [36mINFO request completed | [1783968884096][39m
    [35mlocalTime[39m: "02:54:44.096"
    [35mreqId[39m: "req-3o"
    [35mres[39m: {
      "statusCode": 200
    }
    [35mresponseTime[39m: 8.528603000042494
[18:54:45.827] [32mINFO[39m: [36mINFO incoming request | [1783968885827][39m
    [35mlocalTime[39m: "02:54:45.827"
    [35mreqId[39m: "req-3p"
    [35mreq[39m: {
      "method": "POST",
      "url": "/v3/sessions/cmrjkwj3w0003ovtv9re7dcn0/messages",
      "host": "127.0.0.1:3005",
      "remoteAddress": "127.0.0.1",
      "remotePort": 55468
    }
[18:54:45.827] [32mINFO[39m: [36mINFO Auth check - path: /v3/sessions/cmrjkwj3w0003ovtv9re7dcn0/messages, has bearer header: true | [1783968885827][39m
    [35mlocalTime[39m: "02:54:45.827"
    [35mmodule[39m: "auth-decorator"
[18:54:45.831] [32mINFO[39m: [36mINFO Auth success - user: cmrjkvnea0000ovtv9ou6mcht | [1783968885831][39m
    [35mlocalTime[39m: "02:54:45.831"
    [35mmodule[39m: "auth-decorator"
[18:54:45.852] [32mINFO[39m: [36mINFO request completed | [1783968885852][39m
    [35mlocalTime[39m: "02:54:45.852"
    [35mreqId[39m: "req-3p"
    [35mres[39m: {
      "statusCode": 200
    }
    [35mresponseTime[39m: 24.723300999961793
[18:54:45.860] [32mINFO[39m: [36mINFO incoming request | [1783968885860][39m
    [35mlocalTime[39m: "02:54:45.860"
    [35mreqId[39m: "req-3q"
    [35mreq[39m: {
      "method": "POST",
      "url": "/v3/sessions/cmrjkwj3w0003ovtv9re7dcn0/messages",
      "host": "127.0.0.1:3005",
      "remoteAddress": "127.0.0.1",
      "remotePort": 55468
    }
[18:54:45.860] [32mINFO[39m: [36mINFO Auth check - path: /v3/sessions/cmrjkwj3w0003ovtv9re7dcn0/messages, has bearer header: true | [1783968885860][39m
    [35mlocalTime[39m: "02:54:45.860"
    [35mmodule[39m: "auth-decorator"
[18:54:45.864] [32mINFO[39m: [36mINFO Auth success - user: cmrjkvnea0000ovtv9ou6mcht | [1783968885864][39m
    [35mlocalTime[39m: "02:54:45.864"
    [35mmodule[39m: "auth-decorator"
[18:54:45.875] [32mINFO[39m: [36mINFO request completed | [1783968885875][39m
    [35mlocalTime[39m: "02:54:45.875"
    [35mreqId[39m: "req-3q"
    [35mres[39m: {
      "statusCode": 200
    }
    [35mresponseTime[39m: 15.290485000004992
[18:54:45.882] [32mINFO[39m: [36mINFO incoming request | [1783968885882][39m
    [35mlocalTime[39m: "02:54:45.882"
    [35mreqId[39m: "req-3r"
    [35mreq[39m: {
      "method": "POST",
      "url": "/v1/sessions/cmrjkwj3w0003ovtv9re7dcn0/push-event",
      "host": "127.0.0.1:3005",
      "remoteAddress": "127.0.0.1",
      "remotePort": 55468
    }
[18:54:45.882] [32mINFO[39m: [36mINFO Auth check - path: /v1/sessions/cmrjkwj3w0003ovtv9re7dcn0/push-event, has bearer header: true | [1783968885882][39m
    [35mlocalTime[39m: "02:54:45.882"
    [35mmodule[39m: "auth-decorator"
[18:54:45.885] [32mINFO[39m: [36mINFO Auth success - user: cmrjkvnea0000ovtv9ou6mcht | [1783968885885][39m
    [35mlocalTime[39m: "02:54:45.885"
    [35mmodule[39m: "auth-decorator"
[18:54:45.888] [32mINFO[39m: [36mINFO Suppressed session-event push for user cmrjkvnea0000ovtv9ou6mcht session cmrjkwj3w0003ovtv9re7dcn0: same session visible | [1783968885888][39m
    [35mlocalTime[39m: "02:54:45.888"
    [35mmodule[39m: "push"
[18:54:45.888] [32mINFO[39m: [36mINFO request completed | [1783968885888][39m
    [35mlocalTime[39m: "02:54:45.888"
    [35mreqId[39m: "req-3r"
    [35mres[39m: {
      "statusCode": 200
    }
    [35mresponseTime[39m: 6.173043999995571
[18:54:45.908] [32mINFO[39m: [36mINFO incoming request | [1783968885908][39m
    [35mlocalTime[39m: "02:54:45.908"
    [35mreqId[39m: "req-3s"
    [35mreq[39m: {
      "method": "GET",
      "url": "/v3/sessions/cmrjkwj3w0003ovtv9re7dcn0/messages?after_seq=13&limit=100",
      "host": "10.0.2.2:3005",
      "remoteAddress": "127.0.0.1",
      "remotePort": 50258
    }
[18:54:45.908] [32mINFO[39m: [36mINFO Auth check - path: /v3/sessions/cmrjkwj3w0003ovtv9re7dcn0/messages?after_seq=13&limit=100, has bearer header: true | [1783968885908][39m
    [35mlocalTime[39m: "02:54:45.908"
    [35mmodule[39m: "auth-decorator"
[18:54:45.911] [32mINFO[39m: [36mINFO Auth success - user: cmrjkvnea0000ovtv9ou6mcht | [1783968885911][39m
    [35mlocalTime[39m: "02:54:45.911"
    [35mmodule[39m: "auth-decorator"
[18:54:45.913] [32mINFO[39m: [36mINFO request completed | [1783968885913][39m
    [35mlocalTime[39m: "02:54:45.913"
    [35mreqId[39m: "req-3s"
    [35mres[39m: {
      "statusCode": 200
    }
    [35mresponseTime[39m: 5.285552999994252
[18:54:45.987] [32mINFO[39m: [36mINFO incoming request | [1783968885987][39m
    [35mlocalTime[39m: "02:54:45.987"
    [35mreqId[39m: "req-3t"
    [35mreq[39m: {
      "method": "GET",
      "url": "/v3/sessions/cmrjkwj3w0003ovtv9re7dcn0/messages?after_seq=13&limit=100",
      "host": "10.0.2.2:3005",
      "remoteAddress": "127.0.0.1",
      "remotePort": 50258
    }
[18:54:45.988] [32mINFO[39m: [36mINFO Auth check - path: /v3/sessions/cmrjkwj3w0003ovtv9re7dcn0/messages?after_seq=13&limit=100, has bearer header: true | [1783968885988][39m
    [35mlocalTime[39m: "02:54:45.988"
    [35mmodule[39m: "auth-decorator"
[18:54:45.991] [32mINFO[39m: [36mINFO Auth success - user: cmrjkvnea0000ovtv9ou6mcht | [1783968885991][39m
    [35mlocalTime[39m: "02:54:45.991"
    [35mmodule[39m: "auth-decorator"
[18:54:45.993] [32mINFO[39m: [36mINFO request completed | [1783968885993][39m
    [35mlocalTime[39m: "02:54:45.993"
    [35mreqId[39m: "req-3t"
    [35mres[39m: {
      "statusCode": 200
    }
    [35mresponseTime[39m: 5.418980000016745
[18:54:52.883] [32mINFO[39m: [36mINFO incoming request | [1783968892883][39m
    [35mlocalTime[39m: "02:54:52.883"
    [35mreqId[39m: "req-3u"
    [35mreq[39m: {
      "method": "POST",
      "url": "/v3/sessions/cmrjkwj3w0003ovtv9re7dcn0/messages",
      "host": "127.0.0.1:3005",
      "remoteAddress": "127.0.0.1",
      "remotePort": 39866
    }
[18:54:52.883] [32mINFO[39m: [36mINFO Auth check - path: /v3/sessions/cmrjkwj3w0003ovtv9re7dcn0/messages, has bearer header: true | [1783968892883][39m
    [35mlocalTime[39m: "02:54:52.883"
    [35mmodule[39m: "auth-decorator"
[18:54:52.886] [32mINFO[39m: [36mINFO Auth success - user: cmrjkvnea0000ovtv9ou6mcht | [1783968892886][39m
    [35mlocalTime[39m: "02:54:52.886"
    [35mmodule[39m: "auth-decorator"
[18:54:52.892] [32mINFO[39m: [36mINFO request completed | [1783968892892][39m
    [35mlocalTime[39m: "02:54:52.892"
    [35mreqId[39m: "req-3u"
    [35mres[39m: {
      "statusCode": 200
    }
    [35mresponseTime[39m: 8.798751000023913
[18:54:52.913] [32mINFO[39m: [36mINFO incoming request | [1783968892913][39m
    [35mlocalTime[39m: "02:54:52.913"
    [35mreqId[39m: "req-3v"
    [35mreq[39m: {
      "method": "GET",
      "url": "/v3/sessions/cmrjkwj3w0003ovtv9re7dcn0/messages?after_seq=14&limit=100",
      "host": "10.0.2.2:3005",
      "remoteAddress": "127.0.0.1",
      "remotePort": 50258
    }
[18:54:52.914] [32mINFO[39m: [36mINFO Auth check - path: /v3/sessions/cmrjkwj3w0003ovtv9re7dcn0/messages?after_seq=14&limit=100, has bearer header: true | [1783968892914][39m
    [35mlocalTime[39m: "02:54:52.914"
    [35mmodule[39m: "auth-decorator"
[18:54:52.917] [32mINFO[39m: [36mINFO Auth success - user: cmrjkvnea0000ovtv9ou6mcht | [1783968892917][39m
    [35mlocalTime[39m: "02:54:52.917"
    [35mmodule[39m: "auth-decorator"
[18:54:52.920] [32mINFO[39m: [36mINFO request completed | [1783968892920][39m
    [35mlocalTime[39m: "02:54:52.920"
    [35mreqId[39m: "req-3v"
    [35mres[39m: {
      "statusCode": 200
    }
    [35mresponseTime[39m: 6.524161999986973
[18:55:02.545] [32mINFO[39m: [36mINFO User disconnected: cmrjkvnea0000ovtv9ou6mcht | [1783968902545][39m
    [35mlocalTime[39m: "02:55:02.545"
    [35mmodule[39m: "websocket"
[18:55:02.551] [32mINFO[39m: [36mINFO incoming request | [1783968902551][39m
    [35mlocalTime[39m: "02:55:02.551"
    [35mreqId[39m: "req-3w"
    [35mreq[39m: {
      "method": "POST",
      "url": "/v1/sessions",
      "host": "127.0.0.1:3005",
      "remoteAddress": "127.0.0.1",
      "remotePort": 37122
    }
[18:55:02.551] [32mINFO[39m: [36mINFO Auth check - path: /v1/sessions, has bearer header: true | [1783968902551][39m
    [35mlocalTime[39m: "02:55:02.551"
    [35mmodule[39m: "auth-decorator"
[18:55:02.553] [32mINFO[39m: [36mINFO Auth success - user: cmrjkvnea0000ovtv9ou6mcht | [1783968902553][39m
    [35mlocalTime[39m: "02:55:02.553"
    [35mmodule[39m: "auth-decorator"
[18:55:02.555] [32mINFO[39m: [36mINFO Found existing session: cmrjkwj3w0003ovtv9re7dcn0 for tag pi:fa6f66393a722fce877dd40b24f4148d | [1783968902555][39m
    [35mlocalTime[39m: "02:55:02.555"
    [35mmodule[39m: "session-create"
    [35msessionId[39m: "cmrjkwj3w0003ovtv9re7dcn0"
    [35muserId[39m: "cmrjkvnea0000ovtv9ou6mcht"
    [35mtag[39m: "pi:fa6f66393a722fce877dd40b24f4148d"
[18:55:02.556] [32mINFO[39m: [36mINFO request completed | [1783968902556][39m
    [35mlocalTime[39m: "02:55:02.556"
    [35mreqId[39m: "req-3w"
    [35mres[39m: {
      "statusCode": 200
    }
    [35mresponseTime[39m: 5.070858000020962
[18:55:02.563] [32mINFO[39m: [36mINFO Token verified: cmrjkvnea0000ovtv9ou6mcht, clientType: session-scoped, client: cli-coding-session/1.1.10, sessionId: cmrjkwj3w0003ovtv9re7dcn0, machineId: none, socketId: G8dAZl4M8t49lo2rAAAX | [1783968902563][39m
    [35mlocalTime[39m: "02:55:02.563"
    [35mmodule[39m: "websocket"
[18:55:02.563] [32mINFO[39m: [36mINFO User connected: cmrjkvnea0000ovtv9ou6mcht | [1783968902563][39m
    [35mlocalTime[39m: "02:55:02.563"
    [35mmodule[39m: "websocket"
[18:55:02.565] [32mINFO[39m: [36mINFO incoming request | [1783968902565][39m
    [35mlocalTime[39m: "02:55:02.565"
    [35mreqId[39m: "req-3x"
    [35mreq[39m: {
      "method": "GET",
      "url": "/v3/sessions/cmrjkwj3w0003ovtv9re7dcn0/messages?after_seq=0&limit=100",
      "host": "127.0.0.1:3005",
      "remoteAddress": "127.0.0.1",
      "remotePort": 37122
    }
[18:55:02.565] [32mINFO[39m: [36mINFO Auth check - path: /v3/sessions/cmrjkwj3w0003ovtv9re7dcn0/messages?after_seq=0&limit=100, has bearer header: true | [1783968902565][39m
    [35mlocalTime[39m: "02:55:02.565"
    [35mmodule[39m: "auth-decorator"
[18:55:02.568] [32mINFO[39m: [36mINFO Auth success - user: cmrjkvnea0000ovtv9ou6mcht | [1783968902568][39m
    [35mlocalTime[39m: "02:55:02.568"
    [35mmodule[39m: "auth-decorator"
[18:55:02.572] [32mINFO[39m: [36mINFO request completed | [1783968902572][39m
    [35mlocalTime[39m: "02:55:02.572"
    [35mreqId[39m: "req-3x"
    [35mres[39m: {
      "statusCode": 200
    }
    [35mresponseTime[39m: 6.400811000028625
[18:55:03.634] [32mINFO[39m: [36mINFO Flushed 1 session updates | [1783968903634][39m
    [35mlocalTime[39m: "02:55:03.634"
    [35mmodule[39m: "session-cache"
[18:55:03.636] [32mINFO[39m: [36mINFO Flushed 1 machine updates | [1783968903636][39m
    [35mlocalTime[39m: "02:55:03.636"
    [35mmodule[39m: "session-cache"
[18:55:10.437] [32mINFO[39m: [36mINFO User disconnected: cmrjkvnea0000ovtv9ou6mcht | [1783968910437][39m
    [35mlocalTime[39m: "02:55:10.437"
    [35mmodule[39m: "websocket"
[18:55:11.527] [32mINFO[39m: [36mINFO incoming request | [1783968911527][39m
    [35mlocalTime[39m: "02:55:11.527"
    [35mreqId[39m: "req-3y"
    [35mreq[39m: {
      "method": "GET",
      "url": "/v1/account/settings",
      "host": "10.0.2.2:3005",
      "remoteAddress": "127.0.0.1",
      "remotePort": 42078
    }
[18:55:11.528] [32mINFO[39m: [36mINFO Auth check - path: /v1/account/settings, has bearer header: true | [1783968911528][39m
    [35mlocalTime[39m: "02:55:11.528"
    [35mmodule[39m: "auth-decorator"
[18:55:11.529] [32mINFO[39m: [36mINFO incoming request | [1783968911529][39m
    [35mlocalTime[39m: "02:55:11.529"
    [35mreqId[39m: "req-3z"
    [35mreq[39m: {
      "method": "GET",
      "url": "/v1/sessions",
      "host": "10.0.2.2:3005",
      "remoteAddress": "127.0.0.1",
      "remotePort": 42040
    }
[18:55:11.529] [32mINFO[39m: [36mINFO Auth check - path: /v1/sessions, has bearer header: true | [1783968911529][39m
    [35mlocalTime[39m: "02:55:11.529"
    [35mmodule[39m: "auth-decorator"
[18:55:11.529] [32mINFO[39m: [36mINFO incoming request | [1783968911529][39m
    [35mlocalTime[39m: "02:55:11.529"
    [35mreqId[39m: "req-40"
    [35mreq[39m: {
      "method": "GET",
      "url": "/v1/machines",
      "host": "10.0.2.2:3005",
      "remoteAddress": "127.0.0.1",
      "remotePort": 42066
    }
[18:55:11.529] [32mINFO[39m: [36mINFO Auth check - path: /v1/machines, has bearer header: true | [1783968911529][39m
    [35mlocalTime[39m: "02:55:11.529"
    [35mmodule[39m: "auth-decorator"
[18:55:11.532] [32mINFO[39m: [36mINFO incoming request | [1783968911532][39m
    [35mlocalTime[39m: "02:55:11.532"
    [35mreqId[39m: "req-41"
    [35mreq[39m: {
      "method": "POST",
      "url": "/v1/version",
      "host": "10.0.2.2:3005",
      "remoteAddress": "127.0.0.1",
      "remotePort": 42058
    }
[18:55:11.532] [32mINFO[39m: [36mINFO request completed | [1783968911532][39m
    [35mlocalTime[39m: "02:55:11.532"
    [35mreqId[39m: "req-41"
    [35mres[39m: {
      "statusCode": 200
    }
    [35mresponseTime[39m: 0.28387699997983873
[18:55:11.534] [32mINFO[39m: [36mINFO Auth success - user: cmrjkvnea0000ovtv9ou6mcht | [1783968911534][39m
    [35mlocalTime[39m: "02:55:11.534"
    [35mmodule[39m: "auth-decorator"
[18:55:11.534] [32mINFO[39m: [36mINFO Auth success - user: cmrjkvnea0000ovtv9ou6mcht | [1783968911534][39m
    [35mlocalTime[39m: "02:55:11.534"
    [35mmodule[39m: "auth-decorator"
[18:55:11.534] [32mINFO[39m: [36mINFO Auth success - user: cmrjkvnea0000ovtv9ou6mcht | [1783968911534][39m
    [35mlocalTime[39m: "02:55:11.534"
    [35mmodule[39m: "auth-decorator"
[18:55:11.534] [32mINFO[39m: [36mINFO incoming request | [1783968911534][39m
    [35mlocalTime[39m: "02:55:11.534"
    [35mreqId[39m: "req-42"
    [35mreq[39m: {
      "method": "GET",
      "url": "/v1/account/profile",
      "host": "10.0.2.2:3005",
      "remoteAddress": "127.0.0.1",
      "remotePort": 42052
    }
[18:55:11.534] [32mINFO[39m: [36mINFO Auth check - path: /v1/account/profile, has bearer header: true | [1783968911534][39m
    [35mlocalTime[39m: "02:55:11.534"
    [35mmodule[39m: "auth-decorator"
[18:55:11.537] [32mINFO[39m: [36mINFO request completed | [1783968911537][39m
    [35mlocalTime[39m: "02:55:11.537"
    [35mreqId[39m: "req-3y"
    [35mres[39m: {
      "statusCode": 200
    }
    [35mresponseTime[39m: 8.99057999998331
[18:55:11.537] [32mINFO[39m: [36mINFO request completed | [1783968911537][39m
    [35mlocalTime[39m: "02:55:11.537"
    [35mreqId[39m: "req-3z"
    [35mres[39m: {
      "statusCode": 200
    }
    [35mresponseTime[39m: 8.25207099999534
[18:55:11.537] [32mINFO[39m: [36mINFO request completed | [1783968911537][39m
    [35mlocalTime[39m: "02:55:11.537"
    [35mreqId[39m: "req-40"
    [35mres[39m: {
      "statusCode": 200
    }
    [35mresponseTime[39m: 8.162065000040457
[18:55:11.539] [32mINFO[39m: [36mINFO Auth success - user: cmrjkvnea0000ovtv9ou6mcht | [1783968911539][39m
    [35mlocalTime[39m: "02:55:11.539"
    [35mmodule[39m: "auth-decorator"
[18:55:11.541] [32mINFO[39m: [36mINFO request completed | [1783968911541][39m
    [35mlocalTime[39m: "02:55:11.541"
    [35mreqId[39m: "req-42"
    [35mres[39m: {
      "statusCode": 200
    }
    [35mresponseTime[39m: 6.712399000010919
[18:55:12.033] [32mINFO[39m: [36mINFO incoming request | [1783968912033][39m
    [35mlocalTime[39m: "02:55:12.033"
    [35mreqId[39m: "req-43"
    [35mreq[39m: {
      "method": "GET",
      "url": "/v1/artifacts",
      "host": "10.0.2.2:3005",
      "remoteAddress": "127.0.0.1",
      "remotePort": 42078
    }
[18:55:12.033] [32mINFO[39m: [36mINFO Auth check - path: /v1/artifacts, has bearer header: true | [1783968912033][39m
    [35mlocalTime[39m: "02:55:12.033"
    [35mmodule[39m: "auth-decorator"
[18:55:12.037] [32mINFO[39m: [36mINFO Token verified: cmrjkvnea0000ovtv9ou6mcht, clientType: user-scoped, client: android/1.0.0, sessionId: none, machineId: none, socketId: blLh-R_0J057yl3pAAAZ | [1783968912037][39m
    [35mlocalTime[39m: "02:55:12.037"
    [35mmodule[39m: "websocket"
[18:55:12.037] [32mINFO[39m: [36mINFO User connected: cmrjkvnea0000ovtv9ou6mcht | [1783968912037][39m
    [35mlocalTime[39m: "02:55:12.037"
    [35mmodule[39m: "websocket"
[18:55:12.037] [32mINFO[39m: [36mINFO Auth success - user: cmrjkvnea0000ovtv9ou6mcht | [1783968912037][39m
    [35mlocalTime[39m: "02:55:12.037"
    [35mmodule[39m: "auth-decorator"
[18:55:12.039] [32mINFO[39m: [36mINFO request completed | [1783968912039][39m
    [35mlocalTime[39m: "02:55:12.039"
    [35mreqId[39m: "req-43"
    [35mres[39m: {
      "statusCode": 200
    }
    [35mresponseTime[39m: 5.57632500003092
[18:55:12.072] [32mINFO[39m: [36mINFO incoming request | [1783968912072][39m
    [35mlocalTime[39m: "02:55:12.072"
    [35mreqId[39m: "req-44"
    [35mreq[39m: {
      "method": "GET",
      "url": "/v1/artifacts",
      "host": "10.0.2.2:3005",
      "remoteAddress": "127.0.0.1",
      "remotePort": 42078
    }
[18:55:12.072] [32mINFO[39m: [36mINFO Auth check - path: /v1/artifacts, has bearer header: true | [1783968912072][39m
    [35mlocalTime[39m: "02:55:12.072"
    [35mmodule[39m: "auth-decorator"
[18:55:12.077] [32mINFO[39m: [36mINFO Auth success - user: cmrjkvnea0000ovtv9ou6mcht | [1783968912077][39m
    [35mlocalTime[39m: "02:55:12.077"
    [35mmodule[39m: "auth-decorator"
[18:55:12.080] [32mINFO[39m: [36mINFO request completed | [1783968912080][39m
    [35mlocalTime[39m: "02:55:12.080"
    [35mreqId[39m: "req-44"
    [35mres[39m: {
      "statusCode": 200
    }
    [35mresponseTime[39m: 7.423979999963194
[18:55:12.113] [32mINFO[39m: [36mINFO incoming request | [1783968912113][39m
    [35mlocalTime[39m: "02:55:12.113"
    [35mreqId[39m: "req-45"
    [35mreq[39m: {
      "method": "GET",
      "url": "/v1/machines",
      "host": "10.0.2.2:3005",
      "remoteAddress": "127.0.0.1",
      "remotePort": 42078
    }
[18:55:12.113] [32mINFO[39m: [36mINFO Auth check - path: /v1/machines, has bearer header: true | [1783968912113][39m
    [35mlocalTime[39m: "02:55:12.113"
    [35mmodule[39m: "auth-decorator"
[18:55:12.114] [32mINFO[39m: [36mINFO incoming request | [1783968912114][39m
    [35mlocalTime[39m: "02:55:12.114"
    [35mreqId[39m: "req-46"
    [35mreq[39m: {
      "method": "GET",
      "url": "/v1/sessions",
      "host": "10.0.2.2:3005",
      "remoteAddress": "127.0.0.1",
      "remotePort": 42066
    }
[18:55:12.114] [32mINFO[39m: [36mINFO Auth check - path: /v1/sessions, has bearer header: true | [1783968912114][39m
    [35mlocalTime[39m: "02:55:12.114"
    [35mmodule[39m: "auth-decorator"
[18:55:12.117] [32mINFO[39m: [36mINFO Auth success - user: cmrjkvnea0000ovtv9ou6mcht | [1783968912117][39m
    [35mlocalTime[39m: "02:55:12.117"
    [35mmodule[39m: "auth-decorator"
[18:55:12.117] [32mINFO[39m: [36mINFO Auth success - user: cmrjkvnea0000ovtv9ou6mcht | [1783968912117][39m
    [35mlocalTime[39m: "02:55:12.117"
    [35mmodule[39m: "auth-decorator"
[18:55:12.120] [32mINFO[39m: [36mINFO request completed | [1783968912120][39m
    [35mlocalTime[39m: "02:55:12.120"
    [35mreqId[39m: "req-45"
    [35mres[39m: {
      "statusCode": 200
    }
    [35mresponseTime[39m: 6.460919999983162
[18:55:12.120] [32mINFO[39m: [36mINFO request completed | [1783968912120][39m
    [35mlocalTime[39m: "02:55:12.120"
    [35mreqId[39m: "req-46"
    [35mres[39m: {
      "statusCode": 200
    }
    [35mresponseTime[39m: 6.164114999992307
[18:55:12.160] [32mINFO[39m: [36mINFO incoming request | [1783968912160][39m
    [35mlocalTime[39m: "02:55:12.160"
    [35mreqId[39m: "req-47"
    [35mreq[39m: {
      "method": "GET",
      "url": "/v1/sessions",
      "host": "10.0.2.2:3005",
      "remoteAddress": "127.0.0.1",
      "remotePort": 42078
    }
[18:55:12.161] [32mINFO[39m: [36mINFO Auth check - path: /v1/sessions, has bearer header: true | [1783968912161][39m
    [35mlocalTime[39m: "02:55:12.161"
    [35mmodule[39m: "auth-decorator"
[18:55:12.166] [32mINFO[39m: [36mINFO Auth success - user: cmrjkvnea0000ovtv9ou6mcht | [1783968912166][39m
    [35mlocalTime[39m: "02:55:12.166"
    [35mmodule[39m: "auth-decorator"
[18:55:12.170] [32mINFO[39m: [36mINFO request completed | [1783968912170][39m
    [35mlocalTime[39m: "02:55:12.170"
    [35mreqId[39m: "req-47"
    [35mres[39m: {
      "statusCode": 200
    }
    [35mresponseTime[39m: 9.777566000004299
[18:55:14.386] [32mINFO[39m: [36mINFO incoming request | [1783968914386][39m
    [35mlocalTime[39m: "02:55:14.386"
    [35mreqId[39m: "req-48"
    [35mreq[39m: {
      "method": "GET",
      "url": "/v3/sessions/cmrjkwj3w0003ovtv9re7dcn0/messages?before_seq=2147483647&limit=100",
      "host": "10.0.2.2:3005",
      "remoteAddress": "127.0.0.1",
      "remotePort": 42078
    }
[18:55:14.386] [32mINFO[39m: [36mINFO Auth check - path: /v3/sessions/cmrjkwj3w0003ovtv9re7dcn0/messages?before_seq=2147483647&limit=100, has bearer header: true | [1783968914386][39m
    [35mlocalTime[39m: "02:55:14.386"
    [35mmodule[39m: "auth-decorator"
[18:55:14.389] [32mINFO[39m: [36mINFO Auth success - user: cmrjkvnea0000ovtv9ou6mcht | [1783968914389][39m
    [35mlocalTime[39m: "02:55:14.389"
    [35mmodule[39m: "auth-decorator"
[18:55:14.393] [32mINFO[39m: [36mINFO request completed | [1783968914393][39m
    [35mlocalTime[39m: "02:55:14.393"
    [35mreqId[39m: "req-48"
    [35mres[39m: {
      "statusCode": 200
    }
    [35mresponseTime[39m: 6.3859510000329465
[18:55:35.802] [32mINFO[39m: [36mINFO incoming request | [1783968935802][39m
    [35mlocalTime[39m: "02:55:35.802"
    [35mreqId[39m: "req-49"
    [35mreq[39m: {
      "method": "POST",
      "url": "/v3/sessions/cmrjkwj3w0003ovtv9re7dcn0/messages",
      "host": "10.0.2.2:3005",
      "remoteAddress": "127.0.0.1",
      "remotePort": 42078
    }
[18:55:35.803] [32mINFO[39m: [36mINFO Auth check - path: /v3/sessions/cmrjkwj3w0003ovtv9re7dcn0/messages, has bearer header: true | [1783968935803][39m
    [35mlocalTime[39m: "02:55:35.803"
    [35mmodule[39m: "auth-decorator"
[18:55:35.806] [32mINFO[39m: [36mINFO Auth success - user: cmrjkvnea0000ovtv9ou6mcht | [1783968935806][39m
    [35mlocalTime[39m: "02:55:35.806"
    [35mmodule[39m: "auth-decorator"
[18:55:35.818] [32mINFO[39m: [36mINFO request completed | [1783968935818][39m
    [35mlocalTime[39m: "02:55:35.818"
    [35mreqId[39m: "req-49"
    [35mres[39m: {
      "statusCode": 200
    }
    [35mresponseTime[39m: 15.632786999980453
[18:55:35.893] [32mINFO[39m: [36mINFO incoming request | [1783968935893][39m
    [35mlocalTime[39m: "02:55:35.893"
    [35mreqId[39m: "req-4a"
    [35mreq[39m: {
      "method": "GET",
      "url": "/v3/sessions/cmrjkwj3w0003ovtv9re7dcn0/messages?after_seq=15&limit=100",
      "host": "10.0.2.2:3005",
      "remoteAddress": "127.0.0.1",
      "remotePort": 42078
    }
[18:55:35.894] [32mINFO[39m: [36mINFO Auth check - path: /v3/sessions/cmrjkwj3w0003ovtv9re7dcn0/messages?after_seq=15&limit=100, has bearer header: true | [1783968935894][39m
    [35mlocalTime[39m: "02:55:35.894"
    [35mmodule[39m: "auth-decorator"
[18:55:35.897] [32mINFO[39m: [36mINFO Auth success - user: cmrjkvnea0000ovtv9ou6mcht | [1783968935897][39m
    [35mlocalTime[39m: "02:55:35.897"
    [35mmodule[39m: "auth-decorator"
[18:55:35.900] [32mINFO[39m: [36mINFO request completed | [1783968935900][39m
    [35mlocalTime[39m: "02:55:35.900"
    [35mreqId[39m: "req-4a"
    [35mres[39m: {
      "statusCode": 200
    }
    [35mresponseTime[39m: 6.385384000022896
[18:55:36.559] [32mINFO[39m: [36mINFO incoming request | [1783968936559][39m
    [35mlocalTime[39m: "02:55:36.559"
    [35mreqId[39m: "req-4b"
    [35mreq[39m: {
      "method": "POST",
      "url": "/v3/sessions/cmrjkwj3w0003ovtv9re7dcn0/messages",
      "host": "127.0.0.1:3005",
      "remoteAddress": "127.0.0.1",
      "remotePort": 40742
    }
[18:55:36.559] [32mINFO[39m: [36mINFO Auth check - path: /v3/sessions/cmrjkwj3w0003ovtv9re7dcn0/messages, has bearer header: true | [1783968936559][39m
    [35mlocalTime[39m: "02:55:36.559"
    [35mmodule[39m: "auth-decorator"
[18:55:36.564] [32mINFO[39m: [36mINFO Auth success - user: cmrjkvnea0000ovtv9ou6mcht | [1783968936564][39m
    [35mlocalTime[39m: "02:55:36.565"
    [35mmodule[39m: "auth-decorator"
[18:55:36.584] [32mINFO[39m: [36mINFO request completed | [1783968936584][39m
    [35mlocalTime[39m: "02:55:36.584"
    [35mreqId[39m: "req-4b"
    [35mres[39m: {
      "statusCode": 200
    }
    [35mresponseTime[39m: 25.19464300002437
[18:55:36.645] [32mINFO[39m: [36mINFO incoming request | [1783968936645][39m
    [35mlocalTime[39m: "02:55:36.645"
    [35mreqId[39m: "req-4c"
    [35mreq[39m: {
      "method": "GET",
      "url": "/v3/sessions/cmrjkwj3w0003ovtv9re7dcn0/messages?after_seq=15&limit=100",
      "host": "10.0.2.2:3005",
      "remoteAddress": "127.0.0.1",
      "remotePort": 42078
    }
[18:55:36.646] [32mINFO[39m: [36mINFO Auth check - path: /v3/sessions/cmrjkwj3w0003ovtv9re7dcn0/messages?after_seq=15&limit=100, has bearer header: true | [1783968936646][39m
    [35mlocalTime[39m: "02:55:36.646"
    [35mmodule[39m: "auth-decorator"
[18:55:36.651] [32mINFO[39m: [36mINFO Auth success - user: cmrjkvnea0000ovtv9ou6mcht | [1783968936651][39m
    [35mlocalTime[39m: "02:55:36.651"
    [35mmodule[39m: "auth-decorator"
[18:55:36.656] [32mINFO[39m: [36mINFO request completed | [1783968936656][39m
    [35mlocalTime[39m: "02:55:36.656"
    [35mreqId[39m: "req-4c"
    [35mres[39m: {
      "statusCode": 200
    }
    [35mresponseTime[39m: 10.184814999985974
[18:55:36.684] [32mINFO[39m: [36mINFO incoming request | [1783968936684][39m
    [35mlocalTime[39m: "02:55:36.684"
    [35mreqId[39m: "req-4d"
    [35mreq[39m: {
      "method": "GET",
      "url": "/v3/sessions/cmrjkwj3w0003ovtv9re7dcn0/messages?after_seq=16&limit=100",
      "host": "10.0.2.2:3005",
      "remoteAddress": "127.0.0.1",
      "remotePort": 42078
    }
[18:55:36.685] [32mINFO[39m: [36mINFO Auth check - path: /v3/sessions/cmrjkwj3w0003ovtv9re7dcn0/messages?after_seq=16&limit=100, has bearer header: true | [1783968936685][39m
    [35mlocalTime[39m: "02:55:36.685"
    [35mmodule[39m: "auth-decorator"
[18:55:36.688] [32mINFO[39m: [36mINFO Auth success - user: cmrjkvnea0000ovtv9ou6mcht | [1783968936688][39m
    [35mlocalTime[39m: "02:55:36.688"
    [35mmodule[39m: "auth-decorator"
[18:55:36.692] [32mINFO[39m: [36mINFO request completed | [1783968936692][39m
    [35mlocalTime[39m: "02:55:36.692"
    [35mreqId[39m: "req-4d"
    [35mres[39m: {
      "statusCode": 200
    }
    [35mresponseTime[39m: 7.632534999982454
[18:55:38.644] [32mINFO[39m: [36mINFO Flushed 1 session updates | [1783968938644][39m
    [35mlocalTime[39m: "02:55:38.644"
    [35mmodule[39m: "session-cache"
[18:55:39.130] [32mINFO[39m: [36mINFO incoming request | [1783968939130][39m
    [35mlocalTime[39m: "02:55:39.130"
    [35mreqId[39m: "req-4e"
    [35mreq[39m: {
      "method": "POST",
      "url": "/v3/sessions/cmrjkwj3w0003ovtv9re7dcn0/messages",
      "host": "127.0.0.1:3005",
      "remoteAddress": "127.0.0.1",
      "remotePort": 40742
    }
[18:55:39.130] [32mINFO[39m: [36mINFO Auth check - path: /v3/sessions/cmrjkwj3w0003ovtv9re7dcn0/messages, has bearer header: true | [1783968939130][39m
    [35mlocalTime[39m: "02:55:39.130"
    [35mmodule[39m: "auth-decorator"
[18:55:39.133] [32mINFO[39m: [36mINFO Auth success - user: cmrjkvnea0000ovtv9ou6mcht | [1783968939133][39m
    [35mlocalTime[39m: "02:55:39.133"
    [35mmodule[39m: "auth-decorator"
[18:55:39.148] [32mINFO[39m: [36mINFO request completed | [1783968939148][39m
    [35mlocalTime[39m: "02:55:39.148"
    [35mreqId[39m: "req-4e"
    [35mres[39m: {
      "statusCode": 200
    }
    [35mresponseTime[39m: 17.70110000000568
[18:55:39.153] [32mINFO[39m: [36mINFO incoming request | [1783968939153][39m
    [35mlocalTime[39m: "02:55:39.153"
    [35mreqId[39m: "req-4f"
    [35mreq[39m: {
      "method": "POST",
      "url": "/v3/sessions/cmrjkwj3w0003ovtv9re7dcn0/messages",
      "host": "127.0.0.1:3005",
      "remoteAddress": "127.0.0.1",
      "remotePort": 40742
    }
[18:55:39.154] [32mINFO[39m: [36mINFO Auth check - path: /v3/sessions/cmrjkwj3w0003ovtv9re7dcn0/messages, has bearer header: true | [1783968939154][39m
    [35mlocalTime[39m: "02:55:39.154"
    [35mmodule[39m: "auth-decorator"
[18:55:39.158] [32mINFO[39m: [36mINFO Auth success - user: cmrjkvnea0000ovtv9ou6mcht | [1783968939158][39m
    [35mlocalTime[39m: "02:55:39.158"
    [35mmodule[39m: "auth-decorator"
[18:55:39.172] [32mINFO[39m: [36mINFO request completed | [1783968939172][39m
    [35mlocalTime[39m: "02:55:39.172"
    [35mreqId[39m: "req-4f"
    [35mres[39m: {
      "statusCode": 200
    }
    [35mresponseTime[39m: 18.161387000000104
[18:55:39.175] [32mINFO[39m: [36mINFO incoming request | [1783968939175][39m
    [35mlocalTime[39m: "02:55:39.175"
    [35mreqId[39m: "req-4g"
    [35mreq[39m: {
      "method": "POST",
      "url": "/v1/sessions/cmrjkwj3w0003ovtv9re7dcn0/push-event",
      "host": "127.0.0.1:3005",
      "remoteAddress": "127.0.0.1",
      "remotePort": 40742
    }
[18:55:39.175] [32mINFO[39m: [36mINFO Auth check - path: /v1/sessions/cmrjkwj3w0003ovtv9re7dcn0/push-event, has bearer header: true | [1783968939175][39m
    [35mlocalTime[39m: "02:55:39.175"
    [35mmodule[39m: "auth-decorator"
[18:55:39.180] [32mINFO[39m: [36mINFO Auth success - user: cmrjkvnea0000ovtv9ou6mcht | [1783968939180][39m
    [35mlocalTime[39m: "02:55:39.180"
    [35mmodule[39m: "auth-decorator"
[18:55:39.182] [32mINFO[39m: [36mINFO Suppressed session-event push for user cmrjkvnea0000ovtv9ou6mcht session cmrjkwj3w0003ovtv9re7dcn0: same session visible | [1783968939182][39m
    [35mlocalTime[39m: "02:55:39.182"
    [35mmodule[39m: "push"
[18:55:39.182] [32mINFO[39m: [36mINFO request completed | [1783968939182][39m
    [35mlocalTime[39m: "02:55:39.182"
    [35mreqId[39m: "req-4g"
    [35mres[39m: {
      "statusCode": 200
    }
    [35mresponseTime[39m: 7.356195000000298
[18:55:39.220] [32mINFO[39m: [36mINFO incoming request | [1783968939220][39m
    [35mlocalTime[39m: "02:55:39.220"
    [35mreqId[39m: "req-4h"
    [35mreq[39m: {
      "method": "GET",
      "url": "/v3/sessions/cmrjkwj3w0003ovtv9re7dcn0/messages?after_seq=18&limit=100",
      "host": "10.0.2.2:3005",
      "remoteAddress": "127.0.0.1",
      "remotePort": 42078
    }
[18:55:39.220] [32mINFO[39m: [36mINFO Auth check - path: /v3/sessions/cmrjkwj3w0003ovtv9re7dcn0/messages?after_seq=18&limit=100, has bearer header: true | [1783968939220][39m
    [35mlocalTime[39m: "02:55:39.220"
    [35mmodule[39m: "auth-decorator"
[18:55:39.223] [32mINFO[39m: [36mINFO Auth success - user: cmrjkvnea0000ovtv9ou6mcht | [1783968939223][39m
    [35mlocalTime[39m: "02:55:39.223"
    [35mmodule[39m: "auth-decorator"
[18:55:39.226] [32mINFO[39m: [36mINFO request completed | [1783968939226][39m
    [35mlocalTime[39m: "02:55:39.226"
    [35mreqId[39m: "req-4h"
    [35mres[39m: {
      "statusCode": 200
    }
    [35mresponseTime[39m: 5.8368809999665245
[18:55:39.326] [32mINFO[39m: [36mINFO incoming request | [1783968939326][39m
    [35mlocalTime[39m: "02:55:39.326"
    [35mreqId[39m: "req-4i"
    [35mreq[39m: {
      "method": "GET",
      "url": "/v3/sessions/cmrjkwj3w0003ovtv9re7dcn0/messages?after_seq=18&limit=100",
      "host": "10.0.2.2:3005",
      "remoteAddress": "127.0.0.1",
      "remotePort": 42078
    }
[18:55:39.327] [32mINFO[39m: [36mINFO Auth check - path: /v3/sessions/cmrjkwj3w0003ovtv9re7dcn0/messages?after_seq=18&limit=100, has bearer header: true | [1783968939327][39m
    [35mlocalTime[39m: "02:55:39.327"
    [35mmodule[39m: "auth-decorator"
[18:55:39.335] [32mINFO[39m: [36mINFO Auth success - user: cmrjkvnea0000ovtv9ou6mcht | [1783968939335][39m
    [35mlocalTime[39m: "02:55:39.335"
    [35mmodule[39m: "auth-decorator"
[18:55:39.339] [32mINFO[39m: [36mINFO request completed | [1783968939339][39m
    [35mlocalTime[39m: "02:55:39.339"
    [35mreqId[39m: "req-4i"
    [35mres[39m: {
      "statusCode": 200
    }
    [35mresponseTime[39m: 11.986230999988038
[18:55:43.645] [32mINFO[39m: [36mINFO Flushed 1 machine updates | [1783968943645][39m
    [35mlocalTime[39m: "02:55:43.645"
    [35mmodule[39m: "session-cache"
[18:55:47.565] [32mINFO[39m: [36mINFO incoming request | [1783968947565][39m
    [35mlocalTime[39m: "02:55:47.565"
    [35mreqId[39m: "req-4j"
    [35mreq[39m: {
      "method": "POST",
      "url": "/v3/sessions/cmrjkwj3w0003ovtv9re7dcn0/messages",
      "host": "127.0.0.1:3005",
      "remoteAddress": "127.0.0.1",
      "remotePort": 43816
    }
[18:55:47.565] [32mINFO[39m: [36mINFO Auth check - path: /v3/sessions/cmrjkwj3w0003ovtv9re7dcn0/messages, has bearer header: true | [1783968947565][39m
    [35mlocalTime[39m: "02:55:47.565"
    [35mmodule[39m: "auth-decorator"
[18:55:47.568] [32mINFO[39m: [36mINFO Auth success - user: cmrjkvnea0000ovtv9ou6mcht | [1783968947568][39m
    [35mlocalTime[39m: "02:55:47.568"
    [35mmodule[39m: "auth-decorator"
[18:55:47.574] [32mINFO[39m: [36mINFO request completed | [1783968947574][39m
    [35mlocalTime[39m: "02:55:47.574"
    [35mreqId[39m: "req-4j"
    [35mres[39m: {
      "statusCode": 200
    }
    [35mresponseTime[39m: 9.061410000023898
[18:55:47.611] [32mINFO[39m: [36mINFO incoming request | [1783968947611][39m
    [35mlocalTime[39m: "02:55:47.611"
    [35mreqId[39m: "req-4k"
    [35mreq[39m: {
      "method": "GET",
      "url": "/v3/sessions/cmrjkwj3w0003ovtv9re7dcn0/messages?after_seq=19&limit=100",
      "host": "10.0.2.2:3005",
      "remoteAddress": "127.0.0.1",
      "remotePort": 42078
    }
[18:55:47.612] [32mINFO[39m: [36mINFO Auth check - path: /v3/sessions/cmrjkwj3w0003ovtv9re7dcn0/messages?after_seq=19&limit=100, has bearer header: true | [1783968947612][39m
    [35mlocalTime[39m: "02:55:47.612"
    [35mmodule[39m: "auth-decorator"
[18:55:47.614] [32mINFO[39m: [36mINFO Auth success - user: cmrjkvnea0000ovtv9ou6mcht | [1783968947614][39m
    [35mlocalTime[39m: "02:55:47.614"
    [35mmodule[39m: "auth-decorator"
[18:55:47.616] [32mINFO[39m: [36mINFO request completed | [1783968947616][39m
    [35mlocalTime[39m: "02:55:47.616"
    [35mreqId[39m: "req-4k"
    [35mres[39m: {
      "statusCode": 200
    }
    [35mresponseTime[39m: 4.20231900003273
[18:55:59.791] [32mINFO[39m: [36mINFO incoming request | [1783968959791][39m
    [35mlocalTime[39m: "02:55:59.791"
    [35mreqId[39m: "req-4l"
    [35mreq[39m: {
      "method": "POST",
      "url": "/v1/machines/c656a4e1-31f7-4acd-889d-9c2bfe459890/offline",
      "host": "127.0.0.1:3005",
      "remoteAddress": "127.0.0.1",
      "remotePort": 36178
    }
[18:55:59.791] [32mINFO[39m: [36mINFO Auth check - path: /v1/machines/c656a4e1-31f7-4acd-889d-9c2bfe459890/offline, has bearer header: true | [1783968959791][39m
    [35mlocalTime[39m: "02:55:59.791"
    [35mmodule[39m: "auth-decorator"
[18:55:59.794] [32mINFO[39m: [36mINFO Auth success - user: cmrjkvnea0000ovtv9ou6mcht | [1783968959794][39m
    [35mlocalTime[39m: "02:55:59.794"
    [35mmodule[39m: "auth-decorator"
[18:55:59.796] [32mINFO[39m: [36mINFO request completed | [1783968959796][39m
    [35mlocalTime[39m: "02:55:59.796"
    [35mreqId[39m: "req-4l"
    [35mres[39m: {
      "statusCode": 200
    }
    [35mresponseTime[39m: 4.28680699999677
[18:55:59.797] [32mINFO[39m: [36mINFO User disconnected: cmrjkvnea0000ovtv9ou6mcht | [1783968959797][39m
    [35mlocalTime[39m: "02:55:59.797"
    [35mmodule[39m: "websocket"
[18:55:59.797] [32mINFO[39m: [36mINFO User disconnected: cmrjkvnea0000ovtv9ou6mcht | [1783968959797][39m
    [35mlocalTime[39m: "02:55:59.797"
    [35mmodule[39m: "websocket"
[18:56:00.900] [32mINFO[39m: [36mINFO incoming request | [1783968960900][39m
    [35mlocalTime[39m: "02:56:00.900"
    [35mreqId[39m: "req-4m"
    [35mreq[39m: {
      "method": "POST",
      "url": "/v1/machines",
      "host": "127.0.0.1:3005",
      "remoteAddress": "127.0.0.1",
      "remotePort": 36188
    }
[18:56:00.900] [32mINFO[39m: [36mINFO Auth check - path: /v1/machines, has bearer header: true | [1783968960900][39m
    [35mlocalTime[39m: "02:56:00.900"
    [35mmodule[39m: "auth-decorator"
[18:56:00.903] [32mINFO[39m: [36mINFO Auth success - user: cmrjkvnea0000ovtv9ou6mcht | [1783968960903][39m
    [35mlocalTime[39m: "02:56:00.903"
    [35mmodule[39m: "auth-decorator"
[18:56:00.904] [32mINFO[39m: [36mINFO Found existing machine | [1783968960904][39m
    [35mlocalTime[39m: "02:56:00.904"
    [35mmodule[39m: "machines"
    [35mmachineId[39m: "c656a4e1-31f7-4acd-889d-9c2bfe459890"
    [35muserId[39m: "cmrjkvnea0000ovtv9ou6mcht"
[18:56:00.904] [32mINFO[39m: [36mINFO request completed | [1783968960904][39m
    [35mlocalTime[39m: "02:56:00.904"
    [35mreqId[39m: "req-4m"
    [35mres[39m: {
      "statusCode": 200
    }
    [35mresponseTime[39m: 4.497932999976911
[18:56:01.970] [32mINFO[39m: [36mINFO incoming request | [1783968961970][39m
    [35mlocalTime[39m: "02:56:01.970"
    [35mreqId[39m: "req-4n"
    [35mreq[39m: {
      "method": "POST",
      "url": "/v1/machines",
      "host": "127.0.0.1:3005",
      "remoteAddress": "127.0.0.1",
      "remotePort": 36198
    }
[18:56:01.970] [32mINFO[39m: [36mINFO Auth check - path: /v1/machines, has bearer header: true | [1783968961970][39m
    [35mlocalTime[39m: "02:56:01.970"
    [35mmodule[39m: "auth-decorator"
[18:56:01.974] [32mINFO[39m: [36mINFO Auth success - user: cmrjkvnea0000ovtv9ou6mcht | [1783968961974][39m
    [35mlocalTime[39m: "02:56:01.975"
    [35mmodule[39m: "auth-decorator"
[18:56:01.976] [32mINFO[39m: [36mINFO Found existing machine | [1783968961976][39m
    [35mlocalTime[39m: "02:56:01.976"
    [35mmodule[39m: "machines"
    [35mmachineId[39m: "c656a4e1-31f7-4acd-889d-9c2bfe459890"
    [35muserId[39m: "cmrjkvnea0000ovtv9ou6mcht"
[18:56:01.977] [32mINFO[39m: [36mINFO request completed | [1783968961977][39m
    [35mlocalTime[39m: "02:56:01.977"
    [35mreqId[39m: "req-4n"
    [35mres[39m: {
      "statusCode": 200
    }
    [35mresponseTime[39m: 6.721561000042129
[18:56:01.991] [32mINFO[39m: [36mINFO Token verified: cmrjkvnea0000ovtv9ou6mcht, clientType: machine-scoped, client: cli-daemon/1.1.10, sessionId: none, machineId: c656a4e1-31f7-4acd-889d-9c2bfe459890, socketId: dbU9epdsYf9-5uRAAAAb | [1783968961991][39m
    [35mlocalTime[39m: "02:56:01.991"
    [35mmodule[39m: "websocket"
[18:56:01.992] [32mINFO[39m: [36mINFO User connected: cmrjkvnea0000ovtv9ou6mcht | [1783968961992][39m
    [35mlocalTime[39m: "02:56:01.992"
    [35mmodule[39m: "websocket"
[18:56:02.552] [32mINFO[39m: [36mINFO incoming request | [1783968962552][39m
    [35mlocalTime[39m: "02:56:02.552"
    [35mreqId[39m: "req-4o"
    [35mreq[39m: {
      "method": "POST",
      "url": "/v1/sessions",
      "host": "127.0.0.1:3005",
      "remoteAddress": "127.0.0.1",
      "remotePort": 36198
    }
[18:56:02.552] [32mINFO[39m: [36mINFO Auth check - path: /v1/sessions, has bearer header: true | [1783968962552][39m
    [35mlocalTime[39m: "02:56:02.552"
    [35mmodule[39m: "auth-decorator"
[18:56:02.555] [32mINFO[39m: [36mINFO Auth success - user: cmrjkvnea0000ovtv9ou6mcht | [1783968962555][39m
    [35mlocalTime[39m: "02:56:02.555"
    [35mmodule[39m: "auth-decorator"
[18:56:02.556] [32mINFO[39m: [36mINFO Found existing session: cmrjkwj3w0003ovtv9re7dcn0 for tag pi:fa6f66393a722fce877dd40b24f4148d | [1783968962556][39m
    [35mlocalTime[39m: "02:56:02.556"
    [35mmodule[39m: "session-create"
    [35msessionId[39m: "cmrjkwj3w0003ovtv9re7dcn0"
    [35muserId[39m: "cmrjkvnea0000ovtv9ou6mcht"
    [35mtag[39m: "pi:fa6f66393a722fce877dd40b24f4148d"
[18:56:02.558] [32mINFO[39m: [36mINFO request completed | [1783968962558][39m
    [35mlocalTime[39m: "02:56:02.558"
    [35mreqId[39m: "req-4o"
    [35mres[39m: {
      "statusCode": 200
    }
    [35mresponseTime[39m: 6.0791380000300705
[18:56:02.567] [32mINFO[39m: [36mINFO incoming request | [1783968962567][39m
    [35mlocalTime[39m: "02:56:02.567"
    [35mreqId[39m: "req-4p"
    [35mreq[39m: {
      "method": "GET",
      "url": "/v3/sessions/cmrjkwj3w0003ovtv9re7dcn0/messages?after_seq=0&limit=100",
      "host": "127.0.0.1:3005",
      "remoteAddress": "127.0.0.1",
      "remotePort": 36198
    }
[18:56:02.567] [32mINFO[39m: [36mINFO Auth check - path: /v3/sessions/cmrjkwj3w0003ovtv9re7dcn0/messages?after_seq=0&limit=100, has bearer header: true | [1783968962567][39m
    [35mlocalTime[39m: "02:56:02.567"
    [35mmodule[39m: "auth-decorator"
[18:56:02.574] [32mINFO[39m: [36mINFO Auth success - user: cmrjkvnea0000ovtv9ou6mcht | [1783968962574][39m
    [35mlocalTime[39m: "02:56:02.574"
    [35mmodule[39m: "auth-decorator"
[18:56:02.577] [32mINFO[39m: [36mINFO Token verified: cmrjkvnea0000ovtv9ou6mcht, clientType: session-scoped, client: cli-coding-session/1.1.10, sessionId: cmrjkwj3w0003ovtv9re7dcn0, machineId: none, socketId: bB3sQe-TwFsTfaRUAAAd | [1783968962577][39m
    [35mlocalTime[39m: "02:56:02.577"
    [35mmodule[39m: "websocket"
[18:56:02.577] [32mINFO[39m: [36mINFO User connected: cmrjkvnea0000ovtv9ou6mcht | [1783968962577][39m
    [35mlocalTime[39m: "02:56:02.577"
    [35mmodule[39m: "websocket"
[18:56:02.581] [32mINFO[39m: [36mINFO request completed | [1783968962581][39m
    [35mlocalTime[39m: "02:56:02.581"
    [35mreqId[39m: "req-4p"
    [35mres[39m: {
      "statusCode": 200
    }
    [35mresponseTime[39m: 13.77741199999582
[18:56:02.593] [32mINFO[39m: [36mINFO incoming request | [1783968962593][39m
    [35mlocalTime[39m: "02:56:02.593"
    [35mreqId[39m: "req-4q"
    [35mreq[39m: {
      "method": "GET",
      "url": "/v3/sessions/cmrjkwj3w0003ovtv9re7dcn0/messages?after_seq=19&limit=100",
      "host": "127.0.0.1:3005",
      "remoteAddress": "127.0.0.1",
      "remotePort": 36198
    }
[18:56:02.594] [32mINFO[39m: [36mINFO Auth check - path: /v3/sessions/cmrjkwj3w0003ovtv9re7dcn0/messages?after_seq=19&limit=100, has bearer header: true | [1783968962594][39m
    [35mlocalTime[39m: "02:56:02.594"
    [35mmodule[39m: "auth-decorator"
[18:56:02.598] [32mINFO[39m: [36mINFO Auth success - user: cmrjkvnea0000ovtv9ou6mcht | [1783968962598][39m
    [35mlocalTime[39m: "02:56:02.598"
    [35mmodule[39m: "auth-decorator"
[18:56:02.603] [32mINFO[39m: [36mINFO request completed | [1783968962603][39m
    [35mlocalTime[39m: "02:56:02.603"
    [35mreqId[39m: "req-4q"
    [35mres[39m: {
      "statusCode": 200
    }
    [35mresponseTime[39m: 9.024629999999888
[18:56:02.605] [32mINFO[39m: [36mINFO incoming request | [1783968962605][39m
    [35mlocalTime[39m: "02:56:02.605"
    [35mreqId[39m: "req-4r"
    [35mreq[39m: {
      "method": "POST",
      "url": "/v3/sessions/cmrjkwj3w0003ovtv9re7dcn0/messages",
      "host": "127.0.0.1:3005",
      "remoteAddress": "127.0.0.1",
      "remotePort": 36198
    }
[18:56:02.605] [32mINFO[39m: [36mINFO Auth check - path: /v3/sessions/cmrjkwj3w0003ovtv9re7dcn0/messages, has bearer header: true | [1783968962605][39m
    [35mlocalTime[39m: "02:56:02.605"
    [35mmodule[39m: "auth-decorator"
[18:56:02.609] [32mINFO[39m: [36mINFO Auth success - user: cmrjkvnea0000ovtv9ou6mcht | [1783968962609][39m
    [35mlocalTime[39m: "02:56:02.609"
    [35mmodule[39m: "auth-decorator"
[18:56:02.624] [32mINFO[39m: [36mINFO request completed | [1783968962624][39m
    [35mlocalTime[39m: "02:56:02.624"
    [35mreqId[39m: "req-4r"
    [35mres[39m: {
      "statusCode": 200
    }
    [35mresponseTime[39m: 19.140894999960437
[18:56:02.627] [32mINFO[39m: [36mINFO incoming request | [1783968962627][39m
    [35mlocalTime[39m: "02:56:02.627"
    [35mreqId[39m: "req-4s"
    [35mreq[39m: {
      "method": "POST",
      "url": "/v3/sessions/cmrjkwj3w0003ovtv9re7dcn0/messages",
      "host": "127.0.0.1:3005",
      "remoteAddress": "127.0.0.1",
      "remotePort": 36198
    }
[18:56:02.627] [32mINFO[39m: [36mINFO Auth check - path: /v3/sessions/cmrjkwj3w0003ovtv9re7dcn0/messages, has bearer header: true | [1783968962627][39m
    [35mlocalTime[39m: "02:56:02.627"
    [35mmodule[39m: "auth-decorator"
[18:56:02.631] [32mINFO[39m: [36mINFO Auth success - user: cmrjkvnea0000ovtv9ou6mcht | [1783968962631][39m
    [35mlocalTime[39m: "02:56:02.631"
    [35mmodule[39m: "auth-decorator"
[18:56:02.666] [32mINFO[39m: [36mINFO incoming request | [1783968962666][39m
    [35mlocalTime[39m: "02:56:02.666"
    [35mreqId[39m: "req-4t"
    [35mreq[39m: {
      "method": "GET",
      "url": "/v3/sessions/cmrjkwj3w0003ovtv9re7dcn0/messages?after_seq=20&limit=100",
      "host": "10.0.2.2:3005",
      "remoteAddress": "127.0.0.1",
      "remotePort": 42078
    }
[18:56:02.666] [32mINFO[39m: [36mINFO Auth check - path: /v3/sessions/cmrjkwj3w0003ovtv9re7dcn0/messages?after_seq=20&limit=100, has bearer header: true | [1783968962666][39m
    [35mlocalTime[39m: "02:56:02.666"
    [35mmodule[39m: "auth-decorator"
[18:56:02.680] [32mINFO[39m: [36mINFO Auth success - user: cmrjkvnea0000ovtv9ou6mcht | [1783968962680][39m
    [35mlocalTime[39m: "02:56:02.680"
    [35mmodule[39m: "auth-decorator"
[18:56:02.685] [32mINFO[39m: [36mINFO request completed | [1783968962685][39m
    [35mlocalTime[39m: "02:56:02.685"
    [35mreqId[39m: "req-4t"
    [35mres[39m: {
      "statusCode": 200
    }
    [35mresponseTime[39m: 18.865644000004977
[18:56:02.705] [32mINFO[39m: [36mINFO request completed | [1783968962705][39m
    [35mlocalTime[39m: "02:56:02.705"
    [35mreqId[39m: "req-4s"
    [35mres[39m: {
      "statusCode": 200
    }
    [35mresponseTime[39m: 78.23021300003165
[18:56:02.922] [32mINFO[39m: [36mINFO incoming request | [1783968962922][39m
    [35mlocalTime[39m: "02:56:02.922"
    [35mreqId[39m: "req-4u"
    [35mreq[39m: {
      "method": "GET",
      "url": "/v3/sessions/cmrjkwj3w0003ovtv9re7dcn0/messages?after_seq=32&limit=100",
      "host": "10.0.2.2:3005",
      "remoteAddress": "127.0.0.1",
      "remotePort": 42078
    }
[18:56:02.923] [32mINFO[39m: [36mINFO Auth check - path: /v3/sessions/cmrjkwj3w0003ovtv9re7dcn0/messages?after_seq=32&limit=100, has bearer header: true | [1783968962923][39m
    [35mlocalTime[39m: "02:56:02.923"
    [35mmodule[39m: "auth-decorator"
[18:56:02.927] [32mINFO[39m: [36mINFO Auth success - user: cmrjkvnea0000ovtv9ou6mcht | [1783968962927][39m
    [35mlocalTime[39m: "02:56:02.927"
    [35mmodule[39m: "auth-decorator"
[18:56:02.932] [32mINFO[39m: [36mINFO request completed | [1783968962932][39m
    [35mlocalTime[39m: "02:56:02.932"
    [35mreqId[39m: "req-4u"
    [35mres[39m: {
      "statusCode": 200
    }
    [35mresponseTime[39m: 9.157005999993999
[18:56:02.975] [32mINFO[39m: [36mINFO incoming request | [1783968962975][39m
    [35mlocalTime[39m: "02:56:02.975"
    [35mreqId[39m: "req-4v"
    [35mreq[39m: {
      "method": "GET",
      "url": "/v3/sessions/cmrjkwj3w0003ovtv9re7dcn0/messages?after_seq=32&limit=100",
      "host": "10.0.2.2:3005",
      "remoteAddress": "127.0.0.1",
      "remotePort": 42078
    }
[18:56:02.976] [32mINFO[39m: [36mINFO Auth check - path: /v3/sessions/cmrjkwj3w0003ovtv9re7dcn0/messages?after_seq=32&limit=100, has bearer header: true | [1783968962976][39m
    [35mlocalTime[39m: "02:56:02.976"
    [35mmodule[39m: "auth-decorator"
[18:56:02.980] [32mINFO[39m: [36mINFO Auth success - user: cmrjkvnea0000ovtv9ou6mcht | [1783968962980][39m
    [35mlocalTime[39m: "02:56:02.980"
    [35mmodule[39m: "auth-decorator"
[18:56:02.984] [32mINFO[39m: [36mINFO request completed | [1783968962984][39m
    [35mlocalTime[39m: "02:56:02.984"
    [35mreqId[39m: "req-4v"
    [35mres[39m: {
      "statusCode": 200
    }
    [35mresponseTime[39m: 8.314984999946319
[18:56:07.572] [32mINFO[39m: [36mINFO User disconnected: cmrjkvnea0000ovtv9ou6mcht | [1783968967572][39m
    [35mlocalTime[39m: "02:56:07.572"
    [35mmodule[39m: "websocket"
[18:56:10.572] [32mINFO[39m: [36mINFO incoming request | [1783968970572][39m
    [35mlocalTime[39m: "02:56:10.572"
    [35mreqId[39m: "req-4w"
    [35mreq[39m: {
      "method": "GET",
      "url": "/v1/account/profile",
      "host": "10.0.2.2:3005",
      "remoteAddress": "127.0.0.1",
      "remotePort": 50584
    }
[18:56:10.572] [32mINFO[39m: [36mINFO Auth check - path: /v1/account/profile, has bearer header: true | [1783968970572][39m
    [35mlocalTime[39m: "02:56:10.572"
    [35mmodule[39m: "auth-decorator"
[18:56:10.573] [32mINFO[39m: [36mINFO incoming request | [1783968970573][39m
    [35mlocalTime[39m: "02:56:10.573"
    [35mreqId[39m: "req-4x"
    [35mreq[39m: {
      "method": "GET",
      "url": "/v1/sessions",
      "host": "10.0.2.2:3005",
      "remoteAddress": "127.0.0.1",
      "remotePort": 50566
    }
[18:56:10.573] [32mINFO[39m: [36mINFO Auth check - path: /v1/sessions, has bearer header: true | [1783968970573][39m
    [35mlocalTime[39m: "02:56:10.573"
    [35mmodule[39m: "auth-decorator"
[18:56:10.574] [32mINFO[39m: [36mINFO incoming request | [1783968970574][39m
    [35mlocalTime[39m: "02:56:10.574"
    [35mreqId[39m: "req-4y"
    [35mreq[39m: {
      "method": "GET",
      "url": "/v1/machines",
      "host": "10.0.2.2:3005",
      "remoteAddress": "127.0.0.1",
      "remotePort": 50580
    }
[18:56:10.574] [32mINFO[39m: [36mINFO Auth check - path: /v1/machines, has bearer header: true | [1783968970574][39m
    [35mlocalTime[39m: "02:56:10.574"
    [35mmodule[39m: "auth-decorator"
[18:56:10.574] [32mINFO[39m: [36mINFO incoming request | [1783968970574][39m
    [35mlocalTime[39m: "02:56:10.574"
    [35mreqId[39m: "req-4z"
    [35mreq[39m: {
      "method": "GET",
      "url": "/v1/account/settings",
      "host": "10.0.2.2:3005",
      "remoteAddress": "127.0.0.1",
      "remotePort": 50560
    }
[18:56:10.574] [32mINFO[39m: [36mINFO Auth check - path: /v1/account/settings, has bearer header: true | [1783968970574][39m
    [35mlocalTime[39m: "02:56:10.574"
    [35mmodule[39m: "auth-decorator"
[18:56:10.579] [32mINFO[39m: [36mINFO Auth success - user: cmrjkvnea0000ovtv9ou6mcht | [1783968970579][39m
    [35mlocalTime[39m: "02:56:10.579"
    [35mmodule[39m: "auth-decorator"
[18:56:10.579] [32mINFO[39m: [36mINFO Auth success - user: cmrjkvnea0000ovtv9ou6mcht | [1783968970579][39m
    [35mlocalTime[39m: "02:56:10.579"
    [35mmodule[39m: "auth-decorator"
[18:56:10.579] [32mINFO[39m: [36mINFO Auth success - user: cmrjkvnea0000ovtv9ou6mcht | [1783968970579][39m
    [35mlocalTime[39m: "02:56:10.579"
    [35mmodule[39m: "auth-decorator"
[18:56:10.579] [32mINFO[39m: [36mINFO Auth success - user: cmrjkvnea0000ovtv9ou6mcht | [1783968970579][39m
    [35mlocalTime[39m: "02:56:10.579"
    [35mmodule[39m: "auth-decorator"
[18:56:10.579] [32mINFO[39m: [36mINFO incoming request | [1783968970579][39m
    [35mlocalTime[39m: "02:56:10.579"
    [35mreqId[39m: "req-50"
    [35mreq[39m: {
      "method": "POST",
      "url": "/v1/version",
      "host": "10.0.2.2:3005",
      "remoteAddress": "127.0.0.1",
      "remotePort": 50568
    }
[18:56:10.580] [32mINFO[39m: [36mINFO request completed | [1783968970580][39m
    [35mlocalTime[39m: "02:56:10.580"
    [35mreqId[39m: "req-50"
    [35mres[39m: {
      "statusCode": 200
    }
    [35mresponseTime[39m: 0.2888080000411719
[18:56:10.582] [32mINFO[39m: [36mINFO request completed | [1783968970582][39m
    [35mlocalTime[39m: "02:56:10.582"
    [35mreqId[39m: "req-4x"
    [35mres[39m: {
      "statusCode": 200
    }
    [35mresponseTime[39m: 9.077485000016168
[18:56:10.583] [32mINFO[39m: [36mINFO request completed | [1783968970583][39m
    [35mlocalTime[39m: "02:56:10.583"
    [35mreqId[39m: "req-4y"
    [35mres[39m: {
      "statusCode": 200
    }
    [35mresponseTime[39m: 8.928875000041444
[18:56:10.583] [32mINFO[39m: [36mINFO request completed | [1783968970583][39m
    [35mlocalTime[39m: "02:56:10.583"
    [35mreqId[39m: "req-4z"
    [35mres[39m: {
      "statusCode": 200
    }
    [35mresponseTime[39m: 8.681956999993417
[18:56:10.583] [32mINFO[39m: [36mINFO request completed | [1783968970583][39m
    [35mlocalTime[39m: "02:56:10.583"
    [35mreqId[39m: "req-4w"
    [35mres[39m: {
      "statusCode": 200
    }
    [35mresponseTime[39m: 11.118484999984503
[18:56:11.078] [32mINFO[39m: [36mINFO Token verified: cmrjkvnea0000ovtv9ou6mcht, clientType: user-scoped, client: android/1.0.0, sessionId: none, machineId: none, socketId: _ODPPA4yPe-190DxAAAf | [1783968971078][39m
    [35mlocalTime[39m: "02:56:11.078"
    [35mmodule[39m: "websocket"
[18:56:11.078] [32mINFO[39m: [36mINFO User connected: cmrjkvnea0000ovtv9ou6mcht | [1783968971078][39m
    [35mlocalTime[39m: "02:56:11.078"
    [35mmodule[39m: "websocket"
[18:56:11.086] [32mINFO[39m: [36mINFO incoming request | [1783968971086][39m
    [35mlocalTime[39m: "02:56:11.086"
    [35mreqId[39m: "req-51"
    [35mreq[39m: {
      "method": "GET",
      "url": "/v1/artifacts",
      "host": "10.0.2.2:3005",
      "remoteAddress": "127.0.0.1",
      "remotePort": 50584
    }
[18:56:11.086] [32mINFO[39m: [36mINFO Auth check - path: /v1/artifacts, has bearer header: true | [1783968971086][39m
    [35mlocalTime[39m: "02:56:11.086"
    [35mmodule[39m: "auth-decorator"
[18:56:11.090] [32mINFO[39m: [36mINFO Auth success - user: cmrjkvnea0000ovtv9ou6mcht | [1783968971090][39m
    [35mlocalTime[39m: "02:56:11.090"
    [35mmodule[39m: "auth-decorator"
[18:56:11.092] [32mINFO[39m: [36mINFO request completed | [1783968971092][39m
    [35mlocalTime[39m: "02:56:11.092"
    [35mreqId[39m: "req-51"
    [35mres[39m: {
      "statusCode": 200
    }
    [35mresponseTime[39m: 5.4291899999952875
[18:56:11.148] [32mINFO[39m: [36mINFO incoming request | [1783968971148][39m
    [35mlocalTime[39m: "02:56:11.148"
    [35mreqId[39m: "req-52"
    [35mreq[39m: {
      "method": "GET",
      "url": "/v1/artifacts",
      "host": "10.0.2.2:3005",
      "remoteAddress": "127.0.0.1",
      "remotePort": 50584
    }
[18:56:11.149] [32mINFO[39m: [36mINFO Auth check - path: /v1/artifacts, has bearer header: true | [1783968971149][39m
    [35mlocalTime[39m: "02:56:11.149"
    [35mmodule[39m: "auth-decorator"
[18:56:11.152] [32mINFO[39m: [36mINFO Auth success - user: cmrjkvnea0000ovtv9ou6mcht | [1783968971152][39m
    [35mlocalTime[39m: "02:56:11.152"
    [35mmodule[39m: "auth-decorator"
[18:56:11.153] [32mINFO[39m: [36mINFO request completed | [1783968971153][39m
    [35mlocalTime[39m: "02:56:11.153"
    [35mreqId[39m: "req-52"
    [35mres[39m: {
      "statusCode": 200
    }
    [35mresponseTime[39m: 4.433556999952998
[18:56:11.179] [32mINFO[39m: [36mINFO incoming request | [1783968971179][39m
    [35mlocalTime[39m: "02:56:11.179"
    [35mreqId[39m: "req-53"
    [35mreq[39m: {
      "method": "GET",
      "url": "/v1/sessions",
      "host": "10.0.2.2:3005",
      "remoteAddress": "127.0.0.1",
      "remotePort": 50584
    }
[18:56:11.179] [32mINFO[39m: [36mINFO Auth check - path: /v1/sessions, has bearer header: true | [1783968971179][39m
    [35mlocalTime[39m: "02:56:11.179"
    [35mmodule[39m: "auth-decorator"
[18:56:11.180] [32mINFO[39m: [36mINFO incoming request | [1783968971180][39m
    [35mlocalTime[39m: "02:56:11.180"
    [35mreqId[39m: "req-54"
    [35mreq[39m: {
      "method": "GET",
      "url": "/v1/machines",
      "host": "10.0.2.2:3005",
      "remoteAddress": "127.0.0.1",
      "remotePort": 50566
    }
[18:56:11.180] [32mINFO[39m: [36mINFO Auth check - path: /v1/machines, has bearer header: true | [1783968971180][39m
    [35mlocalTime[39m: "02:56:11.180"
    [35mmodule[39m: "auth-decorator"
[18:56:11.184] [32mINFO[39m: [36mINFO Auth success - user: cmrjkvnea0000ovtv9ou6mcht | [1783968971184][39m
    [35mlocalTime[39m: "02:56:11.184"
    [35mmodule[39m: "auth-decorator"
[18:56:11.185] [32mINFO[39m: [36mINFO Auth success - user: cmrjkvnea0000ovtv9ou6mcht | [1783968971185][39m
    [35mlocalTime[39m: "02:56:11.185"
    [35mmodule[39m: "auth-decorator"
[18:56:11.187] [32mINFO[39m: [36mINFO request completed | [1783968971187][39m
    [35mlocalTime[39m: "02:56:11.187"
    [35mreqId[39m: "req-54"
    [35mres[39m: {
      "statusCode": 200
    }
    [35mresponseTime[39m: 7.011169000004884
[18:56:11.187] [32mINFO[39m: [36mINFO request completed | [1783968971187][39m
    [35mlocalTime[39m: "02:56:11.187"
    [35mreqId[39m: "req-53"
    [35mres[39m: {
      "statusCode": 200
    }
    [35mresponseTime[39m: 8.144487000012305
[18:56:11.251] [32mINFO[39m: [36mINFO incoming request | [1783968971251][39m
    [35mlocalTime[39m: "02:56:11.251"
    [35mreqId[39m: "req-55"
    [35mreq[39m: {
      "method": "GET",
      "url": "/v1/sessions",
      "host": "10.0.2.2:3005",
      "remoteAddress": "127.0.0.1",
      "remotePort": 50584
    }
[18:56:11.251] [32mINFO[39m: [36mINFO Auth check - path: /v1/sessions, has bearer header: true | [1783968971251][39m
    [35mlocalTime[39m: "02:56:11.251"
    [35mmodule[39m: "auth-decorator"
[18:56:11.255] [32mINFO[39m: [36mINFO Auth success - user: cmrjkvnea0000ovtv9ou6mcht | [1783968971255][39m
    [35mlocalTime[39m: "02:56:11.255"
    [35mmodule[39m: "auth-decorator"
[18:56:11.257] [32mINFO[39m: [36mINFO request completed | [1783968971257][39m
    [35mlocalTime[39m: "02:56:11.257"
    [35mreqId[39m: "req-55"
    [35mres[39m: {
      "statusCode": 200
    }
    [35mresponseTime[39m: 6.038334999990184
[18:56:13.568] [32mINFO[39m: [36mINFO incoming request | [1783968973568][39m
    [35mlocalTime[39m: "02:56:13.568"
    [35mreqId[39m: "req-56"
    [35mreq[39m: {
      "method": "GET",
      "url": "/v3/sessions/cmrjkwj3w0003ovtv9re7dcn0/messages?before_seq=2147483647&limit=100",
      "host": "10.0.2.2:3005",
      "remoteAddress": "127.0.0.1",
      "remotePort": 50584
    }
[18:56:13.568] [32mINFO[39m: [36mINFO Auth check - path: /v3/sessions/cmrjkwj3w0003ovtv9re7dcn0/messages?before_seq=2147483647&limit=100, has bearer header: true | [1783968973568][39m
    [35mlocalTime[39m: "02:56:13.568"
    [35mmodule[39m: "auth-decorator"
[18:56:13.570] [32mINFO[39m: [36mINFO Auth success - user: cmrjkvnea0000ovtv9ou6mcht | [1783968973570][39m
    [35mlocalTime[39m: "02:56:13.570"
    [35mmodule[39m: "auth-decorator"
[18:56:13.575] [32mINFO[39m: [36mINFO request completed | [1783968973575][39m
    [35mlocalTime[39m: "02:56:13.575"
    [35mreqId[39m: "req-56"
    [35mres[39m: {
      "statusCode": 200
    }
    [35mresponseTime[39m: 7.1639609999838285
[18:56:33.656] [32mINFO[39m: [36mINFO Flushed 1 session updates | [1783968993656][39m
    [35mlocalTime[39m: "02:56:33.656"
    [35mmodule[39m: "session-cache"
[18:56:38.703] [32mINFO[39m: [36mINFO incoming request | [1783968998703][39m
    [35mlocalTime[39m: "02:56:38.703"
    [35mreqId[39m: "req-57"
    [35mreq[39m: {
      "method": "POST",
      "url": "/v1/machines/c656a4e1-31f7-4acd-889d-9c2bfe459890/offline",
      "host": "127.0.0.1:3005",
      "remoteAddress": "127.0.0.1",
      "remotePort": 35544
    }
[18:56:38.704] [32mINFO[39m: [36mINFO Auth check - path: /v1/machines/c656a4e1-31f7-4acd-889d-9c2bfe459890/offline, has bearer header: true | [1783968998704][39m
    [35mlocalTime[39m: "02:56:38.704"
    [35mmodule[39m: "auth-decorator"
[18:56:38.706] [32mINFO[39m: [36mINFO Auth success - user: cmrjkvnea0000ovtv9ou6mcht | [1783968998706][39m
    [35mlocalTime[39m: "02:56:38.706"
    [35mmodule[39m: "auth-decorator"
[18:56:38.708] [32mINFO[39m: [36mINFO request completed | [1783968998708][39m
    [35mlocalTime[39m: "02:56:38.708"
    [35mreqId[39m: "req-57"
    [35mres[39m: {
      "statusCode": 200
    }
    [35mresponseTime[39m: 5.018362999951933
[18:56:38.709] [32mINFO[39m: [36mINFO User disconnected: cmrjkvnea0000ovtv9ou6mcht | [1783968998709][39m
    [35mlocalTime[39m: "02:56:38.709"
    [35mmodule[39m: "websocket"
[18:56:38.710] [32mINFO[39m: [36mINFO User disconnected: cmrjkvnea0000ovtv9ou6mcht | [1783968998710][39m
    [35mlocalTime[39m: "02:56:38.710"
    [35mmodule[39m: "websocket"
[18:56:38.797] [32mINFO[39m: [36mINFO Received SIGTERM signal. Exiting... | [1783968998797][39m
    [35mlocalTime[39m: "02:56:38.797"
[18:56:38.798] [32mINFO[39m: [36mINFO Starting 1 shutdown handlers for: db | [1783968998798][39m
    [35mlocalTime[39m: "02:56:38.798"
[18:56:38.798] [32mINFO[39m: [36mINFO Starting 1 shutdown handlers for: activity-cache | [1783968998798][39m
    [35mlocalTime[39m: "02:56:38.798"
[18:56:38.798] [32mINFO[39m: [36mINFO Starting 2 shutdown handlers for: api | [1783968998798][39m
    [35mlocalTime[39m: "02:56:38.798"
[18:56:38.798] [32mINFO[39m: [36mINFO User disconnected: cmrjkvnea0000ovtv9ou6mcht | [1783968998798][39m
    [35mlocalTime[39m: "02:56:38.798"
    [35mmodule[39m: "websocket"
[18:56:38.798] [32mINFO[39m: [36mINFO Starting 1 shutdown handlers for: keepAlive:database-metrics-updater | [1783968998798][39m
    [35mlocalTime[39m: "02:56:38.798"
[18:56:38.798] [32mINFO[39m: [36mINFO Waiting for keepAlive operation to complete: database-metrics-updater | [1783968998798][39m
    [35mlocalTime[39m: "02:56:38.798"
[18:56:38.798] [32mINFO[39m: [36mINFO Starting 1 shutdown handlers for: keepAlive:session-timeout | [1783968998798][39m
    [35mlocalTime[39m: "02:56:38.798"
[18:56:38.798] [32mINFO[39m: [36mINFO Waiting for keepAlive operation to complete: session-timeout | [1783968998798][39m
    [35mlocalTime[39m: "02:56:38.798"
[18:56:38.798] [32mINFO[39m: [36mINFO Waiting for 6 shutdown handlers to complete... | [1783968998798][39m
    [35mlocalTime[39m: "02:56:38.798"
[18:56:38.813] [33mWARN[39m: [36mWARN
Invalid `db.session.findMany()` invocation in
/home/jc/dev/lyntty/worktrees/three-round-hardening/packages/lyntty-relay/sources/app/presence/timeout.ts:11:47

   8 forever('session-timeout', async () => {
   9     while (true) {
  10         // Find timed out sessions
→ 11         const sessions = await db.session.findMany(
Response from the Engine was empty | [1783968998813][39m
    [35mlocalTime[39m: "02:56:38.813"
    err: {
      "type": "PrismaClientUnknownRequestError",
      "message": "\nInvalid `db.session.findMany()` invocation in\n/home/jc/dev/lyntty/worktrees/three-round-hardening/packages/lyntty-relay/sources/app/presence/timeout.ts:11:47\n\n   8 forever('session-timeout', async () => {\n   9     while (true) {\n  10         // Find timed out sessions\n→ 11         const sessions = await db.session.findMany(\nResponse from the Engine was empty",
      "stack":
          PrismaClientUnknownRequestError:
          Invalid `db.session.findMany()` invocation in
          /home/jc/dev/lyntty/worktrees/three-round-hardening/packages/lyntty-relay/sources/app/presence/timeout.ts:11:47

             8 forever('session-timeout', async () => {
             9     while (true) {
            10         // Find timed out sessions
          → 11         const sessions = await db.session.findMany(
          Response from the Engine was empty
              at ei.handleRequestError (/home/jc/dev/lyntty/worktrees/three-round-hardening/node_modules/@prisma/client/src/runtime/RequestHandler.ts:237:13)
              at ei.handleAndLogRequestError (/home/jc/dev/lyntty/worktrees/three-round-hardening/node_modules/@prisma/client/src/runtime/RequestHandler.ts:174:12)
              at ei.request (/home/jc/dev/lyntty/worktrees/three-round-hardening/node_modules/@prisma/client/src/runtime/RequestHandler.ts:143:12)
              at async a (/home/jc/dev/lyntty/worktrees/three-round-hardening/node_modules/@prisma/client/src/runtime/getPrismaClient.ts:833:24)
              at async <anonymous> (/home/jc/dev/lyntty/worktrees/three-round-hardening/packages/lyntty-relay/sources/app/presence/timeout.ts:11:30)
              at async <anonymous> (/home/jc/dev/lyntty/worktrees/three-round-hardening/packages/lyntty-relay/sources/utils/forever.ts:13:21)
              at async <anonymous> (/home/jc/dev/lyntty/worktrees/three-round-hardening/packages/lyntty-relay/sources/utils/backoff.ts:28:24)
              at async <anonymous> (/home/jc/dev/lyntty/worktrees/three-round-hardening/packages/lyntty-relay/sources/utils/forever.ts:10:9)
      "clientVersion": "6.19.2",
      "name": "PrismaClientUnknownRequestError"
    }
[18:56:38.818] [31mERROR[39m: [36mundefined Error marking machine offline: PrismaClientUnknownRequestError:
Invalid `db.machine.updateMany()` invocation in
/home/jc/dev/lyntty/worktrees/three-round-hardening/packages/lyntty-relay/sources/app/api/socket.ts:266:36

  263 if (hasMachineSocket) {
  264     return;
  265 }
→ 266 db.machine.updateMany(
Engine is not yet connected.
Backtrace [] | [1783968998818][39m
    [35mlocalTime[39m: "02:56:38.818"
    [35mmodule[39m: "websocket"
[18:56:39.096] [32mINFO[39m: [36mINFO All 6 shutdown handlers completed in 298ms | [1783968999096][39m
    [35mlocalTime[39m: "02:56:39.096"

lyntty-relay exited (code 0)
